4000
1000000000000000.0 0.0 0.0 0.0 0.0 0.0 0.0
87.53841862913562 -171.7725476155196 -589.2729278922617 -4.578579059531669 10.011076866955493 -2.918220227700913 -0.047080053879373196
82.09285025022531 -28.02667885991731 364.7542060859361 9.45904379536476 -13.467448468371304 -1.034800550583921 -0.036968357519205464
77.74572305311442 -649.0732619400225 154.03780972801266 5.156814260402143 -2.309632103865104 -9.732158917243396 0.08929566136942521
70.11660914900854 -209.86069535336426 -112.79936701062232 2.466436661005753 7.924061645358108 -14.742539173656679 -0.035841815023192156
68.90123753820991 354.7296258297658 -216.9535898263111 5.431692937516054 6.610278401551199 10.808125304080429 0.041393987402257026
95.77205387482884 -534.3441633400854 758.6219707689337 2.093120502641849 -6.9336863969588824 -4.883822245340706 0.06576580531025492
15.460754593233736 29.785037445829392 -299.84956916393503 4.185361524529421 14.809929122473669 1.471118650304912 -0.016440743188712692
74.27442445160796 126.8120170471059 892.088075269925 4.6409057776880225 -8.520846041138999 1.2112544751791865 0.08802479409243949
68.7243531017686 -617.5524624142838 -95.60457089762802 -7.764227823020038 1.581089057293494 -10.212957722213893 -0.0950743063484407
14.968966552956514 -135.17076422122736 56.82583774404869 -0.3280465327147226 -8.268279464889947 -19.66763181033619 -0.039900300788986744
15.112906045422072 122.59349752630894 -56.53558954904398 -9.923030820801092 9.311428165000342 20.191184965394523 -0.009258991670230504
51.99960938375621 -565.810108389108 -542.079924139965 4.661048033824901 6.384755897773762 -6.664256073103727 0.03436171764728965
76.38569806132993 567.0566499890165 -574.6461223098178 4.660434450273927 6.4719009589497425 6.3864252004194615 0.06372622820480683
82.5016638370154 756.9575417175154 -171.49891436720188 -4.30150291498239 2.0490490485454425 9.044040519840161 -0.048817505162139944
30.06931665954752 182.8159862605537 -259.79804237486746 2.1162649485342673 11.854041162715824 8.341510992635321 0.03306423971220046
69.64832474129207 141.26755226612164 513.1869628658816 -2.9775098642952784 -10.796265691248802 2.9719422709029693 0.04787592670646018
15.012723950797774 -720.257412348383 272.6648718919019 6.120188815104321 -3.2959213766690505 -8.706335310419117 -0.09843482420536478
65.15957057483195 248.68030839689973 -23.62218780385087 7.5705888684181915 1.5457350010433217 16.27257644174143 0.011073079241372949
58.525000396205215 153.26926415104555 280.1372313053989 -0.8397149747048758 -12.683078944980265 6.93919250935811 -0.0033162550721742845
56.95629995315197 -226.46128234991448 850.5849518661365 8.607302283312908 -8.414667844093136 -2.240336448865158 0.02333376708436556
30.420039785935685 67.44678890741605 983.2131006001309 -2.8060806675260235 -8.21012696642239 0.5632011006254702 0.053702164247292766
52.32283058560615 486.604863020198 472.31801235789203 -5.990687758347189 -6.909745539085836 7.1187540885134455 0.037237897167275796
26.410192827421287 44.67373987649069 352.29873704040557 2.370837815992825 -13.600392250664811 1.7246169848027455 0.0717784274545856
95.50598353518428 649.1031438427739 430.0928850535237 -2.0460331460857795 -5.113773674365761 7.717790003706162 0.003013482546485105
57.293160525569434 -88.16520173399782 62.55143880089232 5.600606236888289 -14.37794237282574 -20.26546813503342 -0.07406501460749018
55.397756503595716 -206.8123766253755 51.011093679116975 1.2185298777489884 -4.2390237718505865 -17.18611614843266 0.025284208412953202
20.083798933738194 428.1999246475972 705.2934589577892 6.589844400766239 -7.687956365853926 4.667535611938359 -0.043883926514024396
89.18681788359433 669.3116399036309 379.0969843041581 5.732925220620702 -4.590723024816432 8.105114214303553 0.04160772202263868
61.07247223766872 189.19819168651512 42.56135753140557 -5.911978250125398 -4.071581532971545 18.09941947396774 0.08020592874245389
81.26939517391266 109.37188354287034 25.672155148848187 8.079616510079955 -5.56977866429205 23.729101818623338 0.010920231096664693
1.1842605436795215 -318.58572996183403 45.367451065464756 6.665571378043175 -2.030339702080536 -14.257738551906758 -0.08759590411342369
24.053684159905597 -502.8888009621324 362.94619477314654 -8.845162291454685 -6.0710695824909395 -8.411915999848999 0.007748595892626636
16.163159310903417 176.7660830496944 217.50369298758613 8.275261870415903 -11.975477389978156 9.732516270413093 -0.05829146692413581
22.21109492132282 89.67017778835172 -73.65331063862843 -4.971177271050797 15.222186510166381 18.532448288593145 0.03203548897028968
60.99655306626093 346.3303813311439 -509.4791990472559 5.3087008455365705 8.608126703294126 5.851575116852093 0.0011810169814120836
24.91651905049712 -134.017707237422 270.334908344853 7.704394965672435 -13.325229332574382 -6.605941846350023 -0.06200918946730882
19.269988387577975 -145.8170379443171 662.089391720611 -9.327745314753988 -9.689843873285131 -2.1340688272824067 0.08948962258933693
74.43257643922522 -37.101940167419635 708.6324439260834 8.781082975148337 -9.685023522200753 -0.5070797510341281 0.03340784382343315
62.16729746447253 612.2925265146158 294.8545618066928 3.8243210399892185 -4.299729179518688 8.928781791689257 -0.028853728749054564
23.996199685165912 71.33239815183452 71.79202625405563 -1.523913055983087 -18.217030303662067 18.100400929851858 0.08481922915478338
62.33104278368567 53.21997361017781 -135.021143790906 5.713423001478086 19.950937862435126 7.863867515308432 0.012857720490041594
20.575932637289338 -849.6860497179564 231.7101054911848 9.639138753851512 -2.2903190637382185 -8.398650346889989 -0.024671037514248678
36.92446330991587 -533.835278861943 250.8211210954556 -0.6524402423856834 -4.523600602096828 -9.627807970610997 -0.06364173871850723
61.00945121104999 -785.7825500279022 400.37139649706853 -5.9449128800739315 -3.949437757274958 -7.751301164969007 0.06520430037939806
15.455168658400025 -647.9632074856751 438.0359237345409 -3.5190247812496445 -5.173587560842336 -7.653012477951355 -0.006769207691808998
91.2387957739005 -25.77933976473479 319.47677814566725 -3.501461142497484 -14.383654271655505 -1.1606512144003696 -0.0696506613520983
63.58821542964454 -746.9672325422806 34.07731211297992 -2.3733127655914625 -0.4305649370144319 -9.437889301982493 0.07786677300162181
84.03346852745524 -890.9041089791932 -37.484044091215935 2.6636430317062576 0.3636861531252181 -8.643930932575701 -0.021103217213322895
79.98922769082418 595.2566743658152 -341.85725052169977 -0.2925269686296357 4.910727630337214 8.550771977162734 0.0660209833393885
37.004867985991325 -217.45164997834777 -755.9116783940472 1.6315738237625261 8.852589229243625 -2.5466072155007677 0.07785937591369324
44.67149256026092 -196.24709692164686 796.7720400355196 6.983043528191832 -8.756935194446655 -2.156856696131735 -0.02627434025642253
96.70537075914774 822.010105445681 191.5436985122626 2.272228075079596 -2.0180529256484534 8.660477536414751 -0.015216155494355135
32.50272894369402 -699.2595967038313 -123.65597915689388 -2.2347571592115 1.688225522683463 -9.546711013779065 -0.03375238170604898
85.2914489861651 -177.29624549844345 -603.0906967152321 -9.015387792713467 9.885805611050927 -2.906223273071602 -0.09383364811702576
7.886244937078941 23.891628934862705 -552.1408653094877 2.9496633037993387 10.979147413142215 0.47507752549509424 0.047937834058479345
21.896294240543 846.4965085870728 -484.0946623815041 -4.645407319599144 4.107056304324341 7.181671462928141 -0.07758512231323762
82.99927834727572 -613.3649351443823 -527.3702621809945 -5.613913730492532 5.921993396910502 -6.887652483095157 -0.06522418442465625
6.750630742877135 -259.2713260659916 907.9839830743074 -3.9831490731196695 -8.084121872302859 -2.3083898361448503 0.07315093572778092
39.51129008322244 207.23573152092277 -75.00050599429318 -0.7824241044670437 5.922150148464654 16.363637843819323 0.03569276111963565
73.52380982176945 90.82908106183376 -757.6067029378597 -2.4055490016730063 9.286082541572492 1.1133036978746846 0.042955296383518304
37.2175601266279 -809.9999148392822 21.3881248413153 9.593212089895555 -0.23956374272061257 -9.072633185095185 -0.001316043583212398
17.778343753713152 220.21384659356792 -323.88984856289966 9.356304421111005 10.795276876209927 7.339746696294238 0.047038397906038976
30.574341197275157 -535.9954350729516 -358.4894122010413 -0.701416188502666 5.65602493634115 -8.456605532432045 0.06450470540102324
12.489792266557096 289.2748612360357 564.3681769465762 0.258851740096091 -9.129369955759936 4.679387206792986 0.05789306716844256
86.18715034082216 -517.8280806509035 126.82089158202955 0.012846889849056353 -2.661594232749628 -10.867675000729543 0.0410478326091161
58.874897112222506 378.73977428297445 -239.330014003165 -4.822722839246822 6.520076712061844 10.318022135749862 -0.0708163536608914
6.423431134617132 -81.70645417466201 -324.4404843873917 -9.020901149649204 13.69638607422161 -3.449270960265391 -0.003906318668019201
24.055605967264643 -438.6397212924631 -191.64807093216643 2.5127675259035485 4.727597154418244 -10.820416235397682 -0.039467500324752686
80.31294289334433 -734.5429183066553 -528.2661988059261 -9.032589423424739 5.0146950528264504 -6.972826856700577 0.009253561180634806
56.54907850574667 -348.9059396064544 -407.03752207166406 -9.072764327319021 8.471403139175548 -7.261548903441684 -0.09400064171861006
55.71025265367513 -509.0889197123839 373.4219924379573 -9.021543461217895 -6.081169474678091 -8.29050259798547 0.012436994182379021
64.29545487168264 904.4832308051372 -97.65599856236827 -4.003912296652221 0.9194454186067792 8.515841064687114 0.003238070122665415
47.46909621858005 -226.84246868209271 106.6415001081453 -7.988199193597718 -6.94231399497386 -14.767343326838924 0.09635398000371406
73.25236900763309 -405.24989490081725 330.8125860262907 2.771587191087967 -7.142842997851133 -8.750079339309552 -0.03224419259116544
96.0326345634794 -734.3999598383452 -460.8653653160274 -4.656844288430603 4.663651699113963 -7.431640297336562 -0.07664442603778232
53.58596121191568 -440.30630323214166 600.7675616355576 -1.0243096229155935 -7.635053824692877 -5.595778699130702 0.08705870942896418
22.629476120490576 591.3884184947481 96.51040717422335 -5.4486968378609575 -1.6998347792766422 10.416105695254748 -0.016975904356965457
65.52697721763805 -582.1939767591324 -497.9462935882724 -1.8085974962066924 6.066833780404532 -7.093283212327424 0.03224747437994649
70.23464443530568 95.3661454327344 -752.318197748624 -5.600588173448244 9.307000111365296 1.179783672412916 0.07419627258538872
69.54342951170636 -5.185529807856939 -215.3366631044239 9.901442844084816 17.597664873810423 -0.4237699908425221 0.010629529044277636
91.69250107529133 453.53934515001663 -230.5272160826119 6.979196923110447 5.189799731566574 10.21041424831563 -0.01631550093174483
32.26383430171325 -17.444639092498214 -414.30258295351103 9.262586078355007 12.675557691302407 -0.5337174768367842 0.011335870851785085
12.193427906560139 -122.85818581408938 -216.09541136854415 -2.765893947296054 14.244676411736085 -8.09862222604046 -0.00235432858829554
10.733379456651953 22.411575188750913 157.51532889089663 4.596743352283365 -20.27745149207123 2.8851136708452 0.048717164800468504
25.325394464743948 -122.00724535312455 -39.72301598100946 3.211544708335044 7.0607327321738165 -21.68668540271489 -0.07029311052885041
76.0542081037041 -210.5088414260339 545.403170028102 -1.0683713543884803 -9.968088362690297 -3.847375387191364 -0.09225681684904581
7.668407768909166 -434.34663271025426 191.35704238032568 3.0244868646786767 -4.78093967827293 -10.851887260681227 -0.06602936048994208
26.901854616548498 464.34709506209066 -78.23092812081633 -4.232921535306325 1.977883944970179 11.73991778288092 0.05114498565646447
25.437411902569348 171.18663295713267 206.48032977921193 -6.864042958857032 -12.14390316087142 10.068144967077421 -0.051636197202762406
48.59501686054866 2.7804801673144808 -609.1812368694235 5.046011571377473 10.467014289473298 0.047774494487780816 -0.033393352736168086
76.23174129665566 138.02326947066436 -113.48141176771061 -1.6349742655162576 12.274227736311984 14.928691985794716 -0.08983477482463176
23.0361343862171 775.4593137269276 -9.40780357261855 5.602879989812877 0.11253941183844489 9.276313477193705 0.0011927717617487704
58.75406461139353 -395.4136516014358 608.4840423996748 -5.751451429334978 -8.041525693309918 -5.225657235477474 0.03183951581783212
62.864279685409606 514.6072472081573 -524.4060289629989 8.429894545926185 6.802717257038846 6.675605175826825 -0.014215938980569831
7.826417702859101 -429.0687248467654 -113.66189544510894 -4.049003338693666 3.1400508270484 -11.853555662076236 0.07367351474007064
64.42552127899408 38.794661513439976 -422.0206574307569 7.7913293659866945 12.49669311271753 1.1487707315008806 -0.08945365771960963
49.15765727131791 500.9127262863319 -140.03298314496186 1.6372670443402715 3.049862796885338 10.909680377269433 0.044790576261061865
60.12286928558662 615.2304150148418 96.86673656715297 4.397407096910902 -1.610069880130867 10.226048648486266 -0.06770337704713336
82.41919635337273 -235.21639003533355 -370.9279139638694 -1.6127508205167818 10.41044077427485 -6.601569214443352 -0.05365044335651974
34.38934210836017 673.6236118869982 -598.0748454586168 3.115485911980878 5.714880339114342 6.436783564411876 -0.04048501871126889
92.5580608985388 -96.84376879441228 280.4890887409056 -0.33327504944278985 -14.176247630400216 -4.894597697377728 0.08739279560643964
73.11833226809819 180.35976758383984 -332.1204829123681 4.291378931567332 11.678191614662149 6.34190311585138 0.0032444130782313396
38.02735871814825 -175.41742458499368 358.81902426615954 -1.5462302294637098 -11.613473624311352 -5.677529606544276 0.07942414110350302
53.94590432525713 -560.5317141188958 801.2133687228167 -0.03133297557951842 -6.769559167399138 -4.736007600547497 -0.036364318737094434
30.543277287217393 91.06033137904672 164.17148450766518 3.1211247791965757 -16.48861916320841 9.14567550806641 0.030116101342924056
51.361431551199786 339.2353286801063 -91.58796312481141 7.433366010074131 3.5923025902586314 13.305634368831734 0.07650511464544857
98.74605314000864 21.13988938166474 -789.3638684117028 4.408269800469107 9.190321642353664 0.24612525436741353 0.020436019770258967
73.28375717662784 749.559594940196 587.2556753504011 8.93257624163703 -5.163321956096817 6.590345017352937 -0.06825699741119196
39.76694212975598 -516.7066931342513 -477.17210829324523 -1.6048239043495176 6.608992945423197 -7.156560139258157 -0.06236735956668267
42.43406372539178 -521.7535442163563 155.17169586005542 -4.522244434383795 -3.156538680861185 -10.61363179068859 0.01341211305518046
84.60823153783454 41.12248064025984 135.39054994039375 -3.225157102323797 -20.78098657932187 6.311856467603456 -0.02223749362416945
64.44037561139994 -502.47394669543974 -277.4241076799984 -4.228259313281633 5.2120750132297475 -9.440174194922918 -0.05264110444351003
4.881828706374674 266.07479342140965 337.40840404983726 6.544588965295123 -9.786198345423317 7.717237246867284 -0.03414817609860259
19.379376832194207 571.7417056116251 -102.08264202836057 4.679199168573893 1.8842277176698359 10.55313173381581 0.09375149081705597
34.34503144270413 132.2676870743776 -586.4765571149192 -1.3192268176552204 10.278217503667431 2.3180398942887113 0.05132777041457173
98.61052376876516 -734.8921004224528 483.6510487687221 7.985635082909003 -4.788347920615776 -7.27573954381629 0.09004712620028252
77.70667619925769 670.904117650475 -542.8355002421933 -6.412339329484964 5.531576357837907 6.8366150591029635 -0.00958725972243546
57.421673559980555 370.94087724619806 147.59029669580354 5.662380123079931 -4.780080816476235 12.013847868508504 0.05599452796425469
30.279393662164292 358.4318711529484 -37.08086799409025 -1.1694121557731734 1.400474833445655 13.537299481083938 0.0010956667396826436
79.06585975715603 572.0812406943759 6.321000672950907 9.709360764371308 -0.11933349914951892 10.800260873566316 -0.06893721561445379
85.81330565624681 53.15812148254892 -559.8687834674575 -8.137519426656779 10.845173682964552 1.0297217440269766 -0.08185056191542589
76.74642577532302 -942.3113472422075 -268.0915463663054 -4.315474268439181 2.258615799490651 -7.938778099375627 0.028289979515125296
82.47422097985226 -632.0154954931861 663.2892888674544 -1.4277636580797797 -6.1791760778892515 -5.8878306888915 -0.06425069154069465
39.09360091387797 -167.13719665899293 186.11062374816603 -8.941629486243375 -12.15315295283449 -10.914174990103085 -0.06234820202097627
44.43631360248498 -218.19631180201233 -78.06073390309535 -5.764295079653823 5.716575219568367 -15.979040507062614 0.021759884075593566
96.48620090112868 193.4794054507769 -842.4540796279429 -2.9435641279719826 8.564214051151128 1.9668716465848184 -0.000615816961055643
35.63708323166409 -197.91349972992393 -282.74525097472804 -5.516213330522824 11.392639381538327 -7.974518133861558 -0.0388041138461394
74.62724255987008 -213.19888578330006 -430.92729676638874 5.088273011406958 10.560475767691386 -5.224736710596222 -0.0281138381611558
19.787402229514715 396.48479404144285 -2.844405099728121 -5.879965241274785 0.09307600688307381 12.973968237774143 0.07305976819306148
96.15655564559862 -349.4498128795407 440.03380807146056 -8.539690795919865 -8.534667842927908 -6.777747586648725 -0.05532861253050739
79.89820962757477 -500.9622685166471 -237.45877321447742 1.246434563050915 4.699658630721448 -9.914780646043175 -0.01890868292754999
48.128190685134264 -211.42728342088367 -491.3780607328633 9.555327230251415 10.26050834300361 -4.414831631357528 0.0031255261815373164
76.1218682780471 -184.96880577704258 155.75408461745627 7.524908955160939 -10.701063028526091 -12.708256440226254 -0.04586128253661068
57.146119309932295 527.8650675600388 84.28669949032869 -2.986755707536817 -1.761882914053992 11.03420170778788 0.013931103535934672
74.06163028860722 -57.33045083926728 -542.4641465517336 -7.247928758149502 11.000170414054196 -1.1625555958956881 -0.01605572957910653
34.253021543338235 207.07905081282135 -62.54575758934437 7.993225077605281 5.078788692214905 16.815061199961036 -0.07441394993035105
52.163669411092805 809.5948167851595 -15.366894876224316 9.981861365645639 0.17229396871173075 9.077195175466331 -0.035127005759146915
97.87976517276384 -219.20441897088654 538.4295976013556 0.9617351616343086 -9.92397573495681 -4.040229854661518 -0.0691247630017406
77.38770252995742 191.04579253705225 914.2864776930853 1.7613718497148145 -8.274496925402115 1.729007112680394 -0.025011920480434796
37.62474169305985 -423.86720707678137 269.8311951338701 4.850669017004156 -6.1892031547909205 -9.722375702151474 0.0812279669927912
13.86883980892034 171.81752186130558 -271.94415900498257 2.552624651316883 12.177450648805388 7.69385671206034 -0.056213572896265634
99.11204619635977 447.2240207839512 -312.6822350695391 1.8989288670315005 6.3370183814531815 9.063728355737943 0.01908243753880419
21.788837132716058 -60.564859476662484 -349.7190445190791 7.545156512226729 13.511945586546911 -2.3400186479146066 0.014304485229085825
23.94098579608351 -33.26644468413796 -107.1848935301065 -4.480008691965502 23.290625293775488 -7.228596050027692 -0.09423960044886542
96.67105444944895 978.3949286267193 80.194840163538 5.913842417193571 -0.673592124357868 8.217974087742869 -0.07209445330653382
59.47031504286427 -119.6614525322652 -157.79839655550668 -3.827321051072765 14.62788115363208 -11.092593743164233 -0.058636311883982085
47.9581521292766 39.60988305541319 -403.3803817677905 -0.05885279087016926 12.770851188129237 1.25403203760931 0.03752991483134946
7.839802423343856 -321.2803895005685 -493.0713494840688 -4.795276526472896 8.922472590948356 -5.81379443832531 -0.04356182872037922
54.74146613107152 704.2591699452174 451.05800843640816 -8.735427967676241 -4.8180917144965605 7.52272481167943 -0.028801262485842652
17.430615065123224 124.2936605466285 -14.486911322651862 -7.715654690896294 2.6736842942510175 22.939465885931554 0.0481483177447041
11.630483355185566 255.5489529984167 807.7084296383852 -0.1231599018843319 -8.462547043804408 2.677445173764333 0.058692443918234
17.008060660196122 -757.9798434366911 5.306023809730652 -4.5117112872195175 -0.06568551512704418 -9.383353384270384 0.07214218345994694
54.93365570598987 -300.0022177037158 729.4756506872524 -2.4866502814207276 -8.507454466745541 -3.498753117574958 -0.026414090379842145
47.46980239706674 -278.0744470829279 295.8598898776833 -3.8078246161145435 -9.342336355794274 -8.780727315467663 0.07431118944024523
9.433997398111494 -121.81986502048349 -131.8336338635612 -1.164183799664407 14.162275784171328 -13.086543045579138 -0.04102250717893821
42.0170055465785 310.19118868264025 -421.07469114622705 -3.829409704993849 9.095304524878829 6.700196856578611 0.03880833394728089
80.19518927576989 -264.24240303477063 2.795122895393477 2.1786347198727043 -0.1680983926728813 -15.89150992228973 0.08144272090197599
30.96920586089602 -250.28760778630385 -772.3085388592207 9.376862643570966 8.62537641823252 -2.795288050504559 0.09043970222228204
53.11268509696181 259.32783806805963 -938.4185005312411 2.8576393742535 7.980577712423005 2.2053976594932867 0.0004640612195393051
92.72261737003831 -790.1026258696595 13.775678405203593 2.437339076580443 -0.16021072985782991 -9.188870023660755 -0.04830348250904959
50.53317167777739 -73.1893775943151 731.9375127729469 -9.102539267531922 -9.478185714087154 -0.947761934634658 0.00552575170393492
33.11740902353715 252.59979240760552 -792.9062269496959 9.175302311105 8.53309523875117 2.7184274919808646 -0.07061893033381701
60.533576940588446 494.4205929810096 759.0356444208172 -0.3026045687763297 -7.192363443256654 4.684961272488514 -0.09855865575304262
34.33420753852762 457.92518330318137 -136.3628765094719 -0.5905425884281996 3.373132575558425 11.32744037458928 -0.012292790789886543
86.68516287678895 -155.57838522577435 -561.3650555970243 9.050291932162821 10.315170222156622 -2.8587770301900255 -0.09557701866976076
11.153268603465385 300.05492871464463 902.4195406374653 -1.2387427789619885 -7.949560204668992 2.6432325687891924 0.010287137862056789
13.333498154265321 518.6380271126395 19.639225693621995 7.1993543298071785 -0.42910539047629764 11.331932155161338 -0.058115429823931725
55.48331081733875 -134.80460680351817 -141.04965917450792 -4.533038373669904 13.370909410374713 -12.778904934757794 0.0814122641418969
60.878631206243206 550.8284014746275 376.87902569910995 -3.724108976816847 -5.646844218340178 8.253158074781949 -0.0542676401490158
92.43429154421656 23.222987896569236 129.81432761313354 -3.421118731975734 -22.145261971825175 3.961651692798357 0.008538746913213768
76.22577012501027 42.53521136742338 349.95054769639654 2.5969569464195246 -13.659118732810388 1.6602160111401492 -0.04269933328050626
16.912240720909757 -676.7681252108716 587.4495761812196 -8.837149827422206 -5.657067096636102 -6.517193727622131 -0.010300686032843925
37.14491373723441 -296.4924314579918 -173.41114310897865 2.6544628145632476 7.037620030396511 -12.03268162057165 -0.028241017073366598
39.024059017228694 703.6976305484756 366.46420175099576 1.5552413048868985 -4.23637768988616 8.134843535159066 -0.05528480454579883
5.891522161979509 57.78732270088795 -553.4500377771469 -9.904748322917015 10.89260718317867 1.137328689824416 -0.06061726984077245
11.158768426072392 -848.8534343894563 -526.5408508939182 -7.645597694442294 4.308768390179616 -6.946304051781108 -0.08382246001629659
97.42497846379608 -554.8432100274131 -171.9503096419058 -8.453100622366172 3.1730706253292786 -10.23875266678976 -0.04318596545796392
53.30944959428809 -22.826360219336213 -700.270156511544 -2.7207206715199295 9.754929779290904 -0.31797662514374675 0.04333312399615577
46.47261928075997 -221.37916989404042 -333.0294619584616 0.8709295475081547 10.758799400073396 -7.151841960882802 -0.024873778694774848
57.637980922795904 57.35833170940768 83.10041281014888 1.0744094109196194 -21.158975521529378 14.604542812173607 0.04194858969979448
40.99635998449947 -182.4992699311681 -60.830052356126146 -0.4814893478240716 5.889989082862356 -17.67084961939337 0.018147215631380997
68.09947879388167 145.60500213165773 -435.2542925013743 -5.080392734565347 11.436135353954658 3.8257141658981726 0.002891345741439233
82.26422627491685 88.17459973264373 327.2191231265132 -5.1776825417790455 -13.550379921317422 3.6513737778261484 -0.09989673567863958
32.0446687683717 559.4371534510683 59.987403708135346 4.995377389758957 -1.161213935199004 10.82937714084371 -0.06800795869874383
9.33895181617538 358.7668428950778 -615.7247208074746 -1.1055619073855425 8.361810398075315 4.872210284931436 0.0020895710861170286
43.526017210207776 333.6522177129304 -727.1045008349452 9.585172651857317 8.30160935318477 3.8094254238501377 -0.0063678586296644635
30.615017761601713 321.32679089099014 -261.5231582003232 4.714014800256498 8.01196671119177 9.844097821963018 -0.04887552153956068
45.99581152687675 783.5975840432085 148.78379786290964 8.314433547053135 -1.7064077533778987 8.987114270140943 -0.04940218822831051
22.164228351226384 -20.344680606625666 123.13063959513178 -9.806749037652114 -22.816377401965852 -3.769913909076937 0.059340612192000014
42.193536176115984 125.92890974391509 -210.76802236873476 -1.7284361129876995 14.153729710934643 8.456518836571163 0.09585963941666487
45.3102831441096 386.16539952259274 -887.08241709835 4.786957922600587 7.615464521449847 3.3151698678633195 0.03525309796386747
48.56945593952907 -782.534928918223 -455.9471559260254 6.552856589182991 4.321735666509833 -7.4173269174735585 -0.016572568687931916
94.08352302977043 875.7952748006319 265.90029279623593 -6.272557024096541 -2.4808321782742 8.171112097912891 0.09843181920323982
3.33984892723338 -5.34058139663499 -246.2590609438117 -0.5333281357476736 16.457110893379607 -0.3569027671213118 0.08096533101296813
81.10779592281305 746.8584861681629 254.83156568536646 -6.334721936356226 -2.9698035733825976 8.703878560208901 0.07616200540394982
69.73956045496578 811.7024246358292 -247.00228052627776 4.984625477639206 2.5820392364049964 8.485134243413636 0.02249153040581639
14.894291828530923 647.9426970361103 -536.5898915849303 6.154984758070302 5.681088455224623 6.860024449782851 -0.04271312019061779
76.53416203065365 -36.817830765290964 131.87932116326223 -0.004388217409916351 -21.265148952758494 -5.936765888960839 0.0411961050665883
36.549368697786605 485.37280963507106 548.2112204924659 7.831469116892208 -7.148301699677791 6.328931532949983 -0.022632406754828957
10.737485192171613 -877.3002089659856 248.20734590238962 -0.6582568161936315 -2.3292378234174334 -8.23279754991296 0.06609362793061663
22.87477128820127 -15.905598864552564 912.4010553908236 -8.111528640857895 -8.550883732591947 -0.14906485013849244 0.06849305789323656
74.2302706340177 276.1581109031905 416.35311710123074 0.3609129269302649 -9.631945017011793 6.38866296652379 0.040141004036664374
48.74977967238774 607.1222917347451 -505.940559988595 9.557225984038336 5.883215866080729 7.059784847978312 -0.007898726431356987
3.432283592533074 -560.0746290614924 -60.22014502195162 -1.888020267840547 1.163675208771966 -10.82270659865461 -0.01878929004758527
75.69144889559773 803.9269429542067 -455.6157437282978 -0.31499368024501706 4.1903696706426405 7.393842564792244 -0.009922691696592989
88.52290971194645 114.8692279928484 -335.2512657640201 -6.992032633287899 12.982587853874977 4.448304887754427 0.08186877216822688
15.697476827339043 135.83881701023637 22.875899681836014 4.519694294330765 -3.6554115402757805 21.70610932128267 -0.07148669462244062
95.99344267268258 -950.4883751237007 149.60195396486392 -8.02143667097031 -1.2949384180005505 -8.227325113010723 0.05088008708120348
80.14205464027754 -342.51223234146846 578.9474817179178 7.47806093573865 -8.572980285896215 -5.071877343396753 0.018069192049130517
60.83143612065463 317.94015387407023 -295.68231041350526 3.101670352675878 8.443461938592504 9.07905374600097 0.0170514392344409
52.42684966264075 173.60607604898397 583.0564381259236 8.13254337401306 -10.038747475070014 2.989054650001409 -0.029875290438065236
17.927029523674534 -207.598423776815 565.2571111826599 -5.538185717139983 -9.882495653546272 -3.629482018129747 -0.09446242181530039
27.300496588222344 439.60097657472966 -672.7921629426802 0.5953473182011599 7.628878056951675 4.984692790321941 -0.031999972597860624
23.70869376735954 -44.6319137340561 248.68713887179436 -1.6559232437878695 -15.997433042156413 -2.871061425785874 0.05858116686228551
4.239137845181896 182.4137378101403 260.1303068874903 -5.734565185906626 -11.866922794393725 8.32155917982279 -0.016887689902083253
15.106586301361295 183.4477732901464 -434.5480875573499 -3.4381304556514136 10.958849642578038 4.626361551958588 0.07510148574882078
27.806560964123182 28.62633291527748 318.2132740268796 0.30939896169148007 -14.395221605819472 1.2949881092721944 0.062228760186423565
57.179679871608094 -624.0075933143689 319.1745427580784 -4.20835269280375 -4.4437433607294325 -8.687815688161725 0.02438118508204186
59.224419712710265 -350.57362967078706 -641.6026627383369 5.285170014304214 8.384442805221733 -4.581284832030773 -0.02789993158727018
72.51125915774642 154.02314073050238 -228.00115526968577 9.637813635910025 12.905803992553059 8.718343826960288 0.09435533516869832
47.573717414136866 -340.7757440185809 -711.5625707711653 -1.8934701977767752 8.295411185393553 -3.9727706806990746 0.0142582216075057
32.145543697293235 -157.8158525323288 18.31931038090416 -4.487337337798056 -2.3633409573535338 -20.35953648113853 -0.005067742228806751
32.927718452858244 -294.8733180688613 159.72628477665378 -1.6390360910254955 -6.7192793887886735 -12.404572053837857 0.03565808939016435
71.34900493362747 411.79939859006447 -79.86503901752319 -6.438786258362179 2.401620296954745 12.38321305659993 -0.04244007248493507
76.86160498753857 186.5060854008804 -861.9713115646714 -4.944316777596622 8.502634054974047 1.8397282739153504 -0.017591645225959657
15.760005359526373 -205.57329882718133 48.805817908951056 -7.415520095927821 -4.10547948318197 -17.29254824085721 0.05900522607335984
83.95632403079203 245.39864058656894 154.67054310145625 -9.913090135886806 -8.088074817769469 12.832453584527444 0.019353429323278215
75.36410399606861 -375.300400290545 -647.8165300708774 1.147586764749997 8.169839049284434 -4.733043575115793 -0.03469135417091965
27.15006862362447 -249.82661518158343 -769.5242705236233 2.9668695839247015 8.638785026371771 -2.8045878539363787 -0.06103474746229856
15.076495620939987 -425.729695828496 817.0054892635651 -9.863706711821179 -7.548234726464505 -3.933275499821214 -0.07715112130726287
88.24918857297655 464.95248153966014 699.5066655104691 1.1928270025373084 -7.423802242921487 4.934499477266783 0.02325737795286935
54.02020986455476 -120.29560029721814 -166.86996088119253 6.375630197927187 14.611601979738884 -10.533420288317554 0.09964444514901225
25.61827458853299 -986.5117540399787 122.81092737920335 6.608329420403891 -1.0122254274298068 -8.130972570660214 0.001002661133560484
57.027346050484375 -57.86340369669924 -384.50568508047314 -3.804620564338581 12.955593256275597 -1.9496583582664424 0.006112628225425243
47.9807848061437 -628.3343208367506 -167.46429109604242 -4.263867775357184 2.6090753980869 -9.789380216756847 -0.044209814116646685
63.21237211800425 662.8938453808951 264.4562964042283 0.4809662143307847 -3.5833126563102358 8.982035739896808 -0.03907052299582084
30.200560590345262 -202.64236565178658 33.414705056737475 2.0556064148451654 -2.9329653091945365 -17.786870409917505 0.018969913993756388
41.59788529860362 -227.0745070272431 288.5905706100492 6.50749401838431 -10.595054341708394 -8.336608976809407 0.07780587965474123
48.15960340778621 -11.655398526251979 -275.84059545838073 -8.533172495165468 15.534337782993175 -0.6563895984973594 -0.031819884879453156
27.96205838508859 -14.107386560220263 -221.12249554773857 -6.069750201696264 17.32061486210079 -1.1050373175062107 0.012019700778855807
91.26817135173465 519.6696353650982 -89.16597949403642 -2.968488669390834 1.9026553594612863 11.088895366677669 -0.06863912269868822
91.3481363228004 161.40555570324184 -879.6404380041607 -7.576968603867876 8.496973006488052 1.559112781376204 0.06744343946826459
21.187417634426158 -93.63999905197045 130.52914215684535 -7.951584806074095 -16.56212121883406 -11.881461791625728 0.004423132455487311
1.5868040193335005 148.406317221109 -388.6168317420124 -0.7135461176774598 11.833153956894131 4.518885072427506 0.07472212380446161
11.312750675125312 -350.015930173287 -134.2649448576495 8.47615560381708 4.778808719321786 -12.457899422570927 -0.010740047962757696
6.4739924741227926 -725.0349555683308 104.91441824680409 5.419027865596643 -1.3669411837451215 -9.446558032564377 -0.0840286569319902
8.787613148184576 111.12885456795223 946.7321713741588 -0.5634362138903182 -8.310592975722795 0.9755099764192424 0.09822640133967112
24.906885739393797 -877.9610588347169 375.8359664734346 7.068576722634273 -3.2898847270618607 -7.6852428614480575 0.0624398657130161
3.750328064169976 757.6420666744109 -433.0340975019078 -5.160540778852514 4.3396569848268856 7.592720078186911 -0.014172516665935136
92.58069021411718 96.09087634875141 291.0682688544575 -7.829206705273601 -14.012337769565928 4.625917559723991 -0.058906523649363864
45.590426766688296 -656.0863386851238 49.39363084874848 5.384473393235581 -0.7561211563287453 -10.043415568642251 -0.008523176347033451
75.9762806324809 -332.004795857399 -54.91883532913926 5.54441572349746 2.2983433021711015 -13.894340516771047 -0.030824699629275656
80.58365908657989 195.72349714712956 -273.8922172861892 0.5908094356151832 11.456166311994034 8.186581410379015 0.07388193313998112
98.73738901837338 -739.9416208162727 -126.04152941958885 -3.0168648989862596 1.5834481760580377 -9.295818729480292 -0.03160885389834629
6.063869576748148 671.01390844418 141.19938283924432 4.2654298423335835 -2.031542057758513 9.654383389885412 -0.07593432752919327
95.68398696016544 171.95328799087318 187.1486354971444 5.943641339173112 -11.933084870215051 10.964189901020838 0.016607906188312066
81.05350881072258 37.243598993037764 229.58033385500298 -6.8384622492061675 -16.721468908083583 2.712635146617297 0.09600947667101034
74.72971220042587 -564.7019689220397 -309.5475808032537 1.2783817897782956 4.893543481449942 -8.927201536544358 0.027297939627192014
47.31514139748627 378.54619989324 141.4957124250396 8.16370529723654 -4.499560334198579 12.037760272090111 0.025977991759417896
62.48814390982841 -190.9503006354745 741.8653163541029 -8.56725635165647 -9.039529514581355 -2.326703837423587 -0.009928627923977112
67.03157178785587 189.30317077324938 -104.97717218932073 9.871529625629158 8.515782063062124 15.356334263265834 0.08383107871239034
63.63361549699929 791.0548212100834 456.43996994842695 5.626628853008233 -4.272390273249022 7.404467501228204 0.02375841217923305
32.563089289835645 -306.42575204306644 163.54642075973956 0.003397880598745573 -6.527007955464586 -12.22920875952711 -0.08513509284279358
35.402533551748085 540.656191166317 -717.2002009623964 -1.30566305633144 6.883592920374765 5.18914680290835 -0.03481265778722065
56.16864621144039 -74.05691215766073 -848.4235920339984 2.199421431831855 8.819098405376248 -0.7697984851540324 0.019436394909342708
1.7639465383795465 -387.0548256728907 205.83947531360445 -2.814019363936753 -5.793595044387456 -10.89411502098063 0.047638046023408515
46.48727612693762 555.3851239310961 -159.11574199153404 3.8798404126480186 2.960261601897848 10.332637337203112 0.07105739312270806
60.98863086083089 -587.7648673670594 -522.1126165110281 7.221821688570817 6.119124131051187 -6.888564017709205 0.09500188996358913
66.8582657238801 -350.9194222932026 -275.85792450975293 5.9296299733210756 7.557055274851993 -9.613345260977278 -0.06100579864674025
87.7615469721583 -665.5040623809081 401.0378946072719 9.991080405606198 -4.783632384471265 -7.938219374306409 -0.06594228231424126
35.91847574434025 -380.88163937041276 189.41647499940262 6.577784521026235 -5.577668613546921 -11.215664135864362 0.04129242146881307
75.52500307722481 595.1180892721793 662.2645513536621 -6.379295217681406 -6.439885198370505 5.786950496675186 -0.0210688816400513
63.684838863542026 -78.21756605725376 -479.7643940754753 4.308495274728175 11.564964462967586 -1.8854741681594085 0.08993695383037234
76.18950876778095 97.87093765996173 937.3624114100709 1.2301234522249622 -8.369844974757502 0.8739038026026338 0.07266887588615153
28.008977531611034 -19.63541967818368 392.9615482197774 -1.845423694142383 -13.008151730183371 -0.6499885793324207 0.05476754116678115
40.094130693276966 -575.9596456309176 167.30643331799888 5.415523108297762 -2.9426675390142245 -10.130260500854895 -0.06062425751096637
57.89803205810544 -751.0294844261703 131.83471992976524 8.771286003178517 -1.6175659847775024 -9.214869559551248 -0.031401888680295684
30.844113730078863 -232.77901063607578 232.8689142577978 -9.60054765151564 -10.069324962673617 -10.06543750184474 0.019039069515528473
22.638959086294605 258.77547917193925 -180.9202483046494 -9.83742520336548 8.330649173952969 11.91556916378386 0.040804362284994816
39.89067007880865 925.8957578599947 -14.649209384812604 -4.836743617773934 0.13430506179973944 8.488682475139182 -0.034806257269869884
83.82316827866994 418.69960489396976 -497.8191620596902 -4.713324852701664 7.752050353537004 6.519998962504625 -0.038943649263307116
93.77579192876416 -413.238849012219 -57.69092543519965 -5.927082302651914 1.748724570917423 -12.526076215175237 -0.07482692789767467
59.00696069537778 885.6042974702171 85.18694484542648 4.984770996670612 -0.8293090493322561 8.621504848568554 -0.02474709366902203
93.38044321294906 -514.866611134945 -524.7177894969374 -8.29038059740282 6.801148672891472 -6.673462267009718 -0.03249620528701787
15.517243959236641 586.707379038634 -554.3600427905924 2.084288288944176 6.245089489742892 6.609495280259314 0.0981609095913624
65.09638677766395 -850.3401987444828 194.35333789125238 -1.208354983610981 -1.949036020280717 -8.52747729896465 -0.046700094361031536
53.99110886864201 -210.9851609524555 95.10753836562445 -0.020161481422341865 -6.978888663074573 -15.481863721333085 -0.06998911695295547
51.0523592277433 -187.45547003953536 -82.41849474051362 -2.213676897631631 7.266337224346864 -16.526808262443957 0.0485034439687671
84.09183648628365 246.5753216811688 -389.6225158843909 -4.824094179225973 10.166387484215727 6.433869096517294 0.08097248931042811
63.53020840221689 -635.1448135633558 -275.0112485548172 -1.4633424191518518 3.9018844429827997 -9.011492002990138 0.05753076998697515
28.74057555221338 -483.5954652684526 173.81255866828315 -5.366929439718082 -3.85467777741114 -10.724798642339195 0.02333355065369573
23.358543117090996 155.81410874896906 -15.234474639566976 -0.28722640732167015 2.0091908425596987 20.549463492948394 -0.0002194225684643697
22.606868467177947 -234.29439340033582 255.6605949958226 -9.808128618119355 -10.22788986360194 -9.373119277130742 -0.0838100951170414
29.97657792709556 -108.33485950670504 -542.9880166721839 3.1365694781403946 10.766964642380144 -2.148182954376547 0.02891904712931953
17.613419295755495 -217.20060112771174 -183.89662882361384 1.9999939849396142 9.895476402196708 -11.68756293549968 -0.09485590480569811
76.06671564953314 78.56130377449405 604.265903904594 -8.872801908633628 -10.37837127616547 1.3493039624490393 -0.021702580291066864
40.05748338878545 491.6915921290351 -429.5824179235142 -8.995933216364547 6.65214305558023 7.6139121937963115 0.09956876934871406
32.93547753338741 -768.0269861241075 45.82881260082516 -1.2931101564740644 -0.554777759204133 -9.297301548732781 -0.05652998087649097
54.2196928221726 89.83035231988138 126.84673963757244 0.6381385382535676 -16.910834289995883 11.975918392809024 -0.046333165996702765
71.5530660280975 335.2379846090442 242.13357303232732 -2.078951251319518 -7.438505660071791 10.298735589436435 0.0998149021076333
52.537485396102284 -174.4428072355556 -39.9650613228044 9.936577584884397 4.312618827406453 -18.824075577244766 0.08887398827258791
6.971317958934485 543.9765433249719 434.19473190720095 -8.648634151122586 -6.108863351443504 7.6534285779245055 -0.047336328598854754
81.1566954147955 -299.479284613437 -144.5800669980493 5.7469595157556235 6.15914948344897 -12.757897540297893 0.05639318699823101
39.32372152121335 361.80760845136194 613.5966705403899 5.101520153998088 -8.338144201299169 4.9165912353105945 -0.028896540600391263
5.634976916728164 25.81221061005546 -484.42407500298924 -3.211564619116576 11.712956215907042 0.6241169840897878 0.012078464703775868
12.041302071485465 -656.6791492886457 -559.6469193492973 9.496413272769285 5.7049011770671525 -6.694023539141555 -0.07981560542220267
36.347780907409366 -152.64173367735594 397.0072228390559 4.545892752598164 -11.692212958863866 -4.495433719827667 0.011805311661994763
17.50773922395672 -286.3238504278141 -598.736772588443 -9.789788570091783 9.046981654086439 -4.326386386373462 0.05181658692693994
95.22908800266939 -623.3030871591952 -171.11983063439456 5.424532866446308 2.690206757874276 -9.799064030528156 -0.07803822846083008
51.71273334676894 -27.714037208837848 -207.24758264226872 9.492726171896223 17.70863102736306 -2.3680742277079028 -0.00549736190129986
16.664121209928986 -250.63544752112276 695.8606073615684 9.402284642202389 -8.937390503794134 -3.2190741146891217 -0.009225825193597534
8.943054533203881 595.5201536927267 -115.85056651614366 -9.779579785062511 2.0028899860143103 10.295688559577783 0.06769247972515333
75.84422064115657 -899.4160604038432 -415.20103240311323 -3.5265056719265253 3.440299718142215 -7.452440089541362 -0.005215772928003792
50.59759776366442 -894.9515913387058 -319.66234412852316 -2.9300986582062887 2.8189306628914585 -7.8920977993387496 -0.08281077659374372
98.57475448290337 -568.3774502655258 625.953490122226 3.648275654380903 -6.577703682839529 -5.972677693872231 -0.09639479158777742
49.28252361825114 -46.07233779075211 484.4707514972194 -6.078299910200309 -11.658336976530322 -1.1086878570092655 -0.09032465871710023
59.51523469104783 84.17997095578215 -59.015140583190274 -1.9649006102871844 14.626459404292232 20.863373630426537 0.026631584192835123
8.540673689197543 748.6528117765145 54.56886588033975 9.780164662344877 -0.6854900712424506 9.404521442792879 -0.07703791444920403
66.66441503053407 -173.85461196379492 628.8337642948748 -9.651460662644517 -9.748630898266505 -2.6952185748118205 0.00622658256748132
36.07305444154098 -335.6436065566418 -102.75608086334714 -4.837274303613555 4.036561160577954 -13.18506831556398 -0.033194953392782334
88.38882950959888 -39.79921339507108 -153.59969992400949 -2.0462341294397035 19.85373618903452 -5.144300956758043 -0.04182910108994849
17.443537251667312 861.94878298878 8.416397813854475 -3.0237463781313973 -0.08591636052254117 8.798954615634342 0.08887722449203259
33.388700933000244 527.8073209054152 -171.64912066298263 -5.4134135232538245 3.391445880855297 10.428424902242877 0.06713281314835631
5.682555306810622 -395.93366570089944 85.34317929570079 8.192656118708491 -2.704865079719874 -12.548713969621177 0.09690524474810511
59.61163919889746 83.732862959735 -929.5501332972125 3.1875777545050354 8.422366788630985 0.7586776214076161 -0.025685581753446998
98.82589387108935 161.6666566862813 114.17003547824828 -9.671157039254215 -10.59332495413886 15.000323170200524 -0.0633550520901345
61.62102017777858 -371.7680577093947 13.263355208534685 4.91219762100577 -0.47756648123657297 -13.386052048292056 -0.08155487861973432
2.406615636425034 674.2740214563158 43.85764787514545 0.2954957039136481 -0.6450871916468166 9.91766672348517 -0.08714691499186643
73.41896071739723 89.28385861319366 956.3898153402304 -4.706455678386357 -8.299634654042217 0.7748131516112526 -0.09286228300536022
99.71472827185445 640.7898516752448 -351.5962890105354 -2.782082370850545 4.5967403607871455 8.37763271696575 0.045641548935565296
9.551246768086415 -171.70718891419574 64.75219983888857 5.896039958993754 -6.729224540233635 -17.844277603708534 0.0034838488771502946
52.1506656170041 -578.4992756493764 -239.47183574194574 3.1771071613904827 3.9489893704563737 -9.539691727330545 0.052018474827447064
97.44391543686397 -339.32379517279884 -48.65692163788209 4.19421959805517 1.9805989458355406 -13.812307240023198 0.030238595252062933
61.82377985879073 -808.0624283050491 567.3476759298902 9.315403613505985 -4.7244294916270215 -6.72891443699486 0.07224332459850119
14.315195449619718 -215.21414227211537 -683.0655246928202 0.3133134025806257 9.207537027994041 -2.901027957471016 0.02913769375081665
47.106342306903365 174.59352830179955 -126.8653665474536 -9.143196537379769 10.337422379612091 14.226475640436998 -0.07229222227832038
95.54572243802102 -353.9506380804375 -337.1917283280982 4.670471335386887 8.059526713073051 -8.460096684052687 -0.09659214193311463
81.53788418195172 -125.32917995394995 18.686015610496582 0.13396272027920375 -3.384386669084366 -22.69945689466068 -0.030228793149279107
27.45578749311932 -660.1087206176744 -46.88291441721465 -8.015798540893442 0.7114679879481424 -10.017428078499163 -0.04779193094211587
67.7508698678046 -521.9595633929382 330.2709452447779 -6.577669298403411 -5.558206349172877 -8.784178569240959 0.06592798259935048
62.01221608871704 -580.054989687317 -431.2150242678659 0.23742736189874591 5.733080201276548 -7.7119339305818455 -0.039231308007958425
35.21983558719671 177.03139862984656 -48.07070528449973 7.90959837546691 4.998454666611625 18.407955851304468 -0.023206514413947638
64.6485591883768 622.1720637216084 -53.82355340703505 9.249086364879343 0.8910065682655584 10.299568874150784 -0.07589491043522234
16.314020505492223 -914.8405751958372 -45.61621658399937 3.702435843081025 0.4251039815058401 -8.525528859735754 -0.07768579474342059
79.8700366697654 528.698139508292 -44.18206707130595 -7.508442471503121 0.9340506692334084 11.17717851980938 -0.013993486875438402
84.02308482521917 75.30934425178688 -85.87477210385971 3.2912152254762113 18.174441859456127 15.938386385730501 0.05157181197207633
81.28001176763335 -239.6907749451311 -531.6309539138751 4.287442754955004 9.752687222147609 -4.397090013033246 -0.08813011577256652
60.54984944655983 -98.4176439850641 -613.4953293296426 -1.6029082544941513 10.23342155620984 -1.6416575503005673 -0.0825407105641569
13.603944113595817 -658.7932164971486 -228.71709808354447 -9.757913893291754 3.208557949424024 -9.241881037885678 0.017927257398124022
60.97662353010013 -77.95062368833985 819.2245263918246 -3.1254339809480536 -8.96531660443346 -0.8530653054993685 0.057684933426596835
13.428550301944101 -221.39748114322498 -187.55043234472785 -4.136166933358075 9.803198026592087 -11.572371884733398 0.09899212577225217
36.60543300104253 -25.471951755748794 -209.375672306453 -6.58473140485561 17.65851976789939 -2.148277107129827 -0.07420473445224443
26.188837356737007 -0.06004090184234699 907.6077493770073 -7.280337475686052 -8.575387675914163 -0.0005672869255061451 -0.09897554810952239
94.75617107326275 -346.56974469695206 -62.53876851712018 -3.697022908510313 2.444719096388005 -13.547847090385424 0.015007504162354829
67.7135453001762 186.2701343710293 -399.4014371845625 2.5256953469436976 11.153091312908149 5.201503109633925 0.05590484679674865
86.03336487175648 575.2409602259443 -89.1486943036201 -2.970235979765188 1.6398818742662067 10.58150353607263 -0.0864266448075916
82.2291214061584 188.00117493858292 966.1902049083692 7.342335846219111 -8.08289707347046 1.5727691493873033 -0.03811814809118215
79.57743602869223 -142.66749365254114 -601.1703871836081 -6.579690565960488 10.11248183680684 -2.399856129013627 0.06728270393981572
8.142735898756587 -358.58115138154346 -593.3128806863683 -1.213511172935375 8.397468743530514 -5.0751873231915114 0.014826531601814436
69.70771658807811 195.7027968996216 611.7057609422253 -0.16903253645138783 -9.709357205035047 3.1063110443753326 -0.036282258119964356
27.623957072598213 970.4943366515397 -20.13542831640502 0.6255458909735481 0.1720022172741444 8.290222345062483 -0.03054583281258201
97.89012179843937 -115.17019898748006 22.109112484251654 7.511848375423021 -4.497553962093198 -23.42853812608551 -0.07270591295609119
68.92060515722723 171.8749293240575 19.978209491061765 -4.221310903210207 -2.2676147337530135 19.5085611787364 -0.0766441070419217
79.1152117090752 76.38687221093237 425.0587183537763 1.6825330317949714 -12.23560444733186 2.1988480955328957 0.03648021717029132
59.10458362239164 -23.69651684709693 191.18049578048513 9.770365046129108 -18.472046098262616 -2.289580586036497 -0.05639519476643813
16.746690483292383 551.0345811457287 -148.63212298157217 3.324023153956654 2.8162526011085083 10.440896229712058 0.06945294129566845
35.483541984715615 121.8102842828131 -894.1585591542679 -6.481359285131958 8.521306074149823 1.1608486042283361 -0.015831339607555256
24.11010371909271 -210.98417812686654 111.35641351383602 7.490280920823334 -7.807292999514701 -14.792280434692534 0.07499277679754313
24.6230667688825 222.56047478959673 204.26134702359954 -6.499101443618727 -10.05063431118819 10.951038837397931 0.08531717557465551
88.02862452327868 286.316325226604 224.33803981618155 5.780235925086085 -8.354579362709131 10.662714463872936 0.09433446115882957
49.4294639016463 163.0458153854658 -71.2246714969951 -1.5495607308115673 7.753220106843876 17.748486130071946 -0.04922404677752734
67.89121453612408 -899.3910838760866 -193.045674241589 1.6407103920747943 1.7875959049216814 -8.32832864438046 0.07889393728162292
74.55812982260863 -807.8552260298846 24.422365628871884 -3.049234226491193 -0.2745950698031534 -9.083193067925802 -0.017374579011763605
62.24529748354106 -599.5211016639093 390.51940426553443 -4.050225601743234 -5.271533076525173 -8.09279969951811 0.040707812733214305
82.43005594660413 -311.6831199350051 -783.0408054854639 0.19961423106711074 8.268109694438516 -3.29105483069911 0.05090190085749352
33.03040400476691 -603.8894800023576 -253.51832781554086 8.443561165801043 3.9075464256494414 -9.307911579424118 -0.03261262661751406
24.48814505884615 -244.4788340892091 56.66646997273541 4.9113702603511165 -3.68232327664919 -15.886821639814475 0.020780911144200734
85.4729991577952 401.3016821129772 267.7605982003144 8.461761838936535 -6.528267913573127 9.784131468966802 0.07006940647384483
46.389836350238355 -505.8904447421412 365.7217258850612 -1.1011040686519085 -6.0579349497541255 -8.379735708983372 -0.021508454465603163
54.682413569751446 -186.32480066634182 -525.5630762752277 3.0614833136596786 10.311624596569875 -3.6557199016315103 -0.045013824492047494
20.914743800770374 175.79775108011972 196.4907296156325 -5.2640213074175595 -11.857503621242438 10.60875733993384 -0.012531896102271123
84.18300757043696 -233.66241671200515 -147.43445009815176 -9.01452761275059 8.293901517476423 -13.14464205112671 0.001687609326222736
52.910553440398736 458.77521173917717 167.9201894664016 -6.698889563770569 -4.0174902380838375 10.976196135163201 -0.07732083595625994
69.82577687377582 -269.5863293605863 -376.1505210515369 2.0770940356291767 9.761164465894764 -6.995807134040936 -0.09061436814255729
40.21743143803055 -282.6888060404179 -162.01956403221172 -0.26379542746827767 7.116877870344525 -12.417399836375191 0.09480098347650712
61.45810351470348 60.75485373517935 -185.45184554469856 3.2299333898717215 17.574421759619426 5.757459141751606 0.037473394566392565
41.023453451947475 2.5828649883249217 959.3218205234548 2.641902398638873 -8.341004187560427 0.022457205937175546 -0.07378457381859754
67.28875554518392 -44.31418598326784 -713.553881953184 -0.40086543757930215 9.643521149031393 -0.5988963139854264 -0.027441036301528415
61.82815795212184 372.16835646694585 -5.536999724146124 -9.27117767800774 0.19920310708260303 13.389397988000491 -0.0877793574263409
58.41441875603106 -157.86962276092387 596.0233075585927 3.630781804965409 -10.057397963721712 -2.66391867961161 -0.0907823066760337
82.60668562157532 264.3960950622193 354.9379523683565 -5.968309474589204 -9.84809762798218 7.335926009760027 0.0734580834166571
3.4005160261713625 379.1386538315755 -472.98672358549726 8.520893486972582 8.187324251846247 6.562829230800796 0.04602705807637025
56.54119656936191 -696.7842869186838 -239.23364057415375 -8.936310804417571 3.0908689505207483 -9.00236652537226 -0.0753272225770389
1.4618563378095832 -779.0649809283698 -213.54627788868905 -7.829947561345176 2.4029093587040236 -8.766355247302146 -0.041220584057437316
1.1252956917066714 743.5310609278841 -571.416868153682 7.5164402203627425 5.140821092280322 6.689267282455533 0.07143884369399242
53.58212602349848 297.5218252333309 155.99187783995438 7.307204566623618 -6.545169160687078 12.483538900316743 0.05434298208915675
63.0712772417757 -919.6458082190138 -198.13680081756902 8.666097362554922 1.774018418560911 -8.234051400855169 -0.08791368843146206
10.128068852674208 -424.13873195845173 -262.73053279915825 5.609341680156044 6.090700716698703 -9.832515662326161 -0.06987691527181905
72.09407709709315 -133.27174452922154 186.84261101713022 -7.037184228233862 -13.883434189730421 -9.9028240102702 -0.08556563027525205
42.951659252966365 824.5771621188755 -243.66441965626578 9.166514527534506 2.4967756343783254 8.44926054426631 0.04313541470047108
53.89211808250393 -393.91536149924 466.13816468494036 -7.959170449981727 -7.987538301213251 -6.7499601529904405 -0.09704968036519841
83.16184979896903 211.44084011245295 -340.3708286807191 6.571347551578171 10.962967532727053 6.810275352414951 -0.05389061964614861
1.8741688849290399 -179.06345049235063 -144.11450810600542 -1.2950381900057284 10.683988084268698 -13.274942242325084 0.09925187363567364
58.00678081434319 -206.07228603711349 493.6966403199819 3.8233124037406103 -10.307618910285159 -4.302469206728106 -0.005953330997918213
54.70122594074311 554.7513750407003 195.26085855327813 8.077214501307104 -3.5369411858714037 10.04872661545155 0.07105921100107745
68.41238880338975 -192.9034891528115 -69.63233246592715 7.418630264147307 6.125035604645429 -16.968277486603817 0.06350507410519851
32.12850415573783 113.24803835865836 555.8098792397957 -6.255457339345005 -10.628952596666435 2.1656830444000086 -0.0799137888838577
33.717022939969176 -588.4970310899923 -471.10175308612327 -2.7381669382705383 5.880361792985845 -7.345707024517392 -0.028807315034439215
53.39626812929957 765.311778907723 554.6608996762095 2.8359669380954884 -4.9313278725197405 6.804163244062171 0.0999671406919421
91.91183530318271 385.0982921199472 464.37491373827925 -6.166309662852769 -8.096456995978249 6.714255376704267 -0.0029980624411949375
47.38930691600296 209.410792427743 168.5795217499625 -0.4986479949490903 -9.880533993590232 12.273676136511181 -0.00901434957638067
65.11182151225081 159.68753956872067 648.5180965660345 8.735846613399112 -9.706629223574872 2.3901071480133833 0.03807745544493196
37.75399749431329 -448.29153551598563 332.8764811972625 9.733966926477638 -6.517905914106242 -8.77779661715386 0.08869477447781235
75.87966340933893 195.64182891150645 -91.37643420382445 -1.3020413757917346 7.439954754193308 15.929340730044762 0.03771061001483714
90.84267184297833 -57.042659614159504 210.75927448561464 -0.1394600949692304 -16.876519821298526 -4.567683097161428 -0.04500606914745484
68.5843130951748 62.56887989618332 -103.27753939996218 0.10608436056253723 20.107852714013042 12.181988733880372 -0.06383236336404569
10.387563241545234 -571.312217088765 -533.0769173263055 -8.588593144656452 6.3050983283837745 -6.757335738749768 0.06341411621848042
33.55312125627652 -81.8629217458002 -523.6519474022036 -0.07356808760725997 11.087070839766167 -1.7332505246061871 -0.019841516039585144
72.92140632937219 -75.20934450686566 777.5058210581412 -6.1739606120616575 -9.200627329890398 -0.889990957998584 -0.06498489373252453
83.671220389108 -278.2281533153189 -54.91464892799843 -7.841530631408043 2.97058236928534 -15.05062242974499 -0.0011347234973281967
23.138918282002592 -22.434776842705364 418.3516739153454 2.4969907702322836 -12.603661732114844 -0.6758914951017007 -0.02889311513761675
90.39699603863018 538.7124214459035 -61.97227864026627 0.9599427283783193 1.2678930648519258 11.021536694909468 0.0277198781520393
32.99584130038848 330.4302679275693 809.4270452453287 -6.665836244390224 -8.08925795200963 3.302256439439362 -0.06562694314148873
87.06595983584286 305.06805590862893 660.4660768917962 9.00877738435107 -8.69536988216277 4.016375220725268 -0.05045856478058852
7.395088151867816 88.4503466737049 91.88957219155797 5.066132775842924 -16.48106763598654 15.864217355554452 -0.08178770487470877
24.72889378533588 716.8787196478719 -438.0005763131217 -9.814268656647071 4.647131334414614 7.60599355620266 -0.06324920868780834
18.744129324907902 -3.7302011727007276 -230.46510806247562 5.589248622297074 17.014333910604734 -0.27538610438528777 0.03957531366139452
20.552763044723665 3.929453020204812 -154.61046481747238 -8.38538500390445 20.76696799022036 0.5277962600138706 0.06959754689803774
86.74831027599497 273.31434797288347 270.6108429748013 9.598977294250467 -9.268378193526555 9.360972808342666 -0.05436568869616576
77.61602528973265 206.10552293547536 146.4666271189967 -5.714723079412336 -9.411373972078607 13.24353671693857 0.06356030812185465
4.76731766766936 759.5971917264279 198.96005067501252 -3.767513491851213 -2.336040511211569 8.91862364356711 0.05138735755744647
92.31228603795314 -117.86305971982166 -481.57417422384856 -4.742955590229232 11.269963362381892 -2.7582715932835384 0.027994398077777677
95.65258616365051 -941.486915492215 244.68071397764157 -2.633943512953376 -2.0834955787673546 -8.016912301778675 -0.0315622178166437
69.12936644196157 -752.995222356986 172.1049167033277 1.9341196897925812 -2.0711985920900857 -9.061929631474586 0.07687717864807894
85.59240241322618 -186.1459086672097 -42.34284385316821 -5.510214604220016 4.147346927351667 -18.23239990745856 -0.000695134961988475
53.93571942901899 -591.6959822490348 -734.9019869858322 7.865797743486908 6.551218060145495 -5.274620934043188 0.013522916727174455
87.11710155124582 357.1250601470208 -101.68371080322743 -3.216966847374829 3.671413390035148 12.894432327299212 -0.016844188049051786
66.9960908743447 -54.55311819987946 201.0328514629407 8.957404339369404 -17.27530722961618 -4.6878998650139225 -0.021044356617450452
64.41809347320617 -152.28499036772348 270.71250699944443 7.503087805143824 -12.776055342228194 -7.186965560969502 -0.01446812180466095
32.453284633746996 523.1242304832829 299.61352936972037 -9.21754981775228 -5.229391860801125 9.130500878354527 -0.029294376470215044
4.459303484292404 132.1973967545909 663.4594299917144 1.9332233381376902 -9.74123190828396 1.9409860516625368 -0.0392826405831968
2.395487152551856 774.4923875333212 116.66650561247363 -5.427250183472241 -1.3750387031009836 9.12821552788104 -0.0648248884624803
69.46662994994708 -164.32158210389636 -113.60130433261298 1.322874701019197 10.394430158252987 -15.035295753925942 0.0937921951800666
52.587865970213244 207.03370777699433 -159.4633327741512 -6.641009082327707 9.751886963386532 12.66102545788081 -0.0736389501641782
76.61005514397577 -525.6965596929844 108.56720637823321 2.956975322858346 -2.2552498655278024 -10.920213710074142 -0.05759189817781629
74.96837482055963 -53.89696964748748 152.51587574502952 -6.165251161312469 -19.15204768740966 -6.768064818519011 -0.06595871956639439
5.736771359441191 -320.501754783645 -186.85845562437552 -2.001053773689538 6.755587700789012 -11.587261092696533 0.09552408115206104
50.91914964315283 -184.65132354337715 916.8822735350742 9.734053905287723 -8.281258095188132 -1.6677662029445917 -0.05958705162622029
4.786703867227891 -314.7850464786277 802.5457363436925 5.468262997826294 -8.191375594673454 -3.212929096154241 -0.045116646465028755
18.010816918095852 161.38399236758778 443.2373415029549 -6.2994394849863955 -11.177267378375626 4.069675238024219 0.031693913650693295
41.893281128163395 -134.70345973422653 -629.5401238774499 5.895099383557401 9.956570197225123 -2.1304193359309966 -0.08309869951803749
5.292235496041825 100.04319819233537 811.5875314240991 0.5409320655767225 -8.966501688609892 1.1052874407169246 0.08579602144670931
49.80552373134412 492.1612391298365 182.79793287931992 -7.304348255224651 -3.925727017921718 10.569543337786888 0.04787512695631729
12.18125332748956 187.63254575202748 260.5808472788321 -3.848402263300783 -11.699706719178582 8.424432490706335 -0.011547826953143964
89.55377017176595 120.83953063132542 160.17652905012116 0.1282546912279372 -14.559847560544636 10.984163258584054 -0.0028623605080952685
91.07236543759929 -537.6587487294212 -424.9617801763842 -2.028924181291478 6.119395235975949 -7.742217157011167 -0.036984947869006926
96.33120607464171 92.54031723767149 -262.13799495915805 6.383686764966853 14.611080612871392 5.1580238694927605 -0.027552063761720924
19.301547468299574 215.26787581117657 348.54640757918014 -1.3232676934191083 -10.85978579744771 6.707178641196803 0.05242366762094333
10.390345173213406 283.6350434032108 792.2329177797509 4.933212075527749 -8.384808651668518 3.001927226791641 0.009922111057086291
66.74967213345906 -286.2114273038015 118.34247865520733 5.903396755258694 -5.609254102521631 -13.565987809583346 0.08694585801171748
30.5416476636975 -521.1740758986767 293.7343252524657 -0.7019795240812599 -5.186020406831277 -9.201578299706334 -0.08037812373419476
59.418276272195676 -82.82975195080182 109.83649591589132 7.47956697432403 -17.586347494809484 -13.262192940233092 -0.023422838374707447
56.55421229216562 -134.95783017563596 -28.99007225465791 -5.8817540470596335 4.618084247804913 -21.49862284499468 -0.05433763719680129
42.48021301687152 -915.0603455586628 -233.1590606021859 0.12262790607313079 2.075829125397094 -8.146837235922513 0.05787075066386407
25.937876255220505 427.96968747709127 360.89640651797924 1.0977906903752377 -7.038931486832856 8.347130240662121 0.01853133511756508
76.751512385901 -36.527378866264186 -862.1051057847106 7.943220609860614 8.786957752731041 -0.37230325254101565 -0.09563384311885176
51.52714993896618 -547.60263395986 -224.65622207398533 4.5625503738923285 4.030462550558404 -9.824307950996802 -0.00590225283790384
15.594490953106012 294.86935548462293 869.7979476249228 -1.9295190629480317 -8.073443547092365 2.7369702374823133 0.036687066921872236
76.57313963392157 -365.49793438556395 -919.6326984501623 -9.802337965255665 7.631784759821949 -3.0331691881890124 -0.0806873894002575
69.18852644053192 -497.13099753953236 -6.996248425598868 5.041862836560398 0.16304118159003783 -11.58518398908077 -0.07396391102595408
11.842247289447844 240.73800596663978 -109.12972258308773 9.303997837746529 6.560779420941389 14.472949422022687 0.06395670487044358
93.35612364799614 -311.7198526965366 -331.4758217497363 8.945315648157973 8.822778808489389 -8.296940923289602 0.006600090457613714
26.302595420048124 -228.94525506888922 -795.2940527671934 3.824838501680352 8.629907703724756 -2.484334459154576 -0.026528996515303646
47.29326727812356 -489.93872799267973 15.36431727097899 8.912073966275923 -0.3657491345342921 -11.663041225829657 0.0057359967830125785
1.5950815003402306 -76.77698667406764 -758.8254385887699 -1.928901140636171 9.307100962481387 -0.9416805634502232 0.09811642972895948
74.79900641217421 320.1973480550612 283.8801754855883 -3.145013928613918 -8.28507107797877 9.344991361509026 0.0036028817818966746
36.48889818708567 95.36795622847305 -573.3737171720346 -1.7666902084627658 10.570494943565262 1.7581665655399445 -0.0692404410013169
77.5686629724304 -159.3225816127266 433.3860213029088 6.7438908740153245 -11.284347981946365 -4.148383574751883 0.07259302764897474
15.92267329488216 306.6195730085713 58.903548987963255 8.72052357248548 -2.7582926364645663 14.358158802931845 0.044675321563600184
89.24311226996974 -141.75992267213272 33.34726050294939 7.001926502922995 -4.902183189707542 -20.839286328665793 0.05693517199283679
69.74434920537234 264.594718147168 14.887362205442773 7.531999995917605 -0.8914958932141905 15.844654099174644 -0.0032461188801857083
59.62914620830763 232.32491691995295 921.4367016056838 -0.8990536529106272 -8.12634347951757 2.048922156510588 -0.08968609668178212
26.173386659964113 66.56320635218339 -93.05102026226838 -0.05551930007977823 19.644471423046323 14.052495086311538 0.06429118063219424
51.25623532869445 387.38716512419427 -126.31172720205593 4.572856395897206 3.967522736946948 12.16804978981117 -0.09559832970051488
66.10137631464681 43.658472978890835 -124.34272342371159 0.22306204558490705 21.233732864043347 7.455461220089715 -0.09810917790959778
4.572420462689715 -104.20266888113962 -231.81592892053902 -5.673139507976908 14.78045408708819 -6.643903938446217 -0.01989789222222374
69.85731331685037 160.5636217313544 43.998813296809246 -9.440483057049017 -5.291626541379199 19.310582687811273 0.013917242858451348
79.18441447974374 412.54516305970924 -85.05847052235579 -9.187657515906633 2.5418679074214374 12.328405435738555 0.02175284573497871
89.27344876978249 120.66860232399938 236.38658211721787 9.98957307034378 -14.124183660862876 7.209992572584564 0.07509472218061772
99.31166041883452 -817.4940669557647 -91.68629321896118 -2.290376223455624 1.0039422607357071 -8.951358080946711 0.01165109711026864
75.53420670135266 295.3832787606498 -101.71580676117571 9.682809165516819 4.758966723740614 13.820066311540915 -0.07977555523474311
84.57508337480553 276.1485367615218 331.37358273823725 -5.716893283303706 -9.555857479796746 7.963326583676459 0.005171456559476123
64.50686346515988 676.1594213782279 -569.5734725281347 2.080340978830975 5.597729515443544 6.6452490025458 -0.09412484024849475
32.745570120514444 142.92341742772726 269.1671577949528 2.3951360588258375 -13.070435901789475 6.940190555405264 0.07482128837476901
71.84851983689121 136.03864510847308 -245.27621682462927 -9.6009356802316 13.490067615403003 7.482056534381597 -0.040499728571205054
93.31111944127811 -203.21875736171214 -245.63280352926427 7.898628970510607 11.14838828536588 -9.223367487510714 -0.031364511358213235
8.184586131042833 -321.18715313608936 -281.5515232570708 6.740791046373818 8.240132203487114 -9.400143083177477 -0.04802310717793874
16.250023907827728 -374.9923782203667 -184.53837101130765 9.579149897060852 5.579803637326858 -11.338475702896712 -0.09578428026500184
45.90655792434649 847.54871717982 423.11289069725547 3.0939340043441295 -3.7491504961199817 7.5100233610566 0.022516023640508934
51.95441201408769 -930.6224957139137 11.366733052267463 -6.613960015995257 -0.10342597268364649 -8.467739708314332 0.06067517173539849
35.599419730819605 185.26347865974225 241.58596942141776 6.0921487923291835 -11.749321298364107 9.010126460733764 -0.02011208945044604
47.715471130021825 -32.28186695700106 114.99997692029744 -8.375158453029762 -22.758756275999634 -6.388654692668548 0.0874938392879637
84.65694981519528 -265.59021655860704 -96.09066190608284 -4.051532331290215 5.229954465011148 -14.455356133477055 -0.08587629121336944
46.192816819447216 643.872984433112 75.76412050815033 0.8812286580368891 -1.1857335927019905 10.07682557330679 0.014916143286126449
49.4940122182661 478.93429475075493 -783.5312612917021 7.094707889762656 7.273993138766762 4.446235837730172 0.05757283259694132
70.73913624771436 -9.563865518125725 309.8052624609502 7.883288549276841 -14.667233465843966 -0.4527858799944239 -0.0061576622253060875
50.54273314268191 230.3289575472854 -267.1676781556409 -4.812076523178712 10.418206472247942 8.981680167416558 -0.08817608259830212
80.38404102739378 -690.1307166665983 -418.53217938189425 -9.603633758825325 4.715427856617174 -7.775415526908542 -0.07720411274219396
32.518864242734324 -65.91734454715774 181.20028418438258 -8.995065955636504 -17.48403302093023 -6.3603709779053075 -0.08503413319821414
67.71996063583109 77.18061330741573 422.5481884776129 -3.695894566810658 -12.262388929424354 2.2397887956799964 -0.04976707419660216
72.64545606120113 -259.9880634355527 119.55843840155879 -4.516659597065555 -6.380692927658598 -13.87525648392257 0.05860941700648731
41.66346797295745 -393.90977970024545 -61.13500875664191 2.957237293032959 1.9844720667849474 -12.786502701917462 -0.00936798266259245
85.1961848521317 -247.56705447188776 51.82431621114127 9.910394155468559 -3.3283399018997426 -15.899627164157915 -0.07398809256258417
39.782030710141456 476.8982555889859 348.6260098042692 -5.112912459278352 -6.272918889637055 8.580954925304246 -0.006677085727492635
60.359721365054156 214.3935576806347 106.81233164538625 -6.414837269554756 -7.443735098825089 14.941054330389724 0.05051263504256395
52.08367453748101 -103.10291066312209 -118.40683027297239 -5.7422716201675446 15.549334354433086 -13.539604321137483 0.09400975737562545
56.87606477939696 88.33325737783177 -765.6521655411598 9.01680832272968 9.244433120047582 1.0665298510951802 0.049059041549087634
97.83781506758011 262.2268684534544 18.733042638574084 -8.438269178342159 -1.1353697889077128 15.893011617283717 0.09027390999171303
37.51681223310196 -275.2312006357942 279.82089829907034 5.875506499146233 -9.296781212682792 -9.144292905815036 -0.06394911466825484
66.39678494668976 152.3981407149809 -787.6709446500372 -1.9283719534590986 8.954884688128192 1.7325861593055574 -0.006745139754652921
27.56197654616272 109.90465602672926 -99.97510072025631 1.2702896655459046 14.262088729764566 15.678603420000115 0.04237562521878621
23.230883346630968 -744.6655086519262 -207.35471283459475 -1.4043839943701553 2.4925906843997834 -8.951551110103058 -0.038567841600377656
90.75102218860886 143.15503761389567 -516.2707206996478 8.935282859462859 10.755639220220063 2.9823963966917737 0.08751698533014304
53.2753668856014 -45.878892750648866 -199.8650768870753 -6.584899541574529 17.583613812277967 -4.0363066165787815 0.06315198227921326
37.04827155688257 124.30152284577008 59.92424479677109 9.29364949243951 -9.55046925161389 19.81064385364228 0.006399791142675776
1.8717078746781817 349.20791418725776 18.09139197457169 -5.679714777405809 -0.7147854086758658 13.79709875315413 0.028097270608848424
70.3202064305528 150.1408107215281 -266.1016404046181 -1.4203687369378208 12.872309875793151 7.262860302821252 -0.04640452589933293
90.34105945595685 268.79999676123896 847.281047126752 -5.307684472327249 -8.259483503557288 2.620321965815877 -0.07241006114903387
36.665136790583524 327.64028063371467 -494.324692591169 5.287929694337478 8.842625021281426 5.860925393640979 -0.06875682414578183
41.7027698146838 -477.36719379287695 -8.325149876575905 9.382945096810499 0.2061659869121667 -11.821634455460208 0.06696264646590791
81.06056392844508 212.73180436746313 342.7399931513839 5.6038842553189525 -10.928885791072695 6.783339092365377 -0.0545508813632746
46.110358577612935 679.6748024308507 168.44099975477906 4.796925545863957 -2.3484655035400346 9.476272578873445 0.07478194129359006
52.022997530788096 -60.12574215000814 -300.27948846454785 3.7981109358339786 14.475576498304976 -2.8984822921481705 0.045404982678107275
39.83090468687495 235.3671647912641 856.563569513421 1.4981795253281565 -8.35822201906755 2.2966783661384986 -0.06093212821670318
21.364390640175863 185.7392441569478 -134.12964573497558 9.494871246194439 9.992433641709617 13.837262163256689 0.0007383084126263428
40.25176547527097 422.7444432030765 -346.25844978814104 5.709328071650976 7.002891618349893 8.549779853234382 -0.03462047601326593
39.84975908816431 -471.01847186275745 628.077972670594 0.5239623190467828 -7.376510736046602 -5.531913179184426 -0.07018190305066066
88.34723608758655 104.80935091151616 -253.2144335975104 7.013999686259236 14.41950358997574 5.968454444954252 0.02164929873098878
34.406685889781635 -109.40990542113332 21.2574472701098 -6.373622436787805 -4.667235022051081 -24.02178097173623 0.007683743400101514
84.30343940766791 -626.3259491465001 -609.6745716614415 0.7937254968110388 6.095177377342563 -6.261648317850937 -0.017267968781806614
63.626945072648546 -185.1270297154233 -116.95835440896883 -4.542366970074074 9.324681349685113 -14.759531886656177 0.006524534014700614
56.318732732024756 -677.3019388372074 250.4436500995938 -4.366217656604709 -3.334242438837966 -9.017153629090618 0.020988405101598523
77.98800814735887 585.4064602603914 653.755911096665 7.890096115025489 -6.496945131023435 5.817696768933759 0.07849036071484491
35.74273708303982 58.07278055516055 186.45308541884665 4.397129240110136 -17.650654958817988 5.497482703360425 0.026763261459002152
23.07822066716529 92.37928840598002 129.65318617442585 -5.569154128490741 -16.675589946868275 11.881537033491472 -0.011544988717321653
44.94755726163424 334.9694492771189 576.3162713452108 -8.375249089759741 -8.651143923105646 5.028261493946233 -0.03919481359905182
9.216403881336253 -53.032242194181336 -167.95307356302894 -0.9380327320917132 18.56318997850735 -5.861444306747747 0.08768695219318887
21.171151830686586 421.26233096686923 852.6350743090379 -6.155399719127493 -7.510661100020467 3.7108004320146395 -0.03825933536868416
67.99308582905805 -507.2010715201719 -18.880544572592225 -0.3947734898643631 0.4265756845194154 -11.459396387685494 -0.02605656284466072
40.716219969350504 -320.7735272718804 -939.4771546535137 0.30524188252124773 7.759653419040221 -2.649443241172622 0.00020980965958372622
99.85717325103315 384.30785694027304 -176.38022002080635 -5.698023584277023 5.2404976657691344 11.418312251763071 0.04943895929129255
80.42676019645563 -36.0204357598561 176.40143193308944 -4.071085484138138 -18.86453401176768 -3.8520590681386397 -0.05768922359761275
95.9964002510457 -753.5937078148374 444.5599333182603 6.454415712285485 -4.437706100249825 -7.522556900973927 0.012979602044654093
28.83668604388468 695.9301628728468 -67.07444961006318 -5.731607030914545 0.9373455850625603 9.725418090987404 0.03921257685051846
97.16083968665352 297.10106210314467 42.818931537661506 3.13639756116733 -2.1270909011364183 14.758914882351093 0.041039647542544466
49.357001823464074 -845.8326867773583 -339.9743888640859 0.48486608252302155 3.1911132182796695 -7.939268237959225 -0.057027148629302964
57.69989878986346 650.3807498497331 498.08363769891946 8.303820108182055 -5.488115411230403 7.166195285811632 -0.09872304152153187
23.129103386543658 -174.24964883452236 534.7949789668795 9.809971356350555 -10.357266319697366 -3.374657747496657 -0.05148663110720397
8.247396490025206 -36.649758064366345 -915.8086625878608 1.15198535962735 8.526666100749438 -0.3412287549290572 -0.021662483386226644
19.84687431329229 884.1141545951083 0.8332753288207071 8.989388494534506 -0.008188956811938194 8.688571926219106 -0.009913109815071763
17.338368614199688 36.39586527686956 517.0344820013557 -1.8579234950109331 -11.319651781066215 0.7968298741121143 0.018099009125974327
8.519582478428198 766.1194815789142 -404.5804903210904 -1.8332673836873585 4.098649451152497 7.7612620178461516 -0.05545451958080849
76.85207261218764 -543.8181646205146 412.9628645669346 3.216774144995524 -5.979036423932448 -7.873610179627015 0.084923946421256
32.76919555103075 -166.13147256882164 -652.3358801562583 -7.356407313011775 9.649361082404253 -2.4574189688663224 0.07199551632847537
67.54585333588923 -481.4320543343591 -700.196411516844 -4.93805003695752 7.302918589640571 -5.021246955023367 -0.06698509077492071
61.31000019566943 402.93447052948903 282.1881220205143 -4.801223348669539 -6.681876967436501 9.541005974097972 0.07252165032912916
73.02023761426378 351.0564119841636 32.83460731969134 -7.46123197252423 -1.2812453495546012 13.698637870302449 -0.09738255377344758
84.52834822787334 -676.9410406366256 68.58135438202757 -9.334890059172508 -0.9982895881519109 -9.853745216168534 -0.03905279702665492
12.006015053464015 131.03018126788578 131.6227510185738 -9.998238936928255 -13.434802419437895 13.374318517843209 -0.0795003107821065
70.59464568890262 -501.5833181147795 669.7640032708115 -0.35999765541416195 -7.14861989391229 -5.353570016930338 0.004933520541465272
19.53700315713277 -336.3435222913418 -73.7244382409567 -7.052203187336829 2.980948603417201 -13.599598409497313 0.0991931495308393
97.52275606384062 704.2987168306099 -573.9958942164127 -1.1097754514609868 5.414653813095201 6.643834513574255 0.028912231206354277
46.43102910675272 890.4940674074269 -428.48690008830266 1.402328779303545 3.5633567577905696 7.405472727905432 0.014275027033977511
59.186801333518936 -467.2046198617264 115.73703015858601 -1.3119071973380478 -2.8314931289171783 -11.430107279616433 0.06611165733956106
27.330364075139006 2.379716105945033 -384.37946975287616 -1.128088140603623 13.176810060731258 0.08157841298511778 0.08139002618911825
31.953751547272454 461.33697002032017 -88.35384878518873 6.9118900566312504 2.242166199649216 11.707403526280194 0.03333010065915379
9.970590328575325 261.80117823482806 -290.1082633588446 -2.2027217522274007 9.702373887065697 8.755672402777105 -0.07224233403095277
83.97092044076282 -336.0006123111322 -372.04646139453854 -1.3439807702148023 8.563203339625973 -7.733554445523604 -0.021949743757759904
64.34850870750195 -228.5883910928419 739.3028585352308 7.598163700299292 -8.87262813145421 -2.743367979602577 -0.07569458324615641
92.82844579033262 -515.5175054085482 11.453916523799656 7.887285882391453 -0.2527149860895084 -11.374187941523546 -0.05801008648717827
97.03737871423127 -30.740566053320247 -691.7618067024779 -9.621004375113412 9.808034639878539 -0.4358502215345843 -0.013870552398689881
98.03058151389455 685.8315598087729 -479.51831400878393 4.3243028640778665 5.117333137513192 7.319070961901788 0.019584162784208242
2.0420190324088656 -168.23774677425374 848.666146603177 0.06897690045457416 -8.615476018765202 -1.7079133868908938 0.06844913842280334
59.03689617832329 -189.75801121937602 -62.22983341347658 6.623677651618365 5.69678446440206 -17.37125798052141 -0.0839916307590827
3.616193534490419 0.7206627309528523 -634.2014234660016 -0.9062528481837049 10.258617449839482 0.011657184915792342 0.009370163395574588
1.9000687010148358 -175.48111957391052 580.5797098009341 0.6249873762296083 -10.04146558021889 -3.035048577195149 0.08372659683611461
50.40880799710638 -208.42778364074096 126.14512735993081 -1.6301173384214547 -8.570019661921924 -14.160120499900838 0.0018498615400261986
39.446724398529774 783.5480899544204 -341.4284328737894 -9.744827282717921 3.53002698174829 8.101100062919732 -0.010083918064270697
59.11352704180307 337.17288510428415 415.31110090638384 2.0316628270372394 -8.671807240273282 7.040260325067123 -0.09053410222477572
49.30192829527463 -635.4309936168113 -13.877978925063465 -0.011460394264945606 0.22375418327594682 -10.245032347482312 0.061989825062531534
78.86800521664048 -341.89207255308116 -687.9235319534149 -2.8201909265187552 8.347046317768166 -4.148410154214026 -0.07097351015958933
81.63273197854183 -9.471765117876068 -457.6979782853383 -7.314954000723248 12.071852006123972 -0.24981920865834434 0.0771980068754047
14.89422562869397 20.730656887388164 275.41922440029816 -4.321365692323386 -15.501209122141093 1.1667676733549417 0.053231705605738394
9.768090886175788 -52.20896622804833 136.0122769250642 -9.355103812474557 -19.982205647443987 -7.670265680384846 0.09355959770976688
4.588223997245054 -146.55574595223334 -528.2000741805947 -3.291729998766934 10.632765816400383 -2.950194447010199 -0.0156658362245001
40.77783744170818 419.598092748774 803.7576384054465 -0.6356719997203424 -7.6056946665597875 3.9705190017841874 0.018755792623787654
38.8170248865592 -235.45890113735143 940.9401348407252 3.133615851273717 -8.047086645130225 -2.01368621515985 0.04853857341337106
93.94281003612565 -125.54903173184778 457.3926318868051 -1.8192124058427197 -11.439254742872459 -3.139944232982333 -0.009244681523771198
51.61840683052957 227.42854264859076 -368.83670055732637 3.2991571163788223 10.563973513610604 6.513855853141591 -0.05137377094801714
69.39680826721097 -101.53975513183978 903.5502067271658 -3.740192589082003 -8.514104157838045 -0.9568035565896371 0.06434468227027176
83.97653970284958 594.1707320914206 -20.385405810999867 1.0813866113000472 0.3633056543488396 10.58922194724829 0.021618392504291206
48.33308599852953 -36.34652762974517 214.01265244104468 -6.104432551883714 -17.28706120085265 -2.9359229017871966 0.06674119443540763
15.458539442557921 -378.29382857449883 -344.07413485822417 -4.955327823149438 7.687047239215267 -8.451558068304093 -0.07106851142644624
79.7601696204104 -85.22736836705063 77.79362896097182 -1.814525695819981 -16.213526536425473 -17.76284532686007 -0.09868549362519492
97.28792935960735 -474.5373705024224 149.71352162316626 3.1033127094015196 -3.484585290743975 -11.044867044963002 -0.03922035830873254
97.27567422738947 -687.2079062551471 -372.2465873835983 0.503100168734159 4.401467121951614 -8.125589616783444 0.010611617001376278
7.853219185209135 -690.043607218697 310.2601105260739 -7.321129835922853 -3.8516058931828554 -8.566283366592604 -0.07914787659514155
10.880063912618137 -111.61383270494115 599.0889399332699 2.0007034794632226 -10.288291379870993 -1.916769875639025 -0.0828314763681985
97.40024718461977 67.78146775101887 -790.2355191088625 -2.2998382253453586 9.139806217879919 0.7839554986169207 -0.05777889392006728
80.24404604908717 -341.79708171714225 -5.926289666511421 4.887117220813364 0.24223411420060265 -13.970784079955568 -0.06382982234706769
76.96816537696661 -479.41749255701393 852.1260550448559 -9.72621350991729 -7.200736760284328 -4.051230615166329 -0.03852318752578241
70.61522951776325 -785.3146671915495 -498.40049413258475 -4.898749272240681 4.539136484367237 -7.152180825506177 -0.018597720756195035
22.456011747674143 -57.71030997190239 221.2729728782944 -0.8866345686312762 -16.531166311461593 -4.311501398574568 -0.014696859661868442
83.95849780623595 744.2420597828628 484.9704252223907 5.8074943262951635 -4.7322987804271355 7.262248600495514 -0.039601850487057645
44.418581024838595 -50.543844130092914 469.55141235130066 9.98862072008357 -11.819765576600524 -1.2723130486741467 -0.09803150158758606
47.27511684784447 353.22043474545086 916.7373830749015 9.455609442298492 -7.691202255381768 2.963432990208031 -0.018008076208359355
16.169783073469667 525.383185907658 -522.3462299039463 9.29238776137242 6.692022315901856 6.730930182343217 -0.02746968953962524
48.05991496122923 94.22126585953094 -53.140262101736056 3.9081942782672723 12.202377144230427 21.63563700200941 -0.041621233000499185
76.37975938905554 -12.516714130709996 -920.4413838037934 -9.518607682780866 8.514214086391245 -0.11578139101766036 0.045383639204667786
73.42048986966104 -686.4369734215986 -124.69670773041291 -4.49571034675984 1.7481622318892729 -9.623375094251541 0.003181995907968374
76.77592797229053 601.0121055490056 505.4428927131995 -3.2527459569268258 -5.9337028848140845 7.055648256049146 0.034577845291814235
53.016173060977025 -41.25377820510169 -920.0360678154373 6.6242366129032995 8.504449572033272 -0.381333611446538 0.006785700111464038
15.997379437654917 -29.390173341829968 -152.95054578871387 -4.140950801927894 20.329061292046223 -3.9063256176625663 -0.07835300123812264
88.06697837056892 289.52647975083045 201.3995284283914 9.976990663725537 -7.855596046483682 11.292991038415648 -0.050993421280153474
74.78718730718506 249.44213650785898 486.0216351153141 2.076008896922371 -9.833710680478813 5.046980678867925 -0.04967308745218446
24.860989682140087 -395.5742403639625 -112.45091161372861 -0.014724415710587024 3.4834657962076094 -12.253963230658602 -0.0355834951720274
29.581416618976533 -980.7057125864177 130.25721244274777 -5.218804600560976 -1.0814354421219068 -8.14212047066896 0.0704419768609906
20.337313398846234 -226.37839351037184 -398.6086716217758 3.8584017065294844 10.492384101874977 -5.958849433486495 0.02325860032701485
65.9435833334296 461.900688392221 467.6018546283564 9.11151112071295 -7.169080492496453 7.0816725422426146 0.009568097871894013
34.283028285705306 -392.4638580028538 448.5494721840949 -5.612381234576171 -7.96408744637535 -6.968275917162916 0.023355982747339743
43.108036451676156 217.62516017692698 -43.456088210288364 -3.8296153257458077 3.3958968524246256 17.006422503493148 0.010374344093973684
57.358790218239854 -34.89025472847607 99.25264265502544 -8.687614805605818 -23.761880513492812 -8.353007454168763 -0.05721762721705073
76.01628888570848 2.968019489261751 112.70953765102578 -0.16369795494214046 -24.32185731841491 0.6404759352274924 0.03936809056301166
83.24415676195804 -43.40133914210209 195.41371357819915 4.162390289225069 -17.82550335458529 -3.9590400402551125 0.08854436047285688
18.751227890662925 475.583645886916 -658.6870935270761 -0.6956394858536044 7.34852428243302 5.305763547626532 -0.09894528157818538
52.95125521932265 -76.09905848670348 -110.96802512556556 -0.45411455761344044 18.367598363318873 -12.59603332157037 0.08544251418745535
21.34519290280909 722.9128748409827 -602.1993992834174 -5.3985365184579415 5.3906952424162045 6.471283431574186 -0.03340725534036715
94.93555492619939 -107.67255175562214 41.44789406306544 9.178214823789578 -8.640518867073208 -22.446175757320542 0.09506283576749938
84.42942984421944 201.07595866975277 294.5817186366807 -3.4125604644181067 -11.298424631472713 7.712092843864748 0.07333084453285496
11.101775416301159 460.5921559597801 -421.2167139651423 -4.786605508898807 6.978634510081443 7.630998980063586 -0.028508812331480865
91.10689618307231 -260.926565748547 445.487007642456 9.516364544845693 -9.81102683780505 -5.746424688797879 -0.0862339316283109
17.518669326470818 688.3815411753477 250.76775564534833 -6.728364981545109 -3.266956277579069 8.968108326067691 -0.04424108130289535
65.8110654454224 78.58602484707438 -84.50973622630961 -4.058315754788568 17.611189676064523 16.376733040126105 0.0905461521561444
8.25800977682365 47.583550664311545 550.0030870009114 -6.963694379613217 -10.954470831136863 0.9477267130198128 -0.05243095439002339
93.4656672784817 -701.7970228393464 264.17356397310436 -4.033628539593446 -3.323626815339737 -8.82946563219293 0.074634936305911
88.16287466793288 230.5748712671858 -3.9096632739207475 5.822914652843377 0.2884234844928585 17.009957929364656 0.02024524793683724
39.119422372595636 298.8223655840316 -497.20725569466504 8.808993814290737 9.193734815355626 5.52544950744635 -0.0071881033768866065
50.89245517880702 433.87370561802885 647.9773504894528 8.730019063071033 -7.68723514360604 5.147231141943722 0.0721134344505324
93.67926081827676 -9.6527908435652 138.90193461072712 0.43807400196235236 -21.841350021770225 -1.5178333123444072 0.06476446646977985
59.927071465005426 288.02666954758047 -34.29737094026799 -1.2385325383308494 1.7936122706516853 15.062617180634598 -0.08320734144400146
99.63485865607149 61.84597124516823 -736.3202282572433 0.8689930170858027 9.470646874703375 0.7954709538163302 -0.028585936003320142
73.8759340491116 -46.521831200747165 97.67336426697855 2.736710032704835 -22.42425710460504 -10.680675449768268 0.0008222533556551531
36.495772623817096 677.1070055309423 408.60080532035204 6.674546386432738 -4.746449029965712 7.8655104144143735 -0.08926841956927539
18.235637242808284 -269.984048776655 -501.50000565133746 9.966413370530326 9.531682193402482 -5.131410012418385 -0.022420640569786515
2.249541953031345 -764.2882115941301 -72.08671205854877 -3.1366978285048885 0.8755632580774061 -9.2830239796483 0.0486570427174014
60.621549433382384 -212.3189721544258 661.1066264042383 -7.721380141857368 -9.334554794001386 -2.9978569268941095 -0.08732533391817332
34.0437047795411 -79.60675166102193 86.17251312707066 -5.286459304503599 -17.520168591887394 -16.185250488133562 -0.066945215079937
97.60003309549239 -310.0892042939405 -264.8364418541837 3.6286147920124474 8.308523374104398 -9.728205770685324 -0.04937095638355052
8.573735467880624 284.81955388436705 1.3079258913689684 5.524477812648875 -0.070294998741039 15.307740533195698 0.05898299314129027
19.84806095733704 573.9488424756295 -692.0455592101783 -8.229061573483808 6.631934843888861 5.500203384540154 -0.08268601325878439
59.52832112263617 359.50588612465543 -885.430459106501 1.4529500010315406 7.743220536481726 3.143932232956604 -0.09623832228312201
65.77014475484468 -267.3759463996948 -304.7726619806528 -3.9490985988179155 9.644939878530108 -8.46147062938949 0.07804324419273068
62.52640581250485 -629.3859631461967 -558.5029145758324 3.670710183789499 5.911250313142815 -6.661483538651241 0.0626338592121912
1.5863595627805438 -89.19595972466023 -526.4877645762348 -2.280695706675509 11.022789097262883 -1.867447486009942 -0.046793859892218494
96.03747167000887 652.5205707236629 -255.1821481800874 -8.078513105173567 3.5547388236183535 9.089743238324266 -0.005911428576042543
29.50102757058492 240.90681451002263 605.3798335123893 8.250676113859623 -9.403868624408346 3.74220598204086 0.03471401017542611
87.64610379157487 298.85022634979254 -49.64316443813364 7.207318643221303 2.432292633175721 14.642322104171349 -0.052372620396892056
62.80539552722052 26.992898016606926 218.7178353685758 -6.627366465462297 -17.271779485564167 2.1315837431982034 0.0803657054404874
40.7003893930748 91.30041276728915 -930.5574631305027 6.263578422653083 8.408349871822585 0.8249741089675442 0.08796168919288336
59.69951265729269 -302.4597016207691 -229.0611145059671 1.3316509269709087 8.007436834520135 -10.573278493556899 -0.014042923632048468
15.404891441321388 -189.26407399189958 8.859111980896364 -7.869887394947939 -0.87756218406831 -18.74804094317279 -0.02959159653405792
80.09942561223609 -571.2870681147999 343.56320814353523 -2.21135313092375 -5.156744425644654 -8.574787212701452 0.09701392908913944
16.4625367701594 590.6307554285829 466.3720379508568 5.830973271101897 -5.8361048563352815 7.39105851028948 -0.021192865142612052
58.27272373614018 -303.3616517530088 -468.4531556636525 -3.7803166339623466 9.179095926742905 -5.944213777343756 0.08041446682543704
73.27996487472397 148.1847404778193 682.7132877898389 -0.9666616473956164 -9.551880374843108 2.073261118153336 -0.07044487395215754
43.59842576159425 764.1047351202005 -302.5243910029785 7.758857476238273 3.3174434726287134 8.379074022842158 -0.05894779496262852
28.03338911834813 -473.8347136643246 -347.79246432922093 3.1616234775163896 6.305315922393238 -8.590403390172842 -0.00372135433462642
97.19338278236917 -219.18883725076233 -914.0756013466072 5.057468666967688 8.194101253000149 -1.9648872842839105 -0.02525870795958328
45.958082239218605 905.9897231144913 -119.46636544205958 -2.572557524354295 1.1172457474420185 8.472787814631845 -0.013501966929025694
95.63606522531089 -139.21539715298104 291.6105858241551 -0.8537957816371282 -12.969573003835206 -6.1916965446593135 -0.00968512060290845
22.730261638594747 504.13183075107605 -480.95827443331086 -7.666980679317015 6.755984156811153 7.081501332961745 -0.021859643549570484
25.71733978906321 -694.8646940127493 459.9153923170272 2.242085798952658 -4.939610471481617 -7.463026843951036 -0.028017877573222924
72.2636800298058 704.988093271804 -232.2805096479761 0.8485563305096999 2.9673866128725805 9.006232306704193 0.029904317860657226
23.90837541322102 152.29077178631502 373.43698770791843 -9.751250714520763 -11.911990063226614 4.857810607819527 0.061253405854683446
17.164960082326928 488.423315593816 114.47134913297711 -5.652731652571667 -2.6320109536100302 11.230194510489204 -0.07874339139341727
88.25683321593363 -6.230173268499569 822.2017822795623 -2.5659675244637015 -9.009381002026393 -0.06826791901244937 -0.09398556911795138
12.040267204351833 828.6592190186341 204.6073036241072 -4.965828656606199 -2.119746032947823 8.584967696986118 0.021874101981440935
45.87920351164263 -547.216943112019 513.357656323762 -7.1780783098004335 -6.452852729917304 -6.878460468485563 0.060254269107345354
38.435732496645784 150.68674187735348 -324.99803044979285 -4.001829484514923 12.383314478225591 5.741577294434534 -0.08492537905832823
55.00988257971616 -389.1374198543455 865.4074161442321 -4.914321113410485 -7.649130666270581 -3.4394932560933817 -0.004985690506096874
5.744070832874139 -328.6361392542316 -95.51618174894642 -7.914126910995501 3.8975569057468715 -13.410063410982708 -0.0872995780438644
36.405251698292886 389.2438800293428 -814.9886079921723 -4.879197086399887 7.757105059665178 3.70484402065203 -0.06545963662700885
42.63134457685772 235.63934343681 148.55567584122664 -6.316733807729598 -8.255019693888585 13.094130599256546 -0.023609682193357323
86.4898026599837 -314.0790554404305 358.68526055987564 -7.832276259359368 -8.901551593416068 -7.794552003755042 0.014726659873864678
60.75106144764433 307.70585938891355 61.30556715812506 -9.9880317951588 -2.849836047415124 14.303941562526676 -0.07972582711834433
93.8018707230548 -789.6358548243755 -335.80308323293684 0.39942145958779385 3.4514495596217394 -8.116031267957727 0.031158825888296826
25.478218710457785 690.7545972176298 -166.28258804118101 8.71745584528323 2.2683779150954826 9.423070037201342 -0.013912282735014547
92.46004526211291 -400.9684719670883 -602.2392493357067 -3.4481071739777525 7.994741405224238 -5.322866698842228 0.0838346855364239
21.090874642483065 -542.9309588585357 192.6882180315597 4.45722699281777 -3.5999781030989833 -10.143534375646865 0.06942476828480379
27.497880033726368 189.33126614463015 -206.2231589680779 0.6202861236371575 11.373914498541719 10.44226867537709 -0.08736689225383787
99.26887217865368 141.82646839567727 83.7321542162784 -0.1930748119195247 -10.234295686929142 17.334965610046215 0.01949376659060513
85.99116244846536 460.37234806554494 237.3980843711633 8.74157173401305 -5.2025217032878945 10.088948858828862 -0.01086332982341387
70.12302109986868 0.7402134475820625 -791.821608436146 -6.466194343037346 9.1809770664157 0.008582593117059964 0.02923798916480108
34.69071880036267 -624.7622399455036 -37.49455177286265 9.93649025785913 0.6186255157359472 -10.30800061939571 -0.0790051468498745
94.02530271182437 -134.21434035091823 -471.7695658153987 5.076124084196223 11.21987776339785 -3.1919576885585235 0.09804999310317539
83.3630186280825 323.9001486720991 -302.1814227096004 -4.019280735808859 8.373461065735292 8.97528795705656 -0.08565767207270834
30.253475183356695 149.40368654531582 -353.5820577228081 1.3293408085536669 12.14643275923536 5.132392306023664 0.016127812521397097
10.318174598107646 25.138026087696122 -992.4740930473959 -8.86065011514065 8.196611975543114 0.20760909238371972 -0.07321270317378237
84.95004617396656 -224.43835650154114 -878.2423708960793 3.989615114202124 8.313603796908545 -2.1245747581949828 0.051282403928778725
10.951271398784623 -36.66657471819477 320.5865272275161 7.39756053756858 -14.288841256504051 -1.634263517244468 0.06283472478039481
82.65711868727166 -380.6079319234176 -465.816767279076 5.530394859794516 8.156872124359916 -6.664788492588587 0.0382295054089537
16.05863044378038 566.8151904259414 -518.5930015843492 -4.192108240969084 6.29173013854718 6.876776596857342 0.08447588629182737
11.927327638262028 156.78928980019901 -135.80204580728 -3.770587380209731 11.744051088198939 13.559010974761446 -0.04996777639021002
61.36016243109379 -726.301793612894 358.71069142356225 5.767285917381212 -4.0195380197735755 -8.138585615251625 0.025284951179225135
20.192758151258104 -548.3778784801482 -287.545695166503 0.3195768552356171 4.821364326704975 -9.194815242590844 -0.09433997767899677
23.980762066818908 37.07166570316633 232.5061374678102 1.5667218539570342 -16.626796182238838 2.6510398241335755 0.01645791477955197
52.64984078519028 944.0916268150319 -297.20878428965784 2.879978096429184 2.4658345620161692 7.832789224835792 -0.061552812324116385
54.2155606592237 150.79887825642518 311.85390026919595 4.859109708021386 -12.496450770281836 6.042735898824614 -0.06625346529776466
93.25186175613658 -138.2036200756325 315.5899872996587 5.787702804565804 -12.749568910251101 -5.583309511424239 0.029542545444520257
75.0569818165863 397.418932394224 368.5564698615386 -3.818078710935964 -7.545621593675287 8.13653570953681 0.07475677364103298
96.17977304272421 868.1177506866195 64.25150359611021 2.5462011816225942 -0.6463069483121637 8.732410960353867 -0.06700430004017832
2.071560652204529 -506.4027773693746 158.91169368428413 4.647629325639276 -3.3575493093677466 -10.699478785975609 0.09500625956754627
29.001577236025046 59.19173475329108 -780.2110490551058 -3.300235810127596 9.209317323551058 0.6986769399570778 0.07270306369432061
85.37014968184774 -392.12785730040525 -592.9532436411947 -5.688936495250498 8.082097352335765 -5.344798348354164 -0.07279954596885607
2.6787409977421124 -231.3335293147325 -827.1643031310804 -5.702072754010992 8.489414714373849 -2.374239628401019 -0.04702145990216658
59.27419600319092 869.0460056936777 -432.5414345363601 -0.7591874856280292 3.6946836592102485 7.423219650112985 0.007303770710928276
23.002631199911203 281.29123036866474 72.59063426249133 -3.8519695782290864 -3.787469728364218 14.67657681600038 -0.006671562295220743
97.93448216036458 106.99668227625766 695.5935739878917 -5.682380608692565 -9.625161501590078 1.4805489664590081 0.05149723790915109
29.158069962445083 459.38418574120584 -85.35577396287763 -9.69563322390731 2.1833153220965063 11.750587978896561 0.03312874022534637
75.12162201931078 -257.15114479827685 -125.78899184850061 1.8497922139974676 6.709427157877147 -13.716119743345594 -0.05458842713421119
95.51664723107709 -398.73683201931243 -829.4585901165807 -8.159729171220938 7.675167350180631 -3.6896018088123594 -0.0059842921903156265
12.148440317549804 60.24484040697138 -554.5465700475881 -1.3895440997375488 10.874570907971947 1.1813918329507356 -0.04662857644462757
14.488998902149287 359.89549186772894 59.60699978544713 -4.245776535125145 -2.210146258221016 13.344434002133305 0.04358036485125344
2.237030476248842 -155.19987122693846 146.77074281898138 5.824649020745749 -12.145464596133015 -12.842985632606654 -0.06909478762565369
60.2779651524189 -508.514879194635 19.55249105321691 -5.446365986452568 -0.4400157932898139 -11.443788791898593 0.05743231530717774
74.89113022805816 -131.0510317166698 -67.71854443465016 0.5967189746998756 9.76480783448017 -18.897159587630725 -0.08560678461097351
71.7123053118733 -117.73914986967551 -583.9353330420566 -0.9519907400238825 10.376250611564066 -2.0921681849182847 -0.056854391096153624
53.48010345497832 -173.78771831704472 -70.21339695528859 4.461383881157058 7.068786044991643 -17.496208007322938 -0.02457041209089783
54.551874036849696 -267.2548174420427 -694.2341408731303 8.039477572694189 8.839701452493777 -3.4029625724790113 0.010102382702682891
84.88641989401026 531.6556834106551 685.9046463994023 6.78178815334153 -6.931339881907621 5.372592620871823 0.027365085597015393
77.46218027711384 -51.626238708316514 -532.314411662932 8.45007303719521 11.11909245647921 -1.0783794479371043 -0.08332565981031125
33.20606763414723 -522.4387582001636 -64.38815739562737 -5.292653443120239 1.3773536477506392 -11.17570308639049 -0.014572138143432306
32.52550084002963 10.725506203400109 168.54536834964557 1.249162452353099 -19.839380449276153 1.2624932987710527 -0.037504267439349384
69.55186768419846 -46.47132096946508 -493.48282907557166 2.8263150988095482 11.552901670270751 -1.0879377559165369 0.013325072100585728
44.716742802563395 -932.4006050132427 -193.34068302276546 2.7433162413010983 1.6998472440588461 -8.197646630864224 -0.08385289848751516
63.543761058333224 650.3656666416528 488.5094789608348 3.8937885127303407 -5.440275077479741 7.24278295480679 0.045519360103052076
29.942612081777256 215.3315204373814 -3.603109657176577 8.863567985362018 0.29452878502086116 17.60183206325563 0.06894663532883019
37.11154882109703 91.36204574604652 -228.31307644380564 7.849039741849747 15.29529119166563 6.120582821264728 -0.08840460868446978
29.74447918580795 -99.09493854721998 808.932230960986 -3.7273644990756356 -8.98245774055058 -1.1003592930713495 -0.025724345457245
68.79721552700695 109.48582759761376 51.81421319348131 0.28605796065872724 -10.04125296178346 21.21763166667488 -0.08660757808703741
81.160115240504 584.2189419932754 -283.6002853803954 -3.82871862754474 4.427160221029219 9.119986804298184 0.07416246646662461
48.01177170238271 -399.19848503409503 509.0335191452725 6.645606308746046 -7.992772493156323 -6.268158285229935 0.022046367462272135
36.01203972110479 632.4692514654013 -199.1933524302652 -6.975085219169255 3.013795647243717 9.569260488997637 0.09633576429987811
50.941171459434926 -421.01468610479765 -818.8805109518075 -4.568683603004285 7.571748321312923 -3.892896704864548 0.03799660034066071
34.825861137470994 -122.67375210975277 -91.58807729513009 6.831087933843701 12.491429949307337 -16.731114205616684 -0.09560588331370715
98.36627203433864 68.5925306093954 101.43806332719598 -9.766810072025313 -19.339814346817665 13.077603850589847 0.05438382245541862
48.06716443974557 173.10582102244442 535.1560014563281 -0.550113731171674 -10.364529393654676 3.3525931977168804 0.04052420630519066
36.91202873966772 946.8911892073438 -286.39414189754945 -5.226153714758402 2.3779620505002312 7.862141658936512 -0.017075047670571913
70.56153986686829 -169.9025368303203 97.521063904714 -2.8853825386672742 -9.188530776603448 -16.0083845087434 0.0009268810883938938
96.83115278878644 -688.817192659274 465.1616081855503 8.821684849467449 -5.015006751228557 -7.426285425882808 -0.022567048152662444
59.92661966191671 -100.60628108054472 378.715282496701 9.840603277354091 -12.613480100870236 -3.3507898494776556 -0.02161087492850225
51.16466894210006 -45.008850112279056 971.6325575242756 8.532186448969146 -8.274726448181944 -0.3833094306507193 -0.060456648013614306
18.551193366917655 -117.87389827078415 952.6620504313898 8.340861515270802 -8.275316840586473 -1.0239138370045189 0.054101909158862205
79.43730791069909 129.01402219855697 -740.2353167718289 -5.46591194688173 9.284768498756009 1.6182223437147916 0.0029994559288930994
10.504364097286619 84.66093024623157 -309.40376733782796 -8.944286566721908 13.91306258782073 3.806976338374193 0.056818442592366764
29.70915329730476 -91.27112611051099 394.03096727536695 -6.460705438632344 -12.514514803819571 -2.8987921095882836 -0.03614472325016685
97.37064821592122 -482.01981387719957 558.0621496920073 4.783291759278693 -7.199794899341449 -6.21874068909691 -0.08226164073704229
60.54524160670921 -829.7918427643101 511.77092914252063 -5.408218272687537 -4.343368975663462 -7.042393267940844 -0.09023847578568639
82.36473585316159 73.98935502506096 135.98087533908347 4.473154624964856 -18.238729690799463 9.923982640453103 0.06022313546463362
10.872848964080955 -642.0771500732959 -232.71847670624712 9.485281064797032 3.3686057546745958 -9.294082761688632 0.047423423225787686
49.1496128239487 201.1039459098506 -481.7720214730066 8.975095313964058 10.43429928915399 4.355543008573792 -0.05925053386171322
41.130487800975615 -354.15132341239735 767.5564174300562 7.367440728016369 -8.068288176891357 -3.7227164943599136 0.0630265185683922
24.782563854818907 -551.9289187014715 -25.608031147895883 -2.450962770901482 0.509394083793431 -10.978951260926442 -0.07687496828798568
6.005282309066544 -199.15898828606345 124.83003927948502 -2.0417512487085983 -8.949347655072415 -14.278158006615259 -0.020415807917742668
22.009903645877827 -169.9551902110517 -19.904386116392175 -1.993786929308028 2.297273819653704 -19.615455945389574 -0.07006307643115423
6.288483281782418 -376.61448213776805 -64.95508950116715 -6.529261661276163 2.246067771917769 -13.022869451237403 -0.09277822696863709
96.19865348396387 -36.96823412670226 343.2960510842779 -7.333803741314497 -13.823341293553238 -1.4885825681342684 -0.03304576531445183
89.57121410546199 617.3821878952772 -47.32149304003225 -8.991510188685467 0.793454710696653 10.351845933333212 0.0443711427860633
25.877443494311613 -11.576999896550067 -214.0096080411513 8.551540286650138 17.621158043410315 -0.9532289073975923 0.04215614343304083
40.01653556858017 -117.63043626558266 -197.28752881049562 9.41727249064057 14.641254737418295 -8.729680951563623 0.010987674582320237
28.426236243539417 327.1804728437481 -274.2353445388449 2.5232594727078776 8.031966873215392 9.582655087231819 -0.0652876071824775
95.8095287546211 -226.02684565633274 -768.0987123764579 9.995040012922345 8.758787210429801 -2.577430495649866 -0.08050197110959859
85.17943719593445 -279.8982187013452 48.1120823133694 -8.57887534287676 -2.5970020705170844 -15.108393121855112 0.012387369176442675
21.089339971676228 82.05347193808122 -155.46495527399986 -7.471244670308062 17.232334406768874 9.095122853773564 -0.032985323725744906
46.486916948015164 -405.69701781191117 -204.1896821819293 9.1447231590153 5.4498969672564925 -10.828201128341885 -0.07463548662362524
98.265221199095 306.6622187231819 113.57359839029486 2.862522715697235 -4.961614817455848 13.39694990680902 -0.030614588804619827
79.60561404161733 -31.577956867724453 -122.61044550444171 -0.8525360778641566 22.23413613362047 -5.726335867470167 -0.03578985199021392
48.682041952215776 -178.64147695026722 -56.724820282730875 4.32467791895249 5.711009784615644 -17.985481799961907 0.0578893373271743
90.26077432810969 444.3106092674406 -808.9021843849333 6.661258651540994 7.4536780317866445 4.094126943302326 0.004290812572975297
36.337974695340364 -707.610016299617 -548.4429415647755 7.902788826651076 5.289395239215815 -6.824463891827771 -0.030527200622703407
74.45039447236633 492.3203937127613 653.8889473973985 9.021092722085204 -7.213981159877349 5.431488112780095 0.07992330173989878
33.15925521466327 -108.98038983359741 423.4585036765781 3.345569259320712 -11.964879140683024 -3.0792561295673324 0.022432270401800597
27.948699405051865 449.3565765715822 -57.44103617507925 7.8619115351601785 1.539072528457002 12.04003981360723 0.023765053546169493
67.17697856448429 372.9681947472672 47.69207941709333 1.6206310012321001 -1.6898905523752445 13.215515790950393 -0.07766227294538604
56.68325875451707 131.6012782775151 207.29799231113503 -1.469767718881199 -13.918956563949807 8.83632521320184 -0.007924143596507977
30.866824290896616 510.8967638250408 397.944886928681 -1.0218760883282094 -6.2384025222623105 8.00909815592878 0.013591074310300669
79.03167579361734 394.6682263944703 415.5567829174826 -8.352639006062493 -7.824936873341369 7.431605220756478 0.004467141161348012
88.07604500073887 -316.4703027270741 -90.47974090800908 0.7463452147780174 3.914375444751585 -13.691281269775443 0.07868192553198122
80.57091668283827 -901.2955438982467 -121.04212301055736 9.814260001698504 1.1402923949534816 -8.490766922709977 0.05282321203527307
93.62888405266666 -37.383063305951666 876.9406221049856 -2.688586569068878 -8.712171097059471 -0.3713907594699906 0.043788451139390755
78.0973570089224 -252.26570501475402 925.8590409265806 -1.9977045241670446 -8.046463043377404 -2.1923927755582917 0.09500607827656243
15.975807560411894 -542.7684689785199 394.85068868419415 8.80487904418624 -5.866259674179932 -8.063860272336228 0.07373611789739595
51.97445358257915 162.64998232258074 613.4639338542888 9.294579190750145 -9.912437205957364 2.628121471124012 0.06889307972812095
87.43481521032426 136.84308119853884 -154.6483620874754 3.524771755010443 13.463838894173094 11.913693583105776 -0.004752565417535076
96.65256355526213 -190.25257833856327 -107.49729297597011 -9.26715480756982 8.597232717469186 -15.215691909942297 0.09011745096213775
76.30616317334409 -85.37255538576882 -820.9713391045434 8.341968182597743 8.94407586225997 -0.9300916798851517 0.07635726870790824
59.703604318234724 387.2542046460469 771.776872951828 -7.927527478016517 -7.858015042929637 3.94291338882388 -0.06853224182841508
60.422879389280034 -123.45814872903546 -954.4328473026563 -1.076230703682615 8.258958665033163 -1.068315859094996 -0.08296251499759913
89.8966554232883 -587.437414356026 -280.7095212891007 1.8604057621203722 4.365433608405216 -9.13549002430659 0.0813624949698436
6.456343041112192 277.9278377573261 417.889316985256 -8.877797315200077 -9.60229097378012 6.386245973245487 0.06355961271856003
38.990426751011114 213.44208897311015 -646.7990240930919 5.358081152524246 9.400465773138423 3.1021306112083815 0.09061678930213712
23.115012431538815 612.599266878882 385.1722854383096 -6.235722409702465 -5.111943545202536 8.130317228181957 -0.06453184258410088
80.86666225784687 -402.93419432202927 -213.86067086574826 8.843823430386408 5.670765627287101 -10.684271072236402 0.08296982590913501
26.424758060733538 154.0379865682043 -820.5762128053875 2.392284886723761 8.787454284580097 1.6495747060826464 0.028027881304796498
16.151468613163456 520.2391265473211 616.3294609290547 -5.502955752299923 -6.95144241697374 5.867660984109115 0.052046187828168
96.74619671818026 106.83962928891683 -98.49547796164912 3.236464571197434 14.52644695201377 15.757070673260396 0.049446649236694895
54.53537497338483 120.41727325528065 37.66172758811018 9.072801828111718 -6.865495403458509 21.951309432022274 -0.031170837039687302
42.40775098842599 616.9695665255067 -64.1213594379065 1.818466161356051 1.0722859383872194 10.317432387546374 -0.037558452594066274
44.744314073516975 213.3318128620845 201.6041640944891 -1.3515430843652076 -10.357218155347073 10.959714722225241 -0.09057602653822475
98.5436066542159 -417.317916792132 -501.51060289347066 -4.944958113911886 7.774641922316049 -6.469449204277136 0.0747142155571138
37.71270022058042 -143.68661094714565 -321.62397062592817 -2.7557329224088223 12.56765942851023 -5.614644913767504 0.01258540593202033
81.78888100163705 -349.82471853988386 -459.0622847303295 3.4914898937444523 8.553194149465613 -6.517892746757606 -0.04386177220954708
11.256621472473514 574.8767192029263 286.6671379252711 -0.3726113940699065 -4.548680924288389 9.121836515274062 0.08925431856948976
28.144731397925288 -456.1377634342824 -375.8277394085261 -1.1845453042832705 6.757486014673806 -8.201482312143098 0.07203747291387982
24.790283022301573 -638.1109356339113 -660.9179177009307 -4.118134591578304 6.131889237072786 -5.920289756832713 0.026001060922998115
61.481150209368415 -39.323203605757406 355.74317143009534 4.020776955090582 -13.573092588961046 -1.5003449856532052 0.031737866528258496
33.6207413707563 -86.33136737377401 -214.19013770272468 3.580693381281259 15.767776944141055 -6.35535211206435 -0.0194144915916101
54.47569633691723 -110.69490163836078 -1.9771167633364495 3.9695440028271207 0.43846997463615567 -24.549076520810562 0.060551510044528384
51.84211181492244 -403.69441872480814 592.0771702219349 -2.3575272063712323 -7.973706823262523 -5.436691537848705 0.018428584644271884
35.93471808003926 50.71542524774633 854.0538672313361 5.358699130775914 -8.81685475301439 0.523562453497584 -0.03620597238969213
62.34330509299788 191.48248777258257 -691.4370115569461 5.598798679783666 9.295179597437746 2.5741522132327224 -0.08962679976297357
12.638730801477712 160.2998679844062 42.5709176170719 -5.396458360349527 -5.14893839588639 19.38821597750655 0.06353291178172468
22.18749424114498 140.6517668291442 -22.976819144162732 -2.6731630526504073 3.4889651681754046 21.357574006665008 -0.001944613388832117
13.023713012691514 126.47304912564712 -301.1841384861512 -6.3144678042725495 13.179207833386473 5.53420445089489 0.08998551856571976
11.220216656685103 723.9546238301323 -548.7674566268039 -3.7718479648245644 5.177852625022045 6.830817505902017 0.025686670451851523
93.55478551541648 -361.6235189641908 564.1029089493893 4.892193257654082 -8.402108746841174 -5.386251486295943 0.0921521517370188
85.14816486069375 484.4591387642978 -389.9666433024829 5.485245076092159 6.4958625843370825 8.069869685490437 0.06816822187998758
84.24888237297681 -808.0049307697267 448.1537967063166 2.6077730945309696 -4.122358126296289 -7.432461170531695 -0.004375431950286085
50.15207562230227 93.64155892713778 -288.73653661666003 -7.546071012042843 14.105132933143633 4.574504675477464 0.08207765188236082
50.7818665970918 383.9385364114069 717.3366977136241 -9.680811906862452 -7.985312132070747 4.273960976132094 -0.00915398687668445
17.416956987254732 -59.65513155035142 114.16602784756397 1.7809874661347678 -20.174537786346686 -10.541793634258664 -0.011811322609959249
61.436662924626646 -208.32697450630783 -28.136724550178624 4.673855763187802 2.384899628404796 -17.658022816434574 0.06357981747661892
14.967963773754988 -117.3758540260847 85.85464450689878 -8.128958528679808 -12.64774115310756 -17.291311703323963 -0.02147003263812361
10.329641334797149 -664.7718417041456 153.66816441951872 -2.137906356784587 -2.2275227993273514 -9.63631237049337 -0.01694813796866243
75.72811275386104 -874.9725419750563 -439.1348037616307 -3.0695294358631013 3.703693748303576 -7.379579814423841 0.06816634010747069
69.42478661861385 -516.7131687680112 577.7135659975779 -6.930386133998406 -6.916677920420471 -6.186350426853545 -0.02846950347433856
1.8564581947902297 406.874786368325 -693.3186919327409 1.9326548301193363 7.858532474900753 4.611787853260377 0.07209693998889746
58.216873438974034 -49.02393865096419 -170.34659543580267 -8.203560984444424 18.64739254922806 -5.366521273847938 -0.027243161055457252
69.8101346862453 -67.99902110085722 136.75042678295495 3.6133263936477604 -18.71852619331417 -9.307769544414835 0.03745216965231152
23.360881108075613 596.3294642336662 588.8569070255131 -3.7757607230654644 -6.270356177340311 6.349926603859298 -0.06207202652113704
64.19419216332042 192.3905740121956 -724.5263806251337 1.0151639467369442 9.119736619024145 2.421652834035164 0.0012912759283247172
31.52714662093244 -56.113871004804885 102.76179950822412 0.7880292275419123 -20.954923332817483 -11.442597058834018 -0.0320881560353056
20.92310617019109 -408.52571661105185 468.26047423651215 -9.554300022574884 -7.8093330079944305 -6.813116927169644 -0.08353888016109522
52.107084844557804 -115.24341708144418 -421.88550651907366 6.230488994354641 11.916946923975585 -3.2552663304992246 -0.06816898078654865
48.75171561133497 9.992147951243814 -340.0856433972888 3.989498808451481 13.99998764133313 0.41133741027805104 -0.08035687828496635
29.575148015658215 -423.89439463443045 639.6554919776319 3.4722066830493894 -7.774060493009189 -5.151805476331012 -0.02437142011750333
36.82518814951806 -466.10744594286797 594.3376578046125 3.491241086540228 -7.396872629300642 -5.800974183502716 -0.08250579167245234
6.893756731069059 -282.6907149628256 152.95686770796183 -0.9151425562717463 -6.857496030262284 -12.673837302623296 0.06055896255006454
32.042462283382335 -373.0570806330524 33.52442335159027 6.596173000472142 -1.1947620969412518 -13.29521630428833 0.019361519316214035
55.30400338022043 176.2034086038848 -257.77243881468524 9.785334613573326 12.069937429467613 8.250548920153381 0.021644265366435822
19.428582643613467 -76.35820750922109 -162.8465674862853 -5.8928936285388485 17.44134536238492 -8.178188149609847 -0.01227946024769773
75.97109875508498 481.55802248156164 -16.300117779166587 7.1342093158587865 0.3981508933960572 11.76266082679039 -0.02072397719935741
82.61494157547968 -115.62773902843377 -453.4632236043976 -4.8642346212798575 11.572143915583641 -2.950759327371409 -0.08832963834980699
92.36826760362982 -368.3443543172492 -108.9288163035242 -1.0331409195347625 3.738148737919489 -12.640603560531359 -0.03174199513657132
69.75569315162366 608.9456825960553 128.73147434880235 7.364359665741585 -2.1418010567947796 10.131481155734807 -0.03872036982144098
60.92053289694356 -10.828708386576578 -420.258432972457 -8.874455901246762 12.595878426625225 -0.32455528230562547 -0.08417270815032124
19.054516876315688 -615.9241708025087 -92.3281803694096 -6.777135908577923 1.5346458000974275 -10.237669995430075 0.06180970771837252
72.77207278246499 178.3940188885488 117.50047031753985 7.077508043309667 -9.72297123644267 14.761812524829104 -0.07339957205818544
19.145132932751633 319.66113270987375 287.8295981893574 -3.9126427535760167 -8.335050882761795 9.256837459173388 0.07217414607629011
77.00183914617303 -59.01486083628624 -481.42238632316304 -0.5706692611745279 11.64344639713631 -1.4273045631087578 -0.051880714754511725
98.12306727012314 -248.90155524714655 -25.762215507721212 6.805265878298123 1.681410541138271 -16.244942077005422 -0.01853728017878993
68.66597549971468 -40.4920870865895 576.0498164149525 2.6765318115012793 -10.724261539456766 -0.7538371158549924 0.07122787414157958
74.18722691019568 -107.280982728308 512.6494466985046 1.873199874629126 -11.049225486889547 -2.312246265462781 0.018005358559433665
78.85196804049784 -240.0647657237154 -69.66886559115282 -3.880133485107338 4.55418418551949 -15.692794052013713 -0.05706022495231409
59.89435894764617 -20.33467075697087 -238.45608324759468 9.59789801379668 16.63943470981876 -1.4189507006829136 0.07691300865151421
54.522713639811855 -87.20359211068549 716.3405061566182 -1.3718690907266318 -9.546661990043873 -1.162161306031681 -0.06164805928654853
53.96242030960178 52.6466432654337 871.6733211901077 9.092154489478709 -8.7264976156915 0.5270561754749067 -0.007579846384432071
52.16624039355808 132.11313150052914 45.415362908872 0.4179594969369482 -7.105674162124754 20.67038122902046 -0.04622559478467079
58.91115827796972 -87.96274883087095 -254.75476579714143 -6.9359471311427185 14.874925535163788 -5.136074038235726 0.0813706832431087
63.30207944691541 -387.3256972792337 252.82446858335487 5.8279887658271825 -6.56599923979148 -10.059074772854432 0.023020399041919173
48.26141309038624 -47.25409763147893 -88.36580272744473 7.522392306831929 22.75827207269864 -12.170110803656588 -0.04331168721297643
52.87227706876676 -448.3756934099315 483.8230618608839 7.559693209091844 -7.377827769372806 -6.837290122608413 -0.09301434962131178
13.365699245206654 -264.2013705497385 -842.7001277570283 -0.7845004802318201 8.295213623954558 -2.600695948966976 -0.016193212298994758
25.631156301503154 184.71967553806297 -191.31798739690362 3.2510512356660293 11.39682480824967 11.00376294664125 0.08809182437805987
10.770730706782613 -558.7733041713582 -712.023678753717 -8.790680214300293 6.7554257292722895 -5.30144104538318 -0.0818171878339272
89.98756743012399 -887.9486305267648 222.8234516279558 -7.080266254729477 -2.0782160236469474 -8.281664513559509 -0.08847826374654942
99.53917344224118 89.05427277312174 157.64163621157525 1.0723016424146685 -16.716744038882624 9.44355513741996 0.08749539828874744
37.42263389141288 512.4007510774225 -458.97491232989495 -1.5822421316185764 6.572031758243412 7.337032849865546 -0.07919809437354974
71.04967782178579 -56.89580345728146 -157.19785774517024 -4.050449486612322 18.78810377401663 -6.80011976622691 0.02341483161395641
23.399070877256737 479.3089443863802 449.2912902933468 -1.571156376823124 -6.893185884342329 7.353727350303243 0.02226685324600633
68.09404407897262 -706.9685709593537 -682.6538407200807 4.662816229131362 5.724413209563669 -5.928305071977939 0.005191317580360316
46.33550387598509 -461.3707427861583 -201.38705606567996 -8.178248481997327 4.606320208517651 -10.552919426070586 0.009900737207376803
50.3266039166256 104.0541843013597 882.6724598373335 6.793918669343537 -8.606126125699545 1.0145365067460226 0.02844349695736545
89.79009920683896 302.2833756687615 787.1449200321235 -3.407599050169779 -8.30554276773813 3.1895365652498793 0.04220653277043962
37.337232067594186 424.7610669456279 -587.1765344111213 -0.44794755899148875 7.775513909027582 5.6247744766596215 -0.08993733500698356
77.33472362794369 -154.3727056732222 -422.00606561676534 -5.243229315719516 11.445557948942792 -4.1868633948084195 -0.06927110846989232
53.82304456719159 -455.2625542972016 -74.92632559562045 4.006781188053441 1.953166609653037 -11.867706211535108 -0.08216797311715891
53.83292353364748 85.58314057390854 -68.20930435497866 9.588506961483638 15.391675661768279 19.312144498259688 -0.05452536149876306
27.8480298955771 -598.8855205212467 -551.6090944049281 5.635805937827758 6.133810450352568 -6.659517222610247 0.029492942975075376
12.955930811106539 -112.74647976343809 -532.5524022294618 8.933788484539512 10.83278880647915 -2.293405867362986 0.021399087567334246
60.270114024056376 128.4867702037526 5.651749115822373 7.089420695060525 -1.0010793522877455 22.758521310336164 0.06533244745668906
44.06726929492808 741.1178279756049 157.12674358473592 -2.5159211298986612 -1.9467069400347867 9.182009288734298 0.014263792164803377
88.44687952857669 680.5643394402798 71.90652695012311 4.944858235430852 -1.037651147519204 9.820921656676486 0.0509500119977869
3.6567871386546016 -191.7551318097231 -8.256774057077065 4.902909372816591 0.8022124873638915 -18.63056445416708 -0.04295918027642272
42.91989801248997 662.5941539988282 376.3739334278187 -8.535418513187285 -4.622373816223647 8.137539814016959 0.017067340431760197
97.21993186079457 285.3044541393327 156.72015080385478 6.081884494825804 -6.894007330804402 12.55033885725006 0.052972908978268896
38.5895515606644 106.665092617669 -273.69595383170815 -2.3330023190761073 14.04470185729399 5.473516884056531 0.05742686188468388
22.63960148360398 -713.2260392434924 611.9291496192664 -8.18920827351802 -5.487551890876334 -6.395944534931889 0.07100862131184296
58.515936776230994 -589.1541522711603 149.65087860643752 8.539756921948559 -2.579722925823116 -10.156001004543489 0.017083966369407497
26.609008451983115 -834.295134861744 74.9198143233313 8.558999242222626 -0.798369409148126 -8.890514744205653 -0.06982471977910028
58.42015803650289 221.99013594975185 697.517924211281 -4.3094153508958 -9.0991241580952 2.8958622262836426 0.0380255662106993
10.12050780409581 -445.06511427645796 728.9094305299141 1.767138197502799 -7.544938822206176 -4.6068673534280284 0.08537811220850275
71.12399832755709 18.158696286388693 -351.35302579899985 -2.797813345786837 13.755049454241949 0.7108911752669103 -0.00958693231554375
89.653843922628 289.14858954563704 596.8271577747531 1.3714948706148107 -9.028236714445548 4.373966362052325 -0.00387706141025157
72.2035119008812 189.16439848178015 159.6734826654233 -9.432298123833657 -10.591391460391309 12.547569961182031 0.03707166024760927
13.861411016240398 -446.6347550141812 -855.2823093880429 -2.9285253954317607 7.372307431652573 -3.8498735300410134 -0.007772687958027519
83.60819081087845 -782.3993942703023 -260.0872468003762 -0.10568694376237531 2.838172800980272 -8.537845310138445 0.05618365633455211
7.051156736102915 -53.09715413220721 -769.3545037009638 3.70879381051555 9.280937637417384 -0.6405257574431439 -0.06824275802965465
26.903926224421426 739.1909265987621 -469.2581715487257 -2.4560114943190285 4.679348068776702 7.371063189845843 -0.050007073086717216
58.955305806483736 11.75371001823629 -219.39218410985472 9.874385967230207 17.404387767814825 0.9324221266032123 0.035542097911902604
41.73622284164689 -178.74207821617225 -195.37383907436543 -0.2187997866735003 11.713572937227784 -10.716421298042238 0.02293401216013051
58.978732517165 771.2726654666943 -341.6603416639849 -9.56689736450274 3.602662165769111 8.132740363824489 -0.06923254198851221
12.697956317535684 182.23305243911963 -889.1676253672856 5.147384047962845 8.400576890625494 1.7216807330292345 -0.033499382653551554
87.23017109966625 -445.61556194353324 347.30714959553444 8.647756453892306 -6.681500889788931 -8.572759809571723 0.034225402520047965
11.12544920869072 756.0025696023233 636.1719854732569 0.6518579796202939 -5.291819906338458 6.288597326536594 0.057273685530132096
22.06697155959375 -62.25298820979239 706.8063999403116 -3.81397735935985 -9.661300922693712 -0.8509329463945131 0.02592842551285504
41.418223960463244 -149.72011168014924 -67.73879171688685 -0.41126400101015825 8.307327338747317 -18.36132510481052 0.05246789302476551
17.74990542140736 -119.43611165021382 29.169751481609524 -4.1399061714509795 -5.527909993328319 -22.63413438992603 -0.09195339699629596
46.68056592371735 -870.7532536647666 377.00052909511135 -7.697744841284228 -3.332266180967272 -7.696492167050232 0.03222178818533217
42.157585858340504 -243.39970623310833 107.15071054219597 0.2756865729751148 -6.38292320905981 -14.499219147798728 0.047860900190947187
93.32479982994174 178.88463518070134 884.5986651857999 -5.535298894413425 -8.428979974642235 1.7045187462413975 0.085934435565378
12.564377667334977 -181.26673736452597 -579.4756857165834 4.994698155030232 10.00639553844013 -3.130116960453658 -0.012981913195462491
19.044209649273714 -116.6388842764187 -9.872138609376616 2.597794868043785 2.0138356808556526 -23.793380160601057 -0.0417696582809608
15.363736253076215 701.2438900187341 -244.7311676823573 -6.747661885124192 3.1235789991454195 8.950190974385906 0.08286375011759956
68.48141306844623 99.09457745085597 346.35382026343405 -3.1932637721596873 -13.086251108094471 3.7440803251025185 -0.08911723742990758
56.34143115120386 46.66074456386895 160.04158462373604 -8.89736379721294 -19.20936625037816 5.600565215284461 -0.08318893042498487
10.856311243937387 679.7062384120295 220.93902756876446 6.806653467858258 -2.9872929103076067 9.190235194948281 -0.09138809478743692
23.164947343655964 238.69360128869567 -294.986190363157 2.3300376724649148 10.309840171212223 8.34240028710465 -0.009715547532680155
71.07737648758287 551.843107557865 -183.43185600972254 7.906594261337286 3.3792362067372084 10.166217853670258 -0.026946162443439725
57.51643311033269 -521.7526009826732 91.74750162585495 8.690123776412033 -1.9439317189463792 -11.054812529163963 -0.012832940046662425
27.67650700598315 -72.15159467025967 -579.9501296158611 -6.724163046923277 10.604854065481153 -1.3193498768190035 -0.051523196215775835
97.55000847990222 278.6555639077953 -199.47880399560614 -9.02902240010693 8.123358094385654 11.347666445131926 0.026637958949151413
46.11836878521207 124.46863041251561 289.100739528279 6.351896295075392 -13.374881004200839 5.758384164771077 0.04141219793068049
47.011316289475516 -360.3234856896833 13.116120390448664 5.427882936432978 -0.4949235242624707 -13.59644194345305 0.07708222315903346
75.80969094555863 107.45706751190063 -75.46975922897167 3.1954816958854177 12.957516198735169 18.44946515238808 0.06206230637774365
84.78032480728756 -35.648285038090336 151.33676713803422 -4.034735162935359 -20.1669899641489 -4.750455690298721 -0.07167373538671373
45.1396043453684 -459.8607494907053 -271.7392032552632 5.764246077154333 5.686731579525732 -9.623582519510881 0.04555500462319437
49.74105810663643 374.185779636385 111.01729005685212 -6.0517949767095995 -3.7194897838706416 12.536607441187517 0.09574981995757945
39.50864160923483 -921.6662166425444 -297.00433770242995 -1.9062587398341222 2.5463881101578365 -7.901971781786306 -0.03365916688868156
63.076822427358174 829.4723501565543 -373.0953827084745 2.6803084389495666 3.514027674532967 7.812449386401438 -0.001928527751662773
4.496221103944857 15.210058662665826 436.61014518086466 -2.2208796257549697 -12.35267162359718 0.4303263726447075 -0.08999071620267314
3.265110520921812 447.95427533336135 92.2011275945264 -0.7929991455103789 -2.435419418949887 11.832355735888614 0.03252280498587676
61.64310075796908 455.0467867815977 656.2046099891248 1.3059784835469337 -7.512666207029007 5.209677843817492 0.09144745168320631
76.59036348500756 185.55333705282774 182.9593225122118 -5.493803935838875 -11.236605800611702 11.395919458061492 -0.029145656048900695
86.4241431766146 -708.6959164542646 -196.3315640684739 -7.677651581483755 2.5434189001705723 -9.180951605697114 0.053488430247762425
93.79056330986887 -735.1104064495189 468.4658179744182 -1.775270690035331 -4.702577119958869 -7.37922223004528 0.06303483936755802
4.43074365302481 99.05926098228706 33.74358988157369 2.855485171543041 -8.143158623224881 23.905437391493546 0.07479883626045578
97.98849488214044 -383.46590422487924 -535.8781998404975 1.5015479343325122 8.184514584523962 -5.856708272010977 -0.04869006395947542
75.50365644875819 -624.7597310680321 344.2962898183562 2.7734645297778915 -4.668565846620888 -8.471575294485673 0.01237091344771206
43.98252065765683 637.7490564471734 -360.5407936434801 -8.24445852940794 4.697322399370515 8.308943067865497 0.07068622757091844
6.766603418257002 55.57795506467378 184.59764745105946 -9.907161269978289 -17.816675225633894 5.36417656868944 0.04739528623680497
24.072203137332302 -883.1283632425625 -220.1223769486969 -3.4840049814297043 2.071089916884782 -8.309188160606313 0.08110773579304101
72.96830550085939 -74.0016081911103 137.59893660539575 -9.244447331963668 -18.20312856154765 -9.789761613689935 -0.09404523868293482
8.286657875803783 -310.951879643139 155.2073843867634 -0.4141248683278693 -6.188962973547217 -12.39934348014451 0.02152342388903719
98.22360270483368 -590.1637173930097 100.9977513610205 -9.4174578439098 -1.7809567250164442 -10.406727151723835 0.048780581435333925
4.831748837878804 269.98956242417233 574.7516481459901 -1.4080889162253598 -9.279303379824006 4.358952370474043 0.08787080396943964
4.702345916601143 -25.230590033519196 -755.0758721364725 -4.268168418651152 9.393860107382636 -0.3138924735218717 0.0944466435328529
6.006269228782865 -499.0487885033861 -835.5264248812578 0.2857002631686676 7.109639317377467 -4.2464927288655225 0.0271665283581132
54.34048394449921 15.387783058734158 -161.20332014777907 7.679922742632666 20.209771696385317 1.9291388182665017 -0.06612527366703322
85.90303753825219 -401.2037062214179 -526.9184793761731 7.117819247984642 7.987102411846059 -6.081500678048848 -0.0480371407885472
39.82349882265889 -680.8496399757864 154.23352525963216 0.9987188871238555 -2.1602538474686037 -9.536240916683914 0.0027324111744022883
68.58895347124513 378.1327271388479 -5.79849435287743 -3.10910490067317 0.20369253650437283 13.283243828289015 0.012948038181287841
19.350846920473053 -487.68505216275264 -204.56411228323145 -4.774857422632199 4.345427801322851 -10.359589276458467 -0.07263517400684555
66.94190224215572 -492.0148808519737 -261.2533267504127 5.219895915173296 5.133278535394535 -9.667434510355555 -0.012029326902335158
73.50337072281916 -898.7672487299942 67.60006548673256 1.8731468308961503 -0.6454188618196403 -8.58107652025768 -0.029925543248107464
61.76991197436914 904.7268745496675 12.724255192273475 1.6007677294084104 -0.12077987451773102 8.58775596132977 -0.07981194367666807
18.17271115749794 -173.37028573355525 354.10806389423215 -3.3327311184965343 -11.68546775460029 -5.7211712754172535 -0.04230944955412874
33.725230045820965 52.28360414183327 -109.16156382996907 7.945442018391649 21.178653419375017 10.143646653509112 -0.08287651593832145
83.15137071426207 804.5037877948944 299.5382894019137 5.288032581007794 -3.0766415214231584 8.263283343889471 -0.03490697721018361
95.88121828609967 969.3607747005668 188.41351488879803 -2.2901281841032954 -1.5685848506293758 8.070146278450784 -0.059416982877106776
50.414254181093185 -278.6221502720754 57.855678190087005 4.689953617540148 -3.113689102713743 -14.994945703107788 0.087688582640261
50.919171461284414 818.4604797780536 504.3203875012939 9.610217896172642 -4.370982421184708 7.093658036053711 -0.048829366314660595
39.41309880178807 550.3512423318876 88.8718677233244 -2.6274164352503337 -1.7443050886392844 10.801848741685856 0.08207086854556842
52.64046209717725 -223.49344173704617 335.05627062093083 -4.521189338784087 -10.709232114430343 -7.143406506553005 0.006402794704486972
85.10323478186281 108.62936252800304 -332.4795069142782 3.689898898624616 13.130567704770925 4.29008456081416 0.012755194032279135
1.0704343819497268 -52.605627126799355 151.08689814475457 -8.848230044748908 -19.289384556881156 -6.716202291296833 -0.05296382862685683
83.13907845431093 -727.1830454638939 -136.85241935831561 8.647578099485518 1.7565200436623654 -9.333496629127419 0.004467039729295033
11.3788051137679 483.89038793593693 210.86302991462833 -6.331361992170681 -4.492128034138985 10.308576036195019 -0.04754227154904378
58.291442203493745 115.09161346536388 781.8188021400185 -0.8489193868273262 -9.092149489051625 1.3384561124635457 -0.07038301953908882
68.55279700131535 635.7049745804198 35.58992968402004 -7.187089581004146 -0.5723046318000765 10.222467553064 -0.059251048642494246
2.3911596373381556 -127.25819158096732 -55.23257136714753 2.2841611870985403 8.732827397819165 -20.120805432864742 0.06895525682731438
32.777532514350966 -242.49773430489986 129.5247847861283 0.06216521460481239 -7.3407887734634345 -13.743505912903656 -0.03938936246561262
53.813225551498064 229.96272148081334 41.167865443008004 -3.691349827236272 -2.9785171746314663 16.63792640412274 0.02296471199316534
27.255506712603342 791.785777454968 332.9302847879336 -4.917368221604638 -3.4167768513269046 8.125891332899435 0.08250924537035698
18.978249545673055 213.0151338791185 -229.14273177995523 8.56324910019849 10.697501564386924 9.944586547472145 -0.003153055505742741
30.734058944938397 -574.9347889473526 -774.4173822486446 -1.9076756801271362 6.679137580549484 -4.958654910448027 -0.033842388950369603
77.2685439165348 207.20819545877524 -34.2598687538782 -1.6604263095740084 2.9079928429184565 17.587923459863152 0.022340520882229195
4.958473492676246 -153.63150179559955 771.4129473325004 -0.3352263183139321 -9.034204683336611 -1.7992158905671083 0.035870981571005156
13.918893949893466 839.6446049168504 -83.27249644062006 2.924588346778563 0.8777545784896745 8.850483986576055 -0.07163680556669604
97.77412924827668 267.0066531946916 -829.7674435580477 8.646688600544337 8.329750099024698 2.6803879968485957 -0.07938374203342086
39.081561547385384 -685.421636338984 -383.3905748582884 0.44700520209851824 4.500291986420407 -8.04557466879733 0.04605806884925384
86.09284157139305 -332.27614096214654 -75.0946153859668 6.382619252607665 3.085583084354196 -13.65298476618717 0.04126993704324372
89.92035163551033 790.9374535389383 -277.39864754064905 -6.386440429034175 2.953300152318823 8.420645604153195 0.05123172110634347
31.927313010388644 -232.91437437641312 820.3541230257766 5.997538036640851 -8.51040818042312 -2.416269195698156 0.05066925949495116
13.799106437037567 -435.6285414569398 -154.0108858058783 -0.2560864638627294 4.006071704773028 -11.33140144341395 -0.0441966917020683
89.20153990422426 208.38402416194887 -731.8986972901519 -8.981642656824217 9.007180889196379 2.5644978013962065 0.08149325885940092
19.18276702550035 217.66965199437195 -916.6462600500915 -0.34419473622747176 8.189062024267143 1.94459996038728 -0.020019229749652617
36.03239838555892 -27.691373307732963 -202.34757893362521 5.955306762367769 17.910600698719318 -2.4510751881872976 -0.00985785258761658
51.82242215002534 293.90087211560257 -86.88987664997634 3.665470652743215 4.183860695414012 14.151709665163901 0.03735337540962225
44.970387521825494 -123.28071301046405 199.2562607526526 -5.181062416795797 -14.352531529961963 -8.879973526730563 -0.05055943808401558
8.46020273315256 84.41803273495317 138.09882322742112 5.93000535227084 -17.32589189202439 10.591094657588327 -0.04967050256759867
11.41860158804177 362.0821649267548 -513.3099178306647 -1.6101098842550456 8.423110421747205 5.941552950725283 0.08145607372776567
65.28595365621342 -529.1350644255115 -270.6420046607263 -5.046262999937506 4.825629170443754 -9.434638962260527 -0.07933551537476154
38.95011546386398 57.53251146978912 280.4123165809711 -4.138341131201999 -14.958008478832639 3.068951481398804 0.00202127259113645
35.39474237629395 514.8761991363392 760.3769085412475 3.483640313277025 -7.0592178369019605 4.780028441043021 0.05133266799910466
7.649676913389024 -393.50188901657236 -819.5774928401247 -3.06337035024365 7.723971134199377 -3.708492800948388 0.00908879825169126
53.92496216090097 181.03878474015318 15.451648401822023 5.225296355330171 -1.6298817289829408 19.09646141381635 -0.04979273909132867
93.66799589939583 -611.2368878939872 -41.250017082942875 1.165960939696685 0.7028013264169238 -10.41401012520986 -0.05387774970736543
8.950902100887037 -207.64705271825642 -130.61171862181067 5.7877156751263765 8.782408304348445 -13.962309197130242 0.003938952436398566
73.21140365526634 683.4569881380004 -253.69366096581533 -3.2580607951524883 3.3296685485661452 8.97020930297304 0.06569243007126854
67.79762962711209 240.26421377241513 -865.38101449055 9.377960503639077 8.306384714525466 2.3061830099214196 -0.021050081276185656
17.60551333915758 819.0791255546353 -279.7837297091247 -2.8545781706074136 2.8385086993376345 8.30985856736497 -0.05078618976440028
61.92587966509686 -716.2449652178434 -294.71901178189717 -3.7880230218072652 3.5324030367510697 -8.584671463493898 0.046299202062037775
80.15470141982831 754.3522456573933 -205.55639641863104 -4.555489038139113 2.4290847351249503 8.914271493171197 -0.0014155737133163815
75.81849452150472 494.4188023279224 -664.3995601588767 -4.797383235094454 7.2019093021712814 5.3593644324544245 -0.0035530348841832093
1.7828422054507027 -276.97410924446166 361.02156419153846 3.2435423232241085 -9.608987954878433 -7.371972046886372 -0.02191169879279742
6.208560688849022 175.1167826518813 -39.36113053610682 8.132895413558675 4.228875909949845 18.814173614884965 -0.0137042793773616
22.614931228031597 -458.1091091143 -32.871628163612 -2.3528092249596133 0.8627757362416387 -12.02390772759523 0.08781460343950648
57.476518756762694 181.10623871118614 -746.5546550996955 0.796144013711471 9.058292627969857 2.197445687051286 -0.037961723529246275
3.547266253189816 -394.1863377045392 693.861657417961 6.724914602425233 -7.951695063617453 -4.517398421084003 0.02282760106876773
56.490915675975906 203.61441045064024 -399.7232008735272 -5.227409970686113 10.868774771231724 5.536429115270062 -0.03691374554240316
50.724609877013215 85.43509968197796 -186.7911256842321 9.106103351993603 16.392731767958924 7.497758084198544 -0.033836556730162864
3.6399065419065266 40.11505258170923 -167.88355035654348 -2.2954091140552464 19.125520381536415 4.569960869474675 0.06569019691161776
19.416707956245702 157.1161939650545 -372.83204253211767 -5.151711984966547 11.835892498101432 4.987796566120095 0.07467400425792031
58.96805454574719 -241.28949261714013 -367.14652853590565 -8.551205390177088 10.300191330133256 -6.769308019384589 0.06381303990333573
19.03688688468268 -281.6233858063309 -176.28573052872014 3.90766276338854 7.5201667640347045 -12.013762087060448 -0.018715190326157843
62.377420584288515 913.0175443963534 243.99632066576882 5.769502795226135 -2.1696926604896962 8.118841544699617 0.07728951385555441
30.871913863497806 -115.91380743585061 330.67155325202293 6.593260542406245 -13.02431244405029 -4.565550407274904 -0.04561598498872779
43.847727697538424 -93.86497336298082 136.5833765756028 -3.2017738907069138 -16.538962871934903 -11.366165842050219 0.06688463810209813
2.76653124590534 388.99275614656744 139.88272630185318 5.481037534962725 -4.299754691958383 11.956969045411494 0.04576480601486302
91.8040259215252 152.64646702995296 246.02096514482233 -1.9480143992655758 -12.901375914709288 8.00480337944543 -0.056075042978563895
8.872959768534265 65.05099005085295 -88.1897364884978 -4.440415367316913 19.860451647197973 14.649573679991933 -0.017010882880995462
83.58929893198338 -219.8465083789054 352.2722735863316 5.3289437619941165 -10.755361793564187 -6.712219251872208 0.0037603538819685756
77.28564068624202 -394.9721407390594 -23.597280049952566 -0.6634432858145232 0.774559109677936 -12.964598844901586 -0.05051721980660515
16.21472137810937 -88.11913654165424 652.7725520916983 -0.7126839895943213 -9.975617420686074 -1.346629527794939 -0.042471895279930276
70.14635962096678 53.83661117608888 904.7290401132578 8.34575042180041 -8.566280206007155 0.5097432228090095 -0.013202668603288198
84.60148804234616 -124.48368228263078 -532.3662309893565 -5.194674046476441 10.758656401658568 -2.5157064579455506 -0.002800537930935071
25.067895079804888 -87.3850898537309 814.5163133193029 -6.310285551958435 -8.974811480183337 -0.9628594231834284 -0.03376520534722398
53.05048933913424 -270.81330513662283 400.41781727949933 -1.0060848390765962 -9.733254479637546 -6.582860955776549 -0.050473996375249325
83.92127376105923 32.98832122769129 -144.38503121389027 9.159644827443032 20.69511506371094 4.72830942256327 0.08146816416708369
51.74373958791206 57.653966298816314 -159.85724451948403 -2.4288050135080796 18.642590437631643 6.723619464633314 -0.05889580533957664
81.2041746353873 -337.80108355932543 -254.63092861453802 -0.7954766231251114 7.560867761218014 -10.030475623228721 0.05867464879326445
55.699871801392945 327.4301284287534 -866.1702981681071 9.858187214069712 7.941365536366065 3.001998963681111 -0.028335562125318847
89.06436208804891 -234.06724107252015 -115.32671809864459 5.764917585800509 7.068563704177002 -14.34636510827329 0.028702388311074856
83.03959328173315 180.7659200163243 -20.377263785450786 -6.167641491760325 2.145659924775226 19.03406632155793 0.05170042416359691
71.09901091188183 -550.1895245131561 365.3709039371819 7.7525770275799175 -5.561209836599444 -8.37428312639419 0.09249529685131663
67.58265337917668 18.104423539588318 -374.4301239492767 -7.0076150621448585 13.327750488530576 0.6444226151713153 0.07817424721077401
38.407863732425014 83.02194053552194 -346.10294295154023 6.0204758192962124 13.316110687798464 3.1942211766792847 0.08024396197106856
54.654885681870134 -126.41445289392023 78.82516501817305 -7.654558107383529 -11.199297016044204 -17.960672898728994 0.08603107522569706
1.0861896270382765 129.37308822222641 -61.02552686001564 0.21032554691729644 9.215334949543962 19.53635474806308 0.061995116857514715
24.053603424718332 310.01849468255074 -264.3203992670811 3.4910462185184095 8.30420611012524 9.739912185866972 0.05189248774586494
94.4504115771702 179.25027134096163 -101.28008383701452 -2.2821385220201247 8.857115294648674 15.675740577178768 -0.07635569516156471
14.261435502858594 -77.61012442129015 -91.33591612118792 5.0104479710160135 17.98258223062436 -15.280193198949943 0.042615182867807494
25.846168830459927 -72.4597598471162 -222.15147739344798 -8.012473442983836 16.067468971459682 -5.240770652004214 -0.08103785786601936
84.42430490249941 -244.66848141959233 544.7025148906118 5.385083622691813 -9.64405288510437 -4.331898072111128 -0.0378880542929408
31.769023099813055 790.3912893176115 416.98137917037434 -7.766707612105373 -4.032513811921522 7.643659765664128 -0.05516968756548708
4.874336536554712 -378.22475999278595 377.5229039903123 7.668638673802629 -7.895018691142856 -7.909696386719606 -0.012004027395843359
72.55196959877529 518.0949638623204 -390.46553717736657 -4.794077440484211 6.104673223382222 8.1000758118707 -0.06336976282679647
4.079893864447632 -339.723909327912 617.2897499777866 1.621862331792439 -8.526669034244474 -4.692631520226966 0.0876197721152904
25.71576929967032 -926.4295917442689 78.60953240398311 6.188703409336902 -0.7163457620604753 -8.442282908933787 0.005064627617097958
98.22686890334917 -337.5162441074367 620.8002475769941 9.297030357026706 -8.538408707080043 -4.642156069872494 -0.07995750729278513
65.64258256652258 -549.0081672355908 293.20384949440654 9.233348784513417 -4.878327179905443 -9.134400755084727 0.07053930580376955
65.309288041934 194.76817780467488 -8.370656162500252 -2.0719163761798605 0.7944824155137206 18.485993136438218 -0.05476965803819829
58.134071445282366 -188.2739259695595 883.1505289791684 -9.58469503512785 -8.408311543196914 -1.7925209497895116 -0.06723999385423512
46.810232988508524 -282.06947090547936 73.97378844128382 -1.2724532306266756 -3.8377904404560597 -14.633879672727497 0.07993231211349744
59.04201064374457 -18.71545872168493 -630.2139391453649 -8.155075929062466 10.28422877671563 -0.3054106664413046 -0.04791826671755237
37.40270466255755 -155.29023930560444 -94.80270444498252 -9.128891127485833 9.979916294558558 -16.347461801907723 0.02652254455884545
12.211069754622496 -79.607096618868 -67.59659607933665 1.3159030735348853 16.362925729918764 -19.270275207647515 -0.09976734466344449
94.21711333502817 100.23878133149935 175.15037826678724 -4.465247619394612 -15.783902018660013 9.033146937292617 0.09706103497980847
34.76485230232009 -38.65272664526982 -368.13513595411683 -8.296075177097723 13.354513599459583 -1.4021708694080905 0.07414393352249732
8.900579007125348 -183.02337576677806 -11.806061468918097 -9.8703279309535 1.227992034124342 -19.03693692361791 -0.043904390770636216
58.30126956885832 227.528742820167 -332.54978650119324 9.369472085548317 10.62191649025001 7.267457095055791 0.04966424789362506
1.0108625469070516 350.9929966438195 830.1267142216702 -9.498948952021582 -7.926059486837 3.351285199236718 0.08966264732035475
3.6575894347400206 -144.3688672176651 -208.25648769849644 4.664510171482743 13.33777844191305 -9.246098338347627 0.013592555726706437
17.545760034602115 100.54077852386976 -78.66887673791915 -8.65233028598661 14.090300616210756 18.007754175881765 0.005602506315882355
11.66000922557297 565.3761123355575 150.65572190766986 8.654185552327817 -2.7500356079318506 10.32024818645608 0.03611099999083109
78.15056228271716 -170.1583064635137 -463.72610119790056 5.778407863407619 10.912586816796797 -4.004232858761963 0.0479541250561584
8.402488842319874 170.09582718848336 -615.7296273251415 -4.710018032032743 9.852658605105413 2.721805222726699 -0.06504460544289109
8.767106205969505 -58.28334910954202 843.0415610338183 4.992111346535319 -8.865949724245048 -0.6129439719818195 -0.048227029940085875
74.70276070504673 495.6561226789268 473.4622258679072 1.3761288826263787 -6.815923171901363 7.1354246807529265 -0.06848700861061037
93.16604596610104 -71.48914978883158 425.9344538784919 5.839237260692325 -12.259778346732116 -2.057690150741908 0.05757195858539174
48.09294535232435 -582.8066997866971 628.2364932860992 -4.026431449792753 -6.469951579072138 -6.002088652722646 0.04848206039843714
68.57770752315959 207.6374774704801 340.27908133260274 -8.519809390549295 -11.045583977695532 6.739988791950784 0.05336303471719983
64.3369062870116 -140.1069280604439 -706.9678241296859 -0.742176644790133 9.43963216836764 -1.8707468996324896 0.08433032447173361
13.986242771821281 72.99982949728097 125.47010036656351 2.7944475711734924 -18.533954764451604 10.783250621164237 0.08211621256135421
96.43581728024584 -597.3369380021776 185.5916462272801 8.217009878270535 -3.064896386412156 -9.864537871016905 -0.08925076301688617
36.81619860457466 -568.2245996242575 419.7490484447563 -1.6680309768555173 -5.775272614154996 -7.8181284294943785 0.09224895920140644
91.03408350277725 -212.3804277203596 -83.80405366543202 8.559151747707809 6.275683860049915 -15.904152175695202 -0.08051596199751442
39.413477072492896 -290.8147023627044 -858.115356637839 -1.6359033488119117 8.12862137499362 -2.754784176162415 0.010040558776440014
70.2750692934148 -105.81437329100717 123.2485564384447 9.314269058819558 -15.379547920052659 -13.204026657076206 0.07163930967089235
81.5690497506767 -117.14952916753445 -25.146423291531658 0.28255330366173226 4.953314993703763 -23.075986298468937 -0.08725339851403768
38.2557217479022 331.51946567551823 96.02340557626707 -2.8214885624171977 -3.8687975350973876 13.35696941745678 0.03854050261138903
1.1594917635238238 305.52306112659835 -200.66159581296873 -8.317994701552971 7.418042583364166 11.294553242511409 -0.03323898478948335
99.03772829047547 205.60716108351414 -527.6247558702343 4.880797849973533 10.11561315765202 3.941897116888498 -0.060196339369230106
44.61001428361024 -40.725981599948575 96.75717110917518 -3.0413139014932256 -23.239854391108757 -9.78186806691405 0.086752955975617
13.781973810302055 -157.13840230529118 -547.1576772817027 -5.291038554288114 10.407159620037103 -2.9888357655023974 0.015227099194984842
66.30432402000491 -550.2820557035261 320.5989592238465 2.359193835155356 -5.153429055634557 -8.845442110985907 -0.0818214921276169
72.63798225974263 -175.49552578037012 -105.16943296671431 2.659882292819532 9.28428593180971 -15.492625519944768 -0.018373719574035885
74.95595291997655 -510.05187111545985 -662.4701112864072 -4.966526253883552 7.0794929679152965 -5.45067403542501 -0.07254343821791742
21.417846001828405 -749.5836638231245 275.3963773512596 2.5559069592610335 -3.1527472283080655 -8.58125964194914 -0.011752765033881757
51.95418725360497 306.3927567693002 137.78873624454133 -6.3006163617768 -5.781027427717967 12.854932694889385 -0.09961321065324424
52.94134475236979 -242.2936577359829 374.2232987206515 3.8684034076533074 -10.270805115746015 -6.649909152891063 0.04274629101947508
12.960615849518506 236.32679472719983 -131.5328715070699 -6.739915400231009 7.639604019342671 13.726174378997294 0.07888588252301854
16.940910344512535 133.47738093731746 333.8836172646839 5.481005065098088 -12.65065409778057 5.057379544253249 -0.08974930459145805
8.01452186266007 -282.9258360740628 -531.1719845115006 -2.985925853779648 9.294692932217925 -4.950767069008517 -0.04107659401245998
18.290348013194098 518.3103494642102 168.0686365467478 -3.718843097050404 -3.4138144767519814 10.527933175438962 0.07775555107934645
44.73234367871407 531.7684414457432 277.7926041063913 4.641302102710203 -4.883657061290948 9.348609954509714 0.08003430960795282
16.0292657593111 -215.0872188379504 -16.40069100108589 9.936362745504091 1.3373797959887777 -17.539096421623096 -0.0459362704140828
73.5198229690174 81.6390132757988 309.4591368993821 0.15659960794336314 -13.963238467047765 3.68366893931815 -0.07621996696675225
47.32859719448534 941.5016713451615 304.2186397459735 -2.030991882964532 -2.5252837721054764 7.815296571056305 -0.015692774653530445
3.1223065097955724 898.5337108730425 83.7548919253247 2.976947870522249 -0.7981667556951129 8.562839977510324 -0.09032136780758795
12.071010779714 -79.21834903771811 -337.65260501167455 -2.7507944166529334 13.5056293439912 -3.168622553080408 0.09393966429192321
88.47946017475307 -289.8143966100397 -101.56670737057536 5.440700525358931 4.875758771802866 -13.912679883482484 -0.07426743445750661
14.2716050838866 41.020775065071255 494.18894523133474 -5.29841588073046 -11.56164992948341 0.9596892964014532 0.09519249395259768
30.05431469411014 -42.16293740112442 -168.30532223173353 1.3660756959117606 19.025158607602656 -4.766079650852358 -0.05423550341179939
17.083948163617602 567.3832378318746 -501.7638660344256 3.519157069825523 6.218617983698067 7.031872650208048 0.07548491160410117
67.21293439409192 -64.53496275668981 632.619799423194 -0.8346537909435128 -10.191999041654963 -1.0397086514983114 0.03785771902768659
81.09491211706356 -577.084972640099 -78.21351772524116 2.2922233378120094 1.437792368027489 -10.608503408324717 -0.058267927978567835
41.97095381816798 -102.5881887485866 -108.56949822894055 5.144839227386528 15.364258264840112 -14.517810734758427 -0.04426214070940591
28.493992388605687 -107.38277741990628 -71.627854938503 0.8095644160555988 12.618190336739552 -18.916890999115463 0.07220952623150995
54.90953546667703 7.585207129626287 -201.48537694527866 6.11679264686877 18.181084832703103 0.6844531170855843 0.02430369218460679
56.24539630480593 633.6613983396461 438.859072073453 -5.527411615761332 -5.298099266589758 7.649838418396911 0.08350867773825474
74.45677631405825 42.33919351932216 -130.77696109901697 5.501252561204094 20.963805593970505 6.7870564852209085 0.01247659488540638
88.07139874019954 86.76347943988242 -106.9600269591401 -9.463931624232636 17.096303595567573 13.868122771497289 0.006986653731825526
45.522992858377776 234.73252753803396 -241.44771586523066 0.2552552325900912 10.094309826978787 9.813565023581804 -0.09905153774664693
72.41609531430778 979.9275003900392 115.83258700201235 5.972574386388045 -0.965435072392974 8.167445809204692 0.098647730763294
34.60418533117959 20.712118871710633 177.91692181733487 -7.444335474442838 -19.173861928589677 2.2321165600113413 0.026668472407647192
32.202889009093774 -314.70038616487795 29.34609033552595 7.512357372844342 -1.349233333192612 -14.468852447721828 -0.0391666465775306
80.36925772380253 46.96461633869315 264.6065276258229 0.26318064147446485 -15.516721881593602 2.754039730394509 -0.012870783075062314
54.912999770422545 364.580691172725 -177.88334353240032 -0.3394490395858458 5.624602564282024 11.527900531531857 0.02544010322011553
91.11724249080392 213.68162354418268 -160.04747657144975 -7.482244875296904 9.478696807041356 12.65514062577207 -0.04245938623003107
61.86374642309622 879.6952486794873 -297.4347096305842 -2.350835837141374 2.7154321696130177 8.031183652663973 0.00969645391411271
92.6657019152806 -107.59114649359088 34.907978237343364 0.8072424333474331 -7.496560694405935 -23.10542175734171 -0.047184370908759335
33.35992931950858 97.46641992528144 512.1764493859076 5.054329146765584 -11.114914247218895 2.115151723106029 -0.012116177254230531
74.75605759939938 674.8203296404262 199.78650551033564 -5.11058829232967 -2.764519496581893 9.33773756748684 0.053046652692856605
62.14734540469754 -410.73242561752676 -312.70529754203466 -5.57459962732066 6.887833395488554 -9.047037386368967 0.04922879870031746
94.81073303507915 -209.89024870140037 -171.60953281583787 -2.4216433129722903 9.93143846975547 -12.146831566849013 0.047864997469010656
63.03625391796157 -461.9390274628431 -244.87343904737983 -6.216699295015093 5.291812402936903 -9.982686094654413 -0.021269135765749958
75.63766935979355 -580.7155711140147 -442.11808985728146 7.97726023553604 5.79268280342092 -7.608603175583248 -0.04124982915188043
68.96268900310842 976.4990364342722 -95.95766054918478 -9.876975919674983 0.8065746709462926 8.207988653366938 -0.027249996574255794
90.56773624152171 260.7339636101251 -304.6048378433548 -5.488245470183992 9.801518901808615 8.389849914275985 -0.007572594998827301
64.31846022735368 -47.7210144409413 118.39738463509809 4.096502682082532 -21.207988623153916 -8.548049726504066 -0.07579860337377736
47.57412203993008 190.91701063895323 241.1005941633988 -6.116173996902987 -11.549303332365248 9.145387944101577 -0.05175205005657329
51.9764823198868 58.2222743938994 160.20885345335788 -9.55864326198123 -18.59749906018688 6.758607093070063 -0.007436119110108372
57.57455810775622 -234.4731795653767 15.48334618365093 -7.145849016446249 -1.1104798583520614 -16.816632538130115 -0.06406032768042519
53.31055609583307 -52.89539079371457 -178.76741955191804 4.1004420345523585 18.14352153637097 -5.3684763389550305 -0.07604290215163621
37.15425481989196 47.30689891034625 -505.55809023043116 8.179235230178538 11.415047535193473 1.0681472816666038 -0.050636286236755715
10.790493285762459 943.8102594692936 -128.2761432298309 7.600369511323109 1.1273526216429217 8.294659814021887 -0.09286221416243456
2.375346413602126 210.0526185711819 -726.2957762953894 6.072965469390162 9.025711665524977 2.6103337396263755 0.08872956212364794
85.6500200778539 -419.41234511384727 441.54545557823405 -0.7977238052898645 -7.590367253266499 -7.209889015387669 0.03965908922648384
48.00792958054139 -83.72003577400204 227.68951257384333 5.310374474969528 -15.567806068778559 -5.724186706131992 -0.0405176167823883
58.93813738743159 726.3501729451452 -491.1433346938193 -0.24304151867600154 4.887068153112843 7.2274681288734905 0.026368169710984463
35.18134105976627 52.45418731457127 -574.2728543433036 -1.388493445840835 10.713650944607327 0.9785868324108765 -0.0020566385200766757
60.99373881753313 581.9982765174908 490.3803014229459 1.8023918560011065 -6.034167597542268 7.161533878495553 -0.0037339130975194285
37.01007251388951 -320.0335894263178 94.47489391459446 -3.1206450987448004 -4.004150319306087 -13.564054387279956 0.08696074806814294
87.28725071850475 -250.1741748238737 -399.7643474336998 1.391030548769642 10.084579858238978 -6.3109716028361245 -0.04363698202678637
59.438755694747535 -641.857987570592 -425.4244830769337 -5.979722008991564 5.1434210966152305 -7.760122056032596 0.08990908079437618
82.73746019206827 64.33012821395738 214.88072711000208 0.7796194251075246 -16.525174074922372 4.947240179681233 -0.02545082789006041
27.309905423052662 -247.02209628293033 -33.697639357638224 7.058148662649774 2.2115305574901742 -16.211726539863736 0.06898844719938321
29.483948592139754 -19.02409102837757 578.3732850779991 -6.806693419859744 -10.733627984964903 -0.35305488880451186 0.09437381797436387
55.953843966512935 -65.5843170440758 83.33980071238496 -7.909272933012595 -19.714368291863707 -15.514236527147363 -0.07882608822991932
52.16724881653319 844.6479951437037 422.4856631781699 3.2132712158340855 -3.760701078336447 7.518524066015632 0.010287929805236337
91.44577662473544 -135.5773598767647 260.65231399995866 -7.465233045942144 -13.371424243026608 -6.955098034011704 0.002682862931287347
53.39546104442955 47.94359894592895 179.4902668058331 -6.652163619124201 -18.311950472693386 4.891300375246834 0.07210466981783178
86.29139223244798 -664.8688570583863 -96.78607145765405 -8.363310034838346 1.4357587387482544 -9.862899250547597 -0.04962295192911459
96.27995194808771 -295.15528037673636 -106.62528957273496 8.028340621036847 4.95488479101859 -13.71588687437884 0.043988706408328415
25.086636798240022 -56.5069306501929 -97.24540829222386 9.453832764859644 21.062587788685924 -12.238955117678778 -0.06995966393368494
4.023799919764641 -573.9083342606748 3.840502769299948 -2.1543111578230434 -0.07216266464099949 -10.783680457409709 -0.08013378117633847
46.332094660627156 110.0158625378651 51.3090757051183 -8.256344417010844 -9.91082674597049 21.250590425516464 0.07935485754795829
31.17007100013732 -372.9859340226003 279.12957371062487 -7.891511484815313 -7.1716014445510705 -9.583027794850574 -0.09380160378440033
37.78441162467216 118.20173481452966 -47.193873735568665 -1.2651862510554288 8.491298474873549 21.267298721477356 0.05039148396530321
29.75861183773133 -141.8691444091256 -831.7953616221068 1.1810661825974282 8.767072809900485 -1.495292202745116 0.01101977884118703
8.38138254840082 -570.0725912933402 588.8346561515245 -3.6811175662122864 -6.483512364474995 -6.276927921422416 -0.04457455884734945
72.08296974144159 311.9509217182095 -74.08216759699765 9.587476129515235 3.333625513041239 14.03748817277721 0.04314694516772549
12.215248218190691 119.56141431211364 364.77675560275117 -8.172687341162625 -12.530024220179525 4.10691578923184 0.044686829718858984
67.09734328397619 -257.46105939316874 392.93632283099515 2.12041795844182 -9.970001058279761 -6.532577635282036 -0.0317794251857612
20.907223512595724 86.25749867695296 83.55217395975272 -9.850396074228131 -16.402377922189523 16.933468333255714 -0.04426490653630506
94.55573896055691 -649.3566430641755 -449.90119884154245 -7.080989918933069 5.23470667139808 -7.555417856892429 -0.0007193930641079815
71.02795444896742 491.13315602830994 -523.9207859914632 -9.823831250751835 7.03343748023232 6.59327600613767 -0.012125888255204512
14.09833054410448 724.911313965396 -96.06437691129146 2.4195083889054825 1.255068704987797 9.470872901093182 0.08248961612844521
70.20926418578249 486.717545778859 308.58022415987585 -2.6737248343066184 -5.762406260544819 9.088930570806788 0.027104940723078036
24.472558833630227 -207.1180685398642 -27.768671564555817 1.388641200670758 2.3748056827723247 -17.712952707507924 -0.011175818525477554
52.649572508689985 323.9863227069431 -398.93178432256207 4.798537534160046 8.84623143318106 7.184331017188418 0.06570607409054402
77.1149182507828 -778.6290969909261 357.05477712254105 -7.582457386911501 -3.679391574333693 -8.023646573467461 -0.031228489368394202
49.04755922831889 362.5410951968065 167.65738922531543 -3.4539406110396342 -5.425791094925452 11.732690428692035 -0.08960151969992365
77.00217464346466 -188.35030934754718 -97.54412091124415 -0.24999406582357153 8.157591196993636 -15.751690733700224 0.09879689926189228
6.86865220351841 -329.6809378558145 -401.1322169140858 4.456081011703862 8.759002012978502 -7.198813449925914 0.04550449264701012
44.907617282331 -425.9948196095059 436.3512989359371 4.039270937946837 -7.485869233216151 -7.308197595379335 -0.06872497408792308
53.630980454144904 32.44631287951379 210.19096817310006 -1.5033293381800217 -17.50754787192969 2.702567959713102 0.09707803799669087
94.81527068393986 185.50766355430363 648.647229902874 -0.5191656476891122 -9.562930400965497 2.7349178315016642 -0.0018343920253961477
32.61973807470647 -202.92272322685824 -197.18083428037914 -5.2950284373712915 10.70321780655115 -11.014894589132394 -0.007004731450386131
25.523897863099805 -238.809654796018 -248.53860684284993 7.378858600908039 10.034143436367792 -9.641360594444238 0.04217754640978072
39.777141484896816 -731.8969159620865 169.12032085098127 -2.557430130622933 -2.122172470831149 -9.184061848543653 0.08386335236043793
41.89260964067813 -302.26797102689943 943.2942773825888 5.078914162751833 -7.8170314504650955 -2.5048792223587366 0.027690890041113525
46.26386422327275 -732.6900223509716 26.526289877642878 5.50966213695197 -0.3452012066707051 -9.5348984346399 -0.011286739106468227
92.7829983933395 -457.11249932578033 -475.35746181874987 -2.959707838519872 7.251347600870219 -6.973029544190998 -0.05853751330011863
94.901749178819 -111.73750707251283 361.53645065953424 -6.290059828681032 -12.688539006547286 -3.921556773590965 -0.06156585012828622
17.53077909647471 -310.65899844910365 334.4451561992641 1.1729790203716952 -8.859576938644805 -8.229472747401168 -0.03851175589646312
20.383381112427134 -167.65769452212578 73.08061043560674 -7.007223689265858 -7.633243613900559 -17.511786209831243 -0.09480790088439986
41.65666952187357 160.04410747554803 8.895691124566191 -7.620602211970981 -1.1324480260885497 20.374092474644744 -0.051625718930819554
61.68639345341291 514.2054509128957 -388.3986575553123 4.921287000268659 6.133945441740056 8.120800935816485 0.07683092032704342
75.87486088065015 797.970780664875 -194.74011547799597 2.546665190717034 2.1371469574079582 8.75721379651274 -0.011110689503394083
9.397238445301548 751.767255608676 340.76665386848526 5.383595492567233 -3.7125103485504547 8.190190220976596 -0.06540699986827608
2.799997954622901 -513.6563870850272 -592.7275785402475 -2.5284595755137858 6.971275332618367 -6.041291531510161 -0.09881011703848104
39.66290666946715 345.0788886649575 28.40195818037596 7.735221396208761 -1.138870889700484 13.837084698697074 -0.09551091732056312
84.06864223410605 -481.73012208478434 -502.5118619239489 8.581935859573786 7.068441468387677 -6.776120982455294 -0.08006928664349022
47.41091538874641 232.81389796983163 364.4025541603387 9.079509059053944 -10.469304184946624 6.68875530234848 -0.05502028662890626
93.90000383741517 -264.15636588579184 306.12358395735737 4.353446062000046 -9.727041950387374 -8.39353838478154 -0.03125549574836732
98.15335308942966 -83.60670002261011 -485.70893590110455 -6.160535957168585 11.468429791205809 -1.9740990918868715 0.08030549052468833
41.880853141516816 -187.29811752166339 -135.20606542113964 6.948131704996282 9.94900042529697 -13.782140949639688 -0.02248361095655231
49.29190730504968 -226.26483860922195 131.30339199655782 -8.142672271007562 -8.01703243171122 -13.815123293491089 -0.04886845565040648
30.199362926589497 883.3538882525132 32.71206799715169 -4.309760990176175 -0.32156028515005364 8.683386456020441 0.0604275536923303
6.155882465241818 -503.97322000844224 676.9271141455206 -6.6676959209677715 -7.133200922395929 -5.31067845075896 -0.07042473907600273
46.42333436214216 56.229054134184445 695.1256170974921 9.874548294501434 -9.750948828939057 0.7887590617814606 -0.016360111266883928
22.679216049629506 -320.91156434478944 -453.0506517777626 -0.9001300396502216 8.947131054101607 -6.33756471092781 0.0722541113386665
36.1745383358861 -3.6566653942553793 -228.76826661467743 -4.828016688915698 17.077400448206927 -0.2729676635963683 0.08977841666008593
44.976059867585896 94.43558376034326 -38.65658074863002 -6.741722553476375 9.688640268318887 23.668735875329286 0.06576498801355399
31.632721307265 -767.1058777739951 102.27885259370987 -5.221228567990696 -1.2273438057517805 -9.205252342648958 -0.015283946935374909
83.91223751069333 70.68304597305328 -399.0838155623067 -3.63546428969798 12.636017307024746 2.2380065474974997 -0.01765899121453958
2.2124823379330647 149.06343192931453 58.70344650566656 3.9553522845360156 -7.479073506432755 18.991327270927155 -0.07532420080285779
39.925017793527644 -74.99068603291268 -662.5468287008629 3.624155535949738 9.941416737203348 -1.1252241033645571 0.04585254715676429
2.969639226862266 -566.90813928629 231.2197015297324 -5.351347128698807 -3.9430912787718033 -9.667733869975072 0.04070108845611389
79.64710473692674 609.320491317781 -73.284361339249 -7.532460556753813 1.2452815622287459 10.35385393909157 0.010297540305466896
49.44311234937233 -492.476313997796 824.6607152449099 3.0013954107036707 -7.156797195359452 -4.2739432564744595 -0.05018832346732514
52.20709617012521 -127.54162325838622 301.8107719953186 -8.586632923666821 -13.14667760408922 -5.555628750408614 0.0974171770398223
57.571545180836324 -117.28809158481315 231.72370806141882 6.479127017646867 -14.302942909961681 -7.239504718745903 -0.028488897422771498
17.38555885317802 26.29295650988156 130.4638342657285 6.565878611407662 -21.95279778142485 4.4242449302967755 -0.08302860687022154
75.58481226252403 -783.644501880768 -389.79919170233995 7.912564697181715 3.8891465725728915 -7.818662515166227 0.02343240356131318
71.56543333991411 809.6586264917114 140.46548795250635 -3.4033215546628215 -1.5404964953404332 8.879592380402755 0.03754104568633168
17.175931414502912 726.4453512995015 -94.03302639987979 0.7554014248742327 1.2253678595313968 9.466490862507662 -0.09578979583641022
60.71447020257999 132.34335969823428 -476.5876575249091 4.949046946133265 11.192729084010923 3.1081026706880794 -0.07565303013162815
64.20592650662424 -219.76936072076015 -163.2694781690024 -1.1183983225390541 9.311191562850484 -12.53335675635601 -0.09503932205749964
7.6280894772697945 -101.08303138732606 -321.3955698337273 -2.204552020974453 13.42637762703822 -4.222768072982859 -0.07275757435168176
9.385527818362748 369.52609902532214 -814.2680959169783 -1.328435532005571 7.8672508070093174 3.5702669861995675 -0.0995055769395704
99.3198768314427 23.438919743549054 -901.3042255595784 -4.033970805206614 8.600960461845498 0.2236727802507225 0.04110222303704453
85.89862388757697 257.0996952784049 -824.530818292427 -2.209376098813715 8.392220535188054 2.6168061816954378 -0.08786337997661287
62.677964112342394 305.73744160141473 -574.1617532638062 -3.793279502812017 8.94079815853451 4.760917527728501 0.08973168832159548
75.43130251939245 263.2809708874306 243.3928976464019 -4.890862255374913 -9.261664319180207 10.018451637523723 -0.012222901214496762
43.33312429249617 388.82040354157493 260.1640318890493 4.886120204597992 -6.642253610221424 9.926982259612208 -0.08096245671625378
42.12782286533522 241.60666184306794 -210.33395814760493 -5.413408881735986 9.47778402352565 10.886952253266806 0.03917933860200282
30.40562520951127 82.39222832661044 -171.850296608717 -3.587709623335682 16.874649717734425 8.09041369093932 -0.048283852172984254
52.06585205550146 -405.11547146534656 -693.7300292351877 9.328680298534234 7.871033847532151 -4.596424334662419 0.02339808969532789
54.50482503575742 -438.69817423858615 -718.3828247740137 -8.93395553220625 7.59958948391193 -4.640876586385118 -0.013448399636212444
89.05904706625269 746.626772847059 456.96446735645804 -7.719914330271984 -4.558266888944301 7.4476777521813355 0.025675269851710147
99.88011329996293 308.30921264609276 546.7336404615834 3.047352851576406 -8.982132119115557 5.065124727261561 0.0003149149503017812
85.33601218003518 645.0938978294624 157.58353179278456 -7.430662328210483 -2.37903305962192 9.738959979109486 0.09095144851269385
52.42640545418073 -145.95600136537126 78.25827230845604 -8.66933557254317 -9.486222636119917 -17.692329298715265 0.07420663139047354
74.10508905016715 684.0469230426545 380.5062059393376 9.666321093900393 -4.488755495242337 8.069564535041636 0.01972619043455788
67.25753283729526 -92.39140500034262 -145.94051972817473 -5.765605101017776 16.608726197966174 -10.514581910179725 -0.09683931643876192
19.597926831387138 -87.86095468453934 454.87498745887405 3.4952435726037088 -11.784899487506717 -2.276301288004528 0.02109358646333978
67.61815202415421 54.27558482461791 94.61269187284977 -7.783193441782963 -21.45671327591057 12.308873560317526 0.035556967725362154
6.879622680998809 -832.9468173337782 -448.6177420074215 -5.935167695699748 3.9828213039019786 -7.394888829518116 -0.03601925705713507
43.484458321645036 -540.2806321326949 -722.1367736500517 5.735340344897713 6.888114082822265 -5.153476137295816 -0.07607902533142917
60.350157560445986 -500.18213847010287 -170.97808871901432 8.642750686222705 3.634588442558183 -10.632685353297548 0.044950716583597616
85.7174446926583 -272.14366921538215 141.14579476882574 -3.082524738392318 -6.793276320764392 -13.098138325373032 0.07587424239009383
20.540248388434975 453.40729639734235 97.16211381165328 -7.370241219358098 -2.5138694143405127 11.730979184557404 -0.017572403999845013
26.12026962136012 -171.17419286356596 -558.2284190274368 -1.8982951453725896 10.221764080390647 -3.1343839841601877 -0.03933366101366376
22.281142948005222 -208.8269158396125 127.24207373142106 3.424440256421841 -8.596307207770518 -14.10807187564138 0.010800474350000061
68.21835444417742 -176.72350613558456 64.51224357175393 -1.7964609301464503 -6.458872705235098 -17.69330234009007 0.04101413087341341
55.50419297695086 574.9082187102424 -510.7426300115609 3.4762766916235286 6.187374111391877 6.964705939650377 -0.053401051322030324
68.52477844292132 -257.17196227710707 -479.3021676258321 -6.994744356784384 9.760875496825253 -5.237246302254765 0.04298536695909183
82.93926065093872 -26.692703173203082 180.68118710632962 -5.928504437260942 -18.910975033809866 -2.7937886139539168 0.043321381386112606
26.7538447339509 802.7427905188756 -70.50194077820322 3.658216114897657 0.796226299693114 9.065919528527033 -0.04884710944430366
77.91759843683127 162.40768980452762 316.9299494127442 -7.230703496628628 -12.183530280252684 6.243332351978034 0.009916126130864927
80.26523562724877 -419.8268978350824 42.231259381787 6.902428783569107 -1.2587867855863621 -12.513776737059157 -0.01158428109081451
99.8923589382974 453.81008029811306 -238.40660454020656 0.8938964561502232 5.3067093769566105 10.10139049259974 0.007246143345520803
41.23186328909141 444.15777769610577 -94.28817736588752 -3.7376726467778454 2.5176577956482356 11.859782665806023 -0.00010965116029534872
50.51825055429467 183.98732397547883 -427.90610240685857 -2.4267787019081766 10.996997910606112 4.728392995462737 -0.06943060507029893
33.25214007833355 -888.2159640486042 -114.80788627435783 5.559998220159212 1.1066231841303926 -8.561436067048703 0.056587980022760165
17.388416997521002 340.3813201425986 294.7160944959646 -6.254744517186587 -7.969646458724011 9.204515238062129 -0.034869691806472966
18.46531963172802 159.36269711131834 44.64195522607617 5.733857231688164 -5.417008247591926 19.337617275917488 0.0007340361185242533
45.17849382665368 -945.285605792893 -108.4329438541677 -6.919186099819068 0.9544684914611028 -8.320767601536982 0.05837747183130526
79.81174725892056 -279.90390086037974 -469.9984014992026 -1.0545907962305527 9.490288215017147 -5.6518675025261675 0.04522221104339852
50.9200833588899 85.1081490587399 -202.8560918661262 -1.3645742475611655 16.061915481855664 6.73876679977054 -0.022587811980820535
38.71128485279429 615.6690991043333 -151.0580639094946 2.7349376870654503 2.44503474455663 9.965256402080485 0.09634297729498251
44.656039515752866 -657.753379549789 372.94123640512544 -8.72401301619491 -4.633968383943387 -8.172891779536524 -0.07754576106631622
10.935930936914717 55.86085153744219 516.3162550176716 -6.609175580090632 -11.270792015792933 1.219399996387968 -0.07677133677686857
49.862977187378824 79.5868277704385 -225.2065181083005 2.623990970861385 15.760879198948235 5.56981382623289 0.004821467420555961
45.210565124953405 388.08542963750125 -478.1025945022622 -6.562335651355696 8.083124187665875 6.561233424071592 0.05035480071429471
51.61396688319219 20.275343091725674 -382.4115160190758 -1.9610388877357323 13.183266612240242 0.6989728144576313 0.07061630659282117
90.07424687135833 9.375666553937924 193.99968074067698 -0.4011988622506131 -18.515799994659247 0.8948363526504064 0.03728425330760024
3.760462612477649 686.6160120390721 -447.1711654552215 9.084208554945445 4.925370496605518 7.562737737688127 -0.0403842553492289
22.719761600040027 -61.305978851693666 416.4905305291502 -6.611113984906836 -12.457139431609825 -1.8336482358352684 -0.026129213555466227
26.953320171894298 196.28985616014128 -198.6960747408102 -8.418424541006948 10.997149232830708 10.863973251106138 -0.03695734683836492
28.72441590843069 -247.7334276414759 -264.6623436273297 -9.398454720812603 9.90612622451371 -9.272488751567451 0.022792492439584783
25.26380379316105 -82.22679388263892 542.2337723071252 1.2147188458979201 -10.90696970058936 -1.653982461547175 0.05074064424057703
81.18609747021803 -555.5993212057168 -489.9704208625999 9.651422923420078 6.278196840970616 -7.119127512020402 0.005886632518763341
48.08502673110927 -131.9950883085585 -155.6666333393562 7.295237932751924 13.792708972385038 -11.695311961011797 -0.05092073181276067
32.84779238506614 -107.0959535255754 -81.89901784628506 -9.52009852801789 13.515746465367728 -17.67398185452281 -0.06873367197428937
15.798057695458674 -153.51214861317712 121.50472558728544 4.23655514031079 -11.459012707802598 -14.47760696761373 -0.07287908013627471
34.25128398083815 430.10789872514493 359.88875172135573 9.686256352046222 -7.000716258152988 8.36665037449256 -0.04520773497869351
51.87247862018075 471.2250599901654 -156.24919039246794 -7.457475317387832 3.6492341433661806 11.005564725209501 -0.025928957533729743
83.57248838425421 389.4386251554043 -431.11118133572154 -3.827064786806047 7.95368150646651 7.184853756762509 0.055542046727834915
14.410277751438972 413.1851591043363 -326.11256322726706 -3.96143561600476 6.976323987046082 8.839014075462702 0.0754473035453351
14.100714968642128 -38.39415062268102 95.54355392909001 7.707366264055963 -23.62340343715306 -9.493058113157144 0.044096949848763556
9.2842846514774 74.92583242635337 362.31779724900883 9.787380961885159 -13.152803656285261 2.71994577735376 -0.05787542401383006
39.941984835348215 101.15416590272015 37.956286192329706 -0.8671062952626265 -8.731805173139245 23.27041335494114 -0.04976669772564826
21.662086819474062 335.5495222516616 9.743352991487793 6.910962816497992 -0.4092623997193974 14.094511696475307 -0.0030565988989585263
18.002845167840004 -97.95837617377104 -503.1848539869369 -9.373425612639068 11.200122011850775 -2.1804030000821415 -0.08169853771301526
9.201951844139048 -67.78665721994912 240.9740256106593 -8.050359161533652 -15.71853428009014 -4.4216669931307235 0.031869362459374134
59.01683321577313 55.51384693969679 -274.21901474409617 4.689305276954132 15.138095460640258 3.064608466866337 -0.04545426221209264
48.7877594012079 -282.40425763012223 400.41054196296426 -6.452118986956892 -9.537627081555604 -6.726762193410958 0.0020329519239039584
84.9379869476857 103.95985254241664 288.4295100118474 -5.542295089273351 -13.880314961672914 5.002939874628445 0.057900312969290435
22.806070879274888 -52.24310135801657 -312.42898637163586 -5.34192806125721 14.316757571005654 -2.3939898329744187 0.04913829116836993
61.3538020767108 309.8798151444822 -264.1326877621777 -0.4976182436043821 8.3052587308804 9.743708974671042 -0.07800588010710743
61.07983842595232 -221.0801059253338 -4.484797870400581 5.180121129585071 0.35236050874185565 -17.369768013557312 -0.06230755869440381
64.4625803185368 -404.6432677550635 -485.1291610737512 0.4194251407569318 7.893324977371308 -6.583774113324487 -0.05452382358835098
4.705609987282838 802.6258153228574 7.947079688031675 4.216528645388081 -0.09028358847059699 9.118310329216547 0.07341679799715842
64.23894200737155 -537.3714648285322 -267.8027038006539 -9.902386286927422 4.702742227222482 -9.436497255213183 0.0340574298908492
50.573539722128665 168.44210639433865 209.44851915944207 -6.386578204787215 -12.27977547556775 9.875606929355207 0.07512193033434486
42.81281817348571 727.4400537978693 -391.3503696514987 0.15397471419968056 4.258685373076798 7.916022462577279 0.04271980655334792
66.79331222187102 276.70946088881925 705.8709394360716 1.932557673150173 -8.735307142792749 3.424340053029405 -0.0894052808052426
86.6939895905009 -56.922699720619136 -341.16109741850744 4.1525213932204466 13.701853660601847 -2.2861531031527105 0.08181637842399422
53.23848575576952 891.376188095648 68.07299113299145 8.512864406655115 -0.6579486848227522 8.61545498263868 0.09863610574570683
13.20025800788169 289.26402837245735 -859.9382859356742 3.9066318667527877 8.129315367250676 2.734520080685131 0.06944794790129766
68.02117116897507 650.5666401536719 305.6689449988 0.0794185928276967 -4.09773583403906 8.721364330284063 0.030716640447845917
53.90723423620847 -139.83287286436146 -490.99973500032814 2.074809755960958 10.99666139070416 -3.131762900396961 0.06621318652126171
19.529029439577396 66.13443131430398 716.2816146690312 3.429709716662426 -9.591709156389133 0.8856045128047927 0.03477052215960222
33.3681085935624 -207.43555876321776 -20.813408198117532 1.6203574794882396 1.7863167459223148 -17.80321650310026 -0.06132857184067522
85.44953762518855 -739.3559505215027 501.81358364355685 6.1578920301593385 -4.853485443228555 -7.150968925881925 0.05907082304916572
79.9363477286232 249.6845373740116 -211.3267543222197 -7.259513533468227 9.2281650911013 10.903163392503618 -0.005249623179029356
16.30702605127842 -368.96076045784696 1.0899904569316488 -0.22385363381642875 -0.03973309939485044 -13.449617356595386 0.04755676671388365
90.7654230031734 240.34496739564648 -736.287734248367 -3.3612818041974935 8.82468568611729 2.880624917202866 0.03841045780735561
49.02481472735652 29.51369519574603 -506.4941430403196 6.988855342216386 11.450159858262904 0.6672071782919637 -0.07226938789474034
8.284229172943764 23.070934872683196 245.72193085500427 7.533778593746469 -16.37276850107294 1.5372460832430408 -0.022443008452214766
89.86652070239555 -16.90043288727833 892.8050673279079 5.484314323753942 -8.64386238624766 -0.16362476143069904 0.07777829811484502
25.650632016396834 -556.5612603316664 108.5842196803702 3.8682032655601812 -2.0774577936770493 -10.648255624419841 0.05116080743370485
65.73692856309297 -757.1943372844574 -421.63077475795285 -1.4904124617250059 4.269283570237569 -7.667081098388164 0.037496405592017
59.93731004254992 -132.33938635114066 495.57124423241885 9.104127558999938 -11.02078842038866 -2.943036735149982 -0.06545151291613541
90.96180254001598 -609.5025016096412 -175.86936478800516 -9.071078697108685 2.8436797907444267 -9.855212409078542 -0.01368146100445071
56.531628682995944 -452.1536311187699 -258.00447098264715 6.123253908086955 5.611669073764925 -9.83446735894112 -0.028071928134672394
42.054929677644914 0.6603047367127443 -776.2765262536144 7.878901203113024 9.272447846145282 0.007887191003030933 0.018816838430487468
69.8786199222278 -137.3424910280129 -308.51790859251827 -4.104625546674319 12.8431766302726 -5.717379192545114 0.010358468166248816
42.80984272367617 -239.54391904420274 61.07107641454591 5.086017550277067 -4.059280640404169 -15.922037897322458 0.0666976708707134
54.7142280474971 230.17287320398515 -18.376554677985208 6.780888066196116 1.353057182991976 16.947521713177803 0.01383890977106099
35.20313277798666 339.7190026175415 -530.8999554597116 1.9952309897731588 8.667749194921964 5.546429381196933 -0.0421766601444457
90.7519539842373 527.6893396753849 656.6358017861287 7.454429172860543 -6.9383307376477745 5.575820196583323 -0.06524139359727069
98.71932365725397 661.7154848172653 -581.0911667610887 7.115389461161289 5.74442239247657 6.541440424262398 -0.01216881917883543
54.44318249899275 201.54332553443552 806.8527141121453 -8.274795246755511 -8.691430889626316 2.1710280631274355 -0.06612849965109009
35.571124759813685 410.75442439865986 599.1467544776225 6.585753175182621 -7.905843307564399 5.419974476897376 0.060217424673785436
32.11906269728752 -404.0256513102227 91.91828955648582 3.241631073443287 -2.815491403128866 -12.375455998976514 0.02698825181333922
17.441330144817176 155.41501066123013 -510.32366754367024 1.9439269926607476 10.700168854170599 3.2586512488284307 -0.007835979978601235
32.945017503628634 -14.099186213453809 99.32779565231014 4.8117062577383845 -25.536999068894325 -3.624875623591508 0.0068209615270313495
62.821580028292544 -636.783229914268 661.8526309193181 -2.2292796977335154 -6.143052266213654 -5.910368080244972 0.06907508113977234
14.238246819087466 -236.4388630948476 105.29006059480183 8.221037962875045 -6.532598968780264 -14.669573409944778 -0.09191852745540963
43.985620696755205 647.1119894015009 560.577564743358 -0.5927532199375847 -5.781094785059182 6.673502442059004 -0.00804381873594466
44.53103828904963 -493.92812835419227 178.12145282307165 -4.001724859328643 -3.824729051753264 -10.605916536459432 -0.0021754586197467313
15.83228755256751 561.1010310937842 447.0839376011622 2.524975054858828 -6.010556027811512 7.543391522288571 0.010100741202727054
47.82481227802525 348.8307796846089 125.18542745799522 -2.1178445654687845 -4.5328874284775695 12.630948250178342 0.005857182724857163
15.168206416005702 441.7377705025888 748.9988809124224 -8.111129703453662 -7.546333552480517 4.450608197011976 0.03486603248627787
2.548744183363198 -842.7797376757848 323.22090370021243 -0.8580675863108151 -3.0791741312413 -8.028767746384776 -0.07882240166350676
47.4304370590167 88.41675313936469 -311.8979692660185 0.052976852523316964 13.804477945386315 3.9132897260835273 -0.06713901047286104
17.98453760246351 -811.5005377789693 -344.8442129225305 3.3315352729232437 3.402680553550852 -8.007317494746186 -0.08695570989399048
93.54231126153192 334.65533319929546 -937.7654389067292 -2.164480487989689 7.711005035745398 2.7517850972917786 -0.021818474363896834
37.7845905481482 246.12894291849457 -430.5068136413413 -6.245690248645454 10.071481679764114 5.758057853942593 -0.004636168069331065
56.046674924130066 -145.0047536782031 -229.09357645999012 7.01668182679861 13.257293458533837 -8.391202416494131 0.06294514537495363
1.3113902268075512 39.33842674528115 -144.89057847342144 -8.367147047380616 20.347737958274987 5.524499988455842 -0.07993254457887407
98.98291441762068 382.2887511628386 -460.4602433929272 3.605117984483165 8.125116909462932 6.745730692150257 -0.028181196798223132
29.9259095082473 428.741064395338 486.46936508731807 -1.3091605787239207 -7.611251210871941 6.708039970705675 0.06832360518344432
28.25200098525025 137.65846791353073 65.97674977164742 -5.865661223977867 -9.037283440323534 18.856015138682636 0.03133828784696541
74.32274893857247 -102.29507915384747 158.12892285330818 -5.236954274427292 -15.806186567965858 -10.22516992410362 -0.04879787550488346
31.96070509520854 -341.0229625883297 -590.6425722871764 4.4942073432789975 8.567007003001605 -4.946385929082824 0.05469358088750281
92.19165762075909 -65.04946840899206 195.2890138912248 -3.217364815368877 -17.08412451928016 -5.690607966463481 0.03288702753389389
92.2076046189522 282.01141955521695 875.0193104660264 3.8522215038888596 -8.10970453777474 2.6136900769117775 0.04305836947940142
70.9519314253426 -468.12143923536 802.2608237497136 6.374332017072756 -7.321514109184377 -4.272124003455813 0.04776636632760772
42.843277271486876 -319.9644105693673 87.11698952229219 -2.124596272698918 -3.727006421028433 -13.688597588504376 -0.04114098124250998
9.209817226841045 386.29800789418715 -100.15741176210284 -1.0286326090854843 3.2457174561597912 12.518436383719825 0.03345682516724252
18.95316719044269 -873.4687722534171 -296.3238418323039 4.847524826338347 2.732850520074056 -8.055577214985242 -0.07558992455892531
31.85429025122524 -230.57478947105463 267.89004354491925 -8.173280276097163 -10.41501447170943 -8.964274063249091 0.07890976112872114
50.844265401229265 72.01637847836034 248.616156944964 -0.8044456923248848 -15.423887281218613 4.467821068836241 0.023169911145131714
48.200007526550735 100.64738105352465 93.65943850063691 3.9977365564494693 -15.009763119338485 16.12964344415676 0.04237568021192603
56.16654820439447 -439.4545539096752 489.10706511584635 -0.10845401746669658 -7.494336588729423 -6.733536637155281 -0.011567855281714362
8.900988027157137 875.6831263303908 449.1326772257166 -2.8172291143996775 -3.758278632541784 7.327592378478702 0.09818925044853741
87.99416883486954 69.79573752946048 -513.9895946493972 -2.697064454721618 11.240206033121092 1.5263314242770107 0.00891137522882443
71.1830224346115 -75.83334906472761 351.2446491094682 -2.8604684512626317 -13.321668143174193 -2.8761340933935338 0.06478953934529888
89.31188965694744 -891.6685007181006 -225.68913256922255 -2.6596011845160206 2.090174482354159 -8.258008375074615 -0.058669775915259195
21.739109877007724 163.1707625695172 639.5832360343625 -0.03614866746299583 -9.743515559472021 2.485770067715765 -0.034953695849625085
48.75484150465109 34.60310253179887 -163.52532367230492 -5.407439405212231 19.549807626945015 4.136876066655925 0.04525763171185054
29.929681468731175 -73.1888269325142 83.33555868867396 -2.041364401312638 -18.43175908802577 -16.187553634756576 0.031947943904096415
20.976183746345665 788.11583979521 -20.62298364852146 -6.6546813084255145 0.24068350017903212 9.197819389341747 -0.01996743127738107
36.01177645797013 -309.4105434314931 111.59375334975628 7.318147481038785 -4.832905201241671 -13.39995994204402 -0.06062632754948101
56.019264797349535 581.2217336897634 -722.0135396429994 -4.389560702937159 6.610083971609983 5.321125235011127 -0.048451204483174595
19.25384618585104 984.3599367599392 -167.64370503487194 9.305162759818753 1.3726070830183925 8.059589360394867 0.06130376300695789
33.3919630330366 27.87427472229095 568.0859846249358 -7.767822086777945 -10.81963402530894 0.5308869772860613 -0.08706970833720029
12.638702535741642 254.71204582386324 275.26758508173293 9.436504943934576 -9.791563496232866 9.060380898823233 -0.0746544945096275
16.4071123781737 597.6378318173042 302.1203465166186 -4.919925318078036 -4.5040063950351445 8.90957741660081 0.06047181995846429
2.9568749086284147 399.2700915251223 467.30386343522065 1.5396422850304798 -7.922546832112613 6.7691201513213475 0.05189820865158476
14.273749813322917 738.7665887329343 629.1296503417484 8.86692503634265 -5.377123743590326 6.3141823995884305 0.04337237010670997
27.596396126683402 156.80287473525502 844.1799047706095 -1.8079289764262967 -8.668361454142136 1.6101117635856386 -0.05043367449753944
86.0433672618208 21.239735074159714 -230.60791320531055 -1.703481074687165 16.904966740829433 1.557002142823388 -0.0742705053424147
99.42165526057528 -431.22145918102206 -585.2106599539343 -1.7725220224072036 7.713980210634834 -5.684164746392908 0.047631390211598124
15.067403811638629 -662.1743772630574 230.12154206667026 5.618303058818308 -3.20304720042961 -9.216763307948685 -0.053896195196524804
44.24163311800866 162.86688446376195 -52.89303818087813 5.665455102681188 6.098061392255352 18.776993993595756 0.0022078928543245446
11.242660013273692 -171.3694701684189 -357.38223898676483 -2.3779580357972208 11.70106345735033 -5.610813371079232 0.041910126446574075
11.70626199445795 -257.1477568947005 -876.9979382752387 7.038501347189751 8.200473574753692 -2.404490698540695 0.0010718940862930876
69.82510588494516 741.4783813795464 147.46603795342884 -3.525102058108267 -1.832786764122826 9.215489763852103 -0.03520830744266988
61.105544607168824 986.8237208880437 -161.6456895406311 -1.6594063597390694 1.3206360584679235 8.062293481872626 0.09489583400013721
41.67313314549237 563.5864784058953 571.84933661387 3.4868601789435 -6.49375422435998 6.399923617313995 0.01709718328773069
20.626651616513914 145.46192487256246 -451.8020392909326 4.4269038998551835 11.287634014122318 3.6341601590114685 0.06761222560404134
38.43626415307857 111.4171631776952 46.169099988282625 7.267202135717643 -9.005559284014865 21.732584531821956 0.055777849737107144
30.83421636037355 -368.5753115721416 -382.85419068241674 1.6561525236914711 8.073443462216742 -7.77233738578813 0.014819275965163928
51.0603939345257 -397.47292387688407 -439.41109372289463 2.096624967909772 7.871029255181622 -7.119804339647528 0.014337766740059626
45.799473503189915 -267.37553872243006 804.7030187799201 -6.766645660180557 -8.419285411121482 -2.7974431808017903 0.05979129353517629
95.34474575403544 -60.58007554576348 -191.32164610229302 3.578316241511466 17.385975407892378 -5.505094301163255 -0.06986709886046805
57.46832939235314 -250.29996933187863 7.052636591295341 2.280756693731014 -0.45983780862479234 -16.319767494965188 0.06529353242656
73.11403148821645 317.9714272275091 -427.8370398821759 7.67699764933176 8.980904603322474 6.674669998883197 0.010127649710306413
20.88524156331271 73.03922824638829 -91.60521042078649 8.70031577141079 18.662046436765063 14.87973733129795 -0.015058300775471212
38.74663797996091 -1.9674159956908561 -858.4446880024367 -9.155033265207155 8.817490332600146 -0.020208257753419487 -0.042126725011623956
3.6216865888286196 345.50998869030894 603.9878228436143 5.069804177272616 -8.501135879582977 4.863057251354563 0.05137776549635514
53.273607059784744 -231.13210525867305 -636.9195317250968 8.972847706522092 9.329644383050649 -3.3856401635677478 0.09012028994918653
57.85651246080601 646.7279707794934 -312.4858439644721 7.272590919528447 4.193785764514485 8.679556561534177 0.029886887863826733
78.35359753679938 -446.0004106107884 325.38577033891437 -6.074432018841995 -6.48034998632913 -8.882498923643778 0.030963915899228922
79.9981101989383 163.13664303112697 440.21393882837543 -8.688667750081557 -11.180344513926302 4.143266968755618 -0.008131575259219995
28.435541451796833 530.3282969224205 698.4173354973877 -6.982513243408821 -6.947976568478469 5.275797711971098 -0.09582546612952243
48.84404797498179 -100.6347816729336 -20.167216153538174 3.0396879483711903 5.010735551526749 -25.003663094087166 0.03458374830474986
97.29678514222259 699.3971585425686 216.6171795704652 8.624651537536185 -2.824710387091115 9.12021115940413 0.03937601479357539
3.2656742694156846 593.8810790705015 -344.3761285439046 3.374673119544216 4.946180623087249 8.529752332534763 -0.03707639839047941
59.81727393760701 245.1744657626245 651.5244451976664 -5.685251705180205 -9.164307113586041 3.448610588934084 -0.050358128534049
29.087994161393357 255.33092309116242 27.377081678892395 -0.5304929546697998 -1.7187455496236037 16.02979064355762 0.09198344045711171
3.4668506210082595 -216.14285604939127 22.84023698354843 -7.526058553410331 -1.8415143797552098 -17.426709617024162 -0.08997148484661283
44.23909171651092 330.0454875399109 -588.6855656501144 1.4145884019970865 8.674286273000378 4.86322276115521 -0.04476786837509455
82.6539936893551 123.98877087870326 666.1689759693353 9.212039666718333 -9.757043904772242 1.8160015323468637 0.062314898947177205
15.259212396261466 389.13019864909614 -74.15564013142362 -9.858236623519332 2.4298836609902503 12.750764608323484 -0.056716538552389895
87.33414346528227 -553.3709684281005 -350.0003441764965 0.7705024335034594 5.396861541558657 -8.532753031290403 0.08094692593670347
54.20547992748545 -81.12348328067202 -144.64659342491316 7.536476469395392 17.497187469275055 -9.813109050918326 0.035934080107653366
96.27683627950422 -136.79568133935268 612.0823789716756 7.868287948825866 -10.067504528121951 -2.2500094572648868 0.04727484907049109
1.789037272931639 334.6344298943841 185.34416518972398 -3.4846848160626465 -6.399938892033177 11.554935653367723 0.003887436318315521
33.78081559866904 -468.8094613466045 -765.0046356143954 0.5870215676202868 7.353840234868873 -4.506573841306262 -0.0621103745667712
3.961238468770558 280.4204355960769 -819.9286194547378 -3.6740154515007077 8.30394143819553 2.8399970680516637 -0.005889983916393907
12.83652489622047 -61.25026351088935 313.58897463730483 -1.4841722371361215 -14.184936412119612 -2.770604719545451 -0.009061812753847473
39.67601343897137 106.97404788261854 -151.74252567641113 5.595960339266631 15.49659844924625 10.924649218390336 0.07120200867690996
92.49889087025551 -132.7662901939635 94.13838527972617 6.677095189875711 -11.71308718850481 -16.519330856539938 0.0837846867620233
53.60727331364576 -168.3826398762625 -27.02904840770361 5.881683410514963 3.1354584309538205 -19.53293951983208 0.06509056725441048
47.30407123168375 637.4802348367144 -70.96124019542033 8.063469023308343 1.128529048734889 10.138139652384488 0.05487732041993226
30.024316534446438 42.960179313057296 -467.1202621377564 -3.9778836034261866 11.878048730576923 1.0924019887716447 0.09767605244134772
73.58950204427235 268.462171433921 294.52193582170383 -6.861538927378303 -9.564266021049432 8.718004711665975 -0.004246291995641485
92.34967560619602 -840.5515642800689 239.9711086679478 -7.3645776485550485 -2.398797572236351 -8.402315857633111 -0.07376595831302067
31.720254029890445 -122.13386153452834 -145.19651408907882 -5.302590142204277 14.353039086931208 -12.07323811760012 -0.02833934907714407
16.59749987438928 290.46325241686185 -243.85367135633118 -1.8452794822163128 8.529765508155712 10.160123561279935 -0.09595859922641806
20.701599216951145 -724.5083293851342 287.20527799885843 -4.757601126461042 -3.4102767301038117 -8.602815079458015 -0.04724286283207684
84.63058713716167 -843.6470586525576 337.5903750150502 9.457160224799654 -3.1840010197196604 -7.956900711145815 0.04282907925588758
1.0965761196971582 -246.30656440865454 -633.7653118160473 -2.164730270393324 9.23465160422824 -3.5889551979905865 -0.043776174475310264
30.43782007475949 -106.26898526122739 323.9372432208471 6.919568106824066 -13.294727858229873 -4.36139180778006 -0.04608187603240071
8.57727751265312 140.3320226337025 23.594381094162454 -2.78402269592503 -3.5908425115573532 21.357211727439694 0.03063022332490481
59.30109949608698 -125.52253352931993 85.95406311268148 5.788222160136572 -11.834239474270655 -17.282065180045894 0.08769797043175984
76.96806295445722 203.8083046318887 -831.3576779433035 7.3385923427080115 8.576282105902834 2.1024855635820137 -0.005266378384615605
15.09381912940533 -576.086903684626 -69.66024513851386 -1.8443847294697484 1.2874423431286233 -10.647086751570848 0.04123838501963639
64.18009722680155 129.83650870491044 -106.85522213363619 0.9575869500229786 12.660190219928227 15.383009504578133 -0.06300467022924301
79.34723776203316 -604.3257930103147 -409.87440322365063 3.8895425071689633 5.366386724346046 -7.912291880839556 -0.09585069562531633
15.320234988402074 -456.56751609684574 467.99927548146445 -3.767823131159216 -7.232081494528944 -7.055424350326414 -0.08178418660232734
69.49668867554787 -582.515047195152 33.202702738336 -2.388656745437032 -0.6086380038744836 -10.678070347036943 -0.06328653404943022
62.41919479351333 883.8260755017204 -347.2101712419738 4.164728350032128 3.0654730884204424 7.80318456571542 -0.0037324246656913473
25.156711111373337 517.5755790016298 -143.6697889640593 4.877268174068716 2.9814681700096024 10.740846252329938 -0.005127957130522651
47.51540780808185 909.7059813029591 -365.16361488097374 -7.53621892598435 3.0738205886619694 7.657589258638024 0.04044789914500385
95.71971426344004 538.6053167499407 -25.16059929628689 9.91521525826198 0.5191679393058496 11.113670588820487 -0.08414591613362721
18.39835426823716 618.035697261058 706.7616250611907 -4.74257265703679 -6.3469697978703 5.550179530732201 0.0542239336460551
10.356817777656154 -320.34633322461696 -891.3699510918058 -3.300321648500317 7.8996461697103015 -2.839026243973022 0.07027015945810455
49.486829878051566 287.72096249454336 611.6462275422421 6.84476955687909 -8.991688315535377 4.229728068449675 -0.042043576872200575
20.911406680543905 631.7918602182579 667.5937327074512 7.500862135087505 -6.189183472402656 5.857268496819319 0.0505756228999423
78.37551700075599 240.78514262135684 -622.4517550683277 7.0328552428643185 9.326712443944391 3.6078840933736553 -0.006747695202834622
8.495503916314334 -49.46204257550999 -458.9991092419066 -9.267223707165071 11.954635694185757 -1.2882393184970078 -0.05078846098760277
95.73706600981562 -181.87695480810368 -170.5571153942256 3.65584691981166 11.19160881682454 -11.93439350977957 0.07973003363543493
16.694433339979195 155.24410821111152 482.0622468259367 1.374014653392038 -10.927223609497169 3.519020822828143 -0.004289435467958264
85.08459439058454 -683.1885338598604 230.48590219244733 8.963768959526217 -3.075572423350141 -9.116374557841628 0.038162942155889196
11.542155350816419 181.05901102360744 -263.44925122278397 5.6816954104668795 11.908314867280176 8.184148191046376 -0.06580093283525665
23.307743435425568 300.33895319312495 -434.6234963587782 6.0523284767202234 9.246873927418193 6.389890235885974 -0.06923808250066793
29.837876570906058 172.12940002792118 -541.680523917594 -8.873263633893592 10.327554220521318 3.2817788959394045 -0.075782028773587
25.645501966894443 -59.180582461834504 131.87257332359047 -4.516903875423139 -19.60474296005784 -8.798039487284521 -0.03213110475968087
51.33445625346917 -14.037260047629514 820.8490283442675 3.19948143630295 -9.015212694731426 -0.15416828260843204 0.04930185548154292
11.798275443466986 -320.25540963458343 551.6271571972452 1.1486010848789352 -8.846427415239834 -5.1359259577881975 -0.07606041264635857
64.4542908193076 309.6055361577058 -211.6122836390427 7.866631282375899 7.527883161366703 11.013889469115353 -0.08230727845803032
64.23543276654658 -453.35625362023086 -336.7213599724535 0.7083245650721217 6.482151706028248 -8.72746538290106 -0.0969135464929875
18.896335050891988 130.9512762437776 -100.68580576585983 0.8335616687989287 12.252304418191288 15.935264045266818 0.03696766600529938
35.54026213366929 -266.7129808253957 -110.394564030582 -9.192324254031206 5.815375477637554 -14.049932094753741 -0.038004510181174456
89.20195737007269 -674.6794209754565 271.8790141024195 -9.60991242902264 -3.5802944992591694 -8.884654182142308 0.08758825151410182
6.831644563146485 -764.9161250566826 314.97479054237914 6.031964344586779 -3.420117236681644 -8.3057530395281 -0.0936005682355386
68.2537733670754 -149.58428039974055 164.7412804237722 2.6080725811009025 -12.821881188470703 -11.64220568162829 -0.020639668768472647
27.247037505804634 -969.8434713522055 -234.73930317012795 1.177275646063844 1.9239449995543585 -7.948926625662605 0.011078174513898476
93.40706149709371 197.88858262566387 326.9733484811767 -9.55804020203807 -11.305536727954074 6.84225992518779 0.035858400325777945
92.00950664014731 20.415921390864156 -139.61738172893587 3.9526243157285084 21.51997684693387 3.1468156056185568 -0.03875765230876867
33.72311331972345 287.43430254547053 -35.438794594900784 -4.450546555083683 1.8576324381336484 15.066745083863992 0.06199701588424247
1.079993161631567 235.9428577199137 -318.35005018266315 -1.9826603396674418 10.426782038902841 7.727734767655391 0.08455390198444271
42.100410583147564 -239.0539873718375 488.9197800319911 7.5297096035817255 -9.948632291559102 -4.8643158148312375 -0.0950900031604049
46.00206907730303 -256.2266213511994 -167.3320767865413 -7.610331927571372 8.07502552981258 -12.36485286361408 0.0209173891118917
42.286327784716384 46.26210941440753 133.86160488749601 0.3933149406574046 -20.51753162072312 7.09078823273635 -0.09682328980285018
59.57539113294773 -325.690725662113 201.50277627279385 2.526211700561035 -6.9456127588622225 -11.226255545677517 0.05522794646909221
11.776215287288606 -276.73360871636993 185.54293851935785 -0.7555160276558031 -7.8819294887810925 -11.755741331275717 0.037412023728904426
72.28853057450976 949.120307160602 -143.57623942913162 7.503996055084045 1.247193689855835 8.244657073561395 -0.07780402579337592
98.45525045897578 -103.3823379551053 -315.56991971318575 -6.298409389638597 13.472515426102337 -4.413665738967083 0.09543288593548899
26.273368526056412 -152.83718108774707 542.8492516996636 7.634485314643435 -10.471675453865327 -2.948261147313879 -0.05240771132264033
56.34469198383757 297.4767243424157 173.21792658359882 -3.252761761818263 -7.006733329900237 12.03305062258438 -0.04819263246463586
38.50013557985702 191.25594423837785 126.42062794294368 6.240316195218973 -9.408556993157763 14.233772454121235 0.049399229533522715
60.532560086403485 799.0701385765667 303.89454312974385 1.076412560143849 -3.140855085294918 8.258665925383244 -0.05590462667480285
88.68203466039881 122.28092365823123 -58.878766347699575 -4.372958187210476 9.620688023867293 19.98049026433346 0.0703177216303996
96.56347514287296 -89.64976614024158 243.39009966014743 0.8919349924714037 -15.052599779050208 -5.544441010044352 -0.07402883288664619
77.93483889920434 472.4511130719558 -31.039144835486148 3.7417328111293493 0.7783491042791447 11.847359282103175 -0.067446122925202
1.9771552541340285 235.40217116190968 -846.2871559202238 4.418329878246109 8.397879470896578 2.335943594057614 -0.011220058803246238
27.527710241420383 92.43246221256413 -541.0451596373011 -9.152945689148464 10.869649578293819 1.8569771044305814 0.011867181065487717
7.398899244337583 256.2862137078168 465.8780673260917 8.532166064767466 -9.816393765304827 5.400139149744633 -0.08804538846697114
78.14084374672399 -455.7634501203529 -373.80494131222616 8.852764953513244 6.748049112870624 -8.227590931428145 -0.08715373841813177
91.77461594406567 347.49172020574343 -332.75573028518346 -5.864413688843603 8.146061820570498 8.506807779106829 0.01307799813067742
65.68297082774642 564.7315181121176 -104.87020901457035 7.90230748122433 1.9681085924332202 10.598366911425659 0.06863073661746466
6.019206656009347 67.68798886084491 -448.74653290625514 6.456100597133286 11.991528164427717 1.8087770384798825 -0.0823703023509565
70.02364809070033 -110.96154599124183 582.5128565513116 1.525075827789097 -10.421746755186929 -1.9852147791743806 -0.06083498266665497
56.431306823870074 -311.02112713306894 7.068227859026681 -1.7432130659849836 -0.33278242853516166 -14.643326174170422 0.08363082741471803
15.973923134653836 -640.5130587456756 173.63021820871668 9.484755183300816 -2.623852472264216 -9.679258541777175 0.07347113279242651
40.90436724298651 358.86881271312143 -857.3436342550293 1.3641334339691156 7.816970778078544 3.272045082109684 -0.06452168269852632
15.032276852390536 88.8045941230315 -118.21148298121909 -0.9746527872851196 16.987198849553685 12.761376992127854 -0.00023837742579294052
6.431614514096432 -233.97045187349462 111.47405915328247 -7.583746239812756 -6.902426166782145 -14.487350523809265 -0.0370165547930638
22.16697151445665 -906.7045595772872 -160.26297502437112 -1.0037842702781603 1.481893557289667 -8.383967943927289 -0.09947637492071931
39.61231809921272 -89.09083687763622 -105.72945732629383 -2.70432985749149 16.80168667408864 -14.1576090959291 0.09477204498254366
44.302915024173515 231.28463500074318 284.4262847742724 -4.2899383010767185 -10.468759153371087 8.512796704494782 -0.034766098639149284
42.800584375035434 -314.8934739542584 93.58383775567829 2.813926970618983 -4.060596467426501 -13.663206795307314 0.07036634202169939
3.4173247053460676 375.1171691924865 705.5549599963996 -8.785817428239177 -8.06960875982317 4.290308999445211 0.08996191539485415
47.60575856133399 220.19372634364916 -152.53645735691188 -5.048697621407852 8.988724463338219 12.975656895109307 0.04029379664811095
87.43944138473819 -744.5259549299983 -284.4938182514513 -6.779501941829784 3.266361919543 -8.548133812683744 0.030830567862839886
55.11855948734082 63.52717897520472 -813.9057796500812 0.5516410395312459 9.014413463591303 0.7035952708239287 -0.03222204747214341
25.76415040682529 224.59636995755912 -86.72741679544768 8.670019530978937 5.99768860303387 15.532102052046104 0.046236293906139564
99.27549511295767 403.175497720484 -612.2608455138189 8.397253765159942 7.969071490920427 5.247656106484513 -0.09671449784079729
30.076410792627033 272.3742253408689 -733.9028468399765 -9.354468524346043 8.656688259326017 3.2127668788910384 0.0807279443591386
17.193056681790317 260.6455695525263 -31.7640307907683 3.065331877444299 1.9286839822338306 15.826169491759646 -0.08174110784350777
33.26704025444232 200.70383257095253 631.8812745016089 -9.409989263266542 -9.562637821455098 3.0373713191101936 -0.09381547619754159
7.478783615566697 128.81515655577286 100.92474448164887 -6.377093063160483 -12.455264263188134 15.897259133490648 -0.014701990958705863
90.65386725796758 338.36023650372533 802.6223147940159 -0.13441710425643727 -8.066139399700104 3.400429796989857 0.008394906977987032
22.629766808752954 -467.26330528384614 -321.4242967431065 -0.7184961984385261 6.148162539080881 -8.937752306040844 0.011169467459555188
24.422670497267436 164.4508745244644 142.0171167496456 -4.92356338470727 -11.455068466256291 13.264570286512052 0.022768312986806594
79.24385206941852 280.9711225089502 -27.85981327791802 7.644538067380822 1.5170564854980628 15.299781782016577 0.06585367462465838
4.923132802620662 -337.39348403027515 -199.15198388884517 -3.430906955288955 6.634603380235438 -11.240018331256277 -0.017632536717968675
36.079314761778534 373.6297681456239 102.57650717406771 9.698974625832165 -3.4747164544412255 12.65647991934035 -0.06085675870539769
34.10114587576813 -263.95106058723314 476.6806426691106 -2.3812853177324005 -9.682302719523463 -5.36135484217446 0.09520881846102003
78.35659848399206 335.14473266553034 102.49377620450824 2.2449562297244103 -4.035803966884335 13.196688537195717 0.035255552203400986
94.32446569465769 168.11573273063695 -474.90407880289473 -0.6861545974047107 10.85036070498586 3.841020580215934 0.09280992817755887
93.73460564764652 -373.1441317677792 37.350577640025236 -5.416157469325862 -1.328733779592621 -13.274472414190843 0.0909257686816847
57.549165551109034 659.1678267617684 -48.37393621838576 1.2663877617550021 0.7354798932815807 10.022022617566822 -0.05278537113577167
31.82266882709517 -149.81047191108695 320.5874088356038 -7.444873002631079 -12.442150271415178 -5.8142158811520925 -0.013780768282589145
55.84282614013358 -804.9107032783372 139.56768281762032 -2.4063839743751974 -1.5442493099611256 -8.905949952197465 0.0523593159803564
92.62700994927653 -176.07562252243926 101.23567948214524 -8.551219131850157 -9.03562777751687 -15.715346545265406 0.06018979700998553
1.1193547779536042 -198.06354695858445 -135.71973199888768 3.961672581374474 9.424361594214176 -13.753508481623125 0.07745073698733093
96.02532389279558 540.8132161282512 573.3289045007531 -6.009403569133768 -6.69408150960225 6.314434388032665 0.05594304396040331
93.99514628761057 47.404873620180574 249.24082233270767 -8.988130783593366 -15.933767120209186 3.030555787601342 0.05809547118822597
43.58621147145915 -194.27212046810533 491.8139726118247 5.847809768838557 -10.44899389837693 -4.12747159381371 0.0010388122786799264
90.79155665347493 494.69660943723943 539.65757608679 6.833339898725175 -7.038415059905399 6.452017390722659 -0.036481165365765
50.25297144486751 -788.1913518568088 155.97538238005583 -5.051151715980877 -1.7692916758067911 -8.940772425132836 0.09483146501366699
85.02371857294028 68.55018197484735 -833.5457018595071 8.681733915219311 8.903128121897572 0.7321866713966051 -0.08426391853177698
7.992858076952575 85.2824079186641 -556.5981678121971 0.48403400155376275 10.761517952743032 1.6488882230376372 -0.013425284468814344
35.8939487777431 147.6863470162927 -645.9838487641798 1.721618151555031 9.783566553582785 2.236741998818752 -0.06730075688590242
70.99361009354134 -135.68910262096733 -387.8701196338575 8.631639554627075 12.029683484251617 -4.208359639389683 -0.04602363275196295
92.05369579337386 -802.248157902931 110.37377780097906 -0.4481088985961268 -1.2373652631420853 -8.993748540516187 0.09940785276240391
4.471580933622322 826.7529765548601 -1.6927376640475569 -5.404616947042502 0.018396173765361592 8.984907549918987 0.01480794461183113
1.0666948085675034 150.03839780815042 221.0651687469808 -9.902870244564346 -13.077800464783959 8.875990006533621 -0.0648972918410585
40.73278381184955 101.23787675730865 953.4490656097064 -9.662122248852718 -8.29664242476668 0.8809431920318376 -0.00649179513442899
39.56937504094038 163.77347538206476 868.4943052484696 4.976522384012107 -8.53961211972962 1.610329448116304 0.068171402639809
93.40528330752382 -102.04577186777605 -946.9471717106813 -5.919323357910891 8.322987371779242 -0.8969092426398398 -0.07543495245686622
36.47977421985683 -384.186332635031 42.84480964701271 -6.257670547731977 -1.4563381784267926 -13.058879907643178 -0.0040954857341211764
43.12988387119751 51.273267829604634 113.62413994523281 1.6368784324227725 -21.09103679617136 9.517399902656088 0.0328002725702734
77.28128485186086 -62.642862379426774 -157.2553941583868 -3.5403258702098483 18.447029272732294 -7.348394770338609 0.02359925666543368
50.233779092644816 -642.5825306235857 414.1781485173985 8.413191675594561 -5.062048049105873 -7.853585847482239 0.03182412654499309
3.725074948146743 528.2714724557421 -387.79113081322566 -0.46962058888396285 5.971923329201043 8.135298824122147 0.07272374080389946
49.09197673090981 342.1291927845199 -55.6218889049946 -8.669730180768898 2.2267226270796447 13.696529009631954 0.04817926596094485
41.547972923677015 -46.29415667980296 648.91933584893 -1.1883604238542738 -10.103084101954867 -0.7207579317285282 0.015492252220661418
12.231678868635502 -524.5385208306961 548.0084516796626 -8.695959845517685 -6.776137374698764 -6.485931128572762 -0.025378592252027724
2.659082920844482 170.55979774995953 138.90730180328896 -8.050989938449476 -10.999904974001897 13.506428699417118 -0.01811522625049125
63.263780369824225 548.7643772717033 589.3996836454985 4.81378145826339 -6.662895978593774 6.203532278646946 -0.009242519508471242
38.33006327834033 -182.61607450830158 -979.3493192482916 9.212077881173585 8.046392729252103 -1.5003846179175473 0.0335755193195188
57.08948552125837 -485.32172890072314 800.2278615134394 -0.45930307703817164 -7.22062784470548 -4.37916218352304 0.055123478807776655
5.283186812843814 -67.29088491836113 181.57252374413375 4.373897551277272 -17.408393191943887 -6.45156083496099 -0.06871730391010952
67.9021989199757 504.76028182088066 -204.90762113742875 -8.873219459612319 4.1633784802379585 10.255880593150065 -0.023924168515446348
37.62548532040533 -142.76678714134079 -161.68146506270799 -1.3187000874707149 13.185923496807996 -11.643337920030975 -0.06649226765455757
57.32224785805321 -196.94997649758042 -206.8059628950334 1.206162145834785 11.070468358640863 -10.542870488498318 -0.04760442198166424
63.581115763829175 513.6869015703869 -211.94030445374878 2.651529560597904 4.179900167055733 10.130965751051713 0.017418874377485433
10.460847075888857 -363.49150363221486 489.45763041662894 8.172920424626767 -8.39997631585994 -6.238170235343802 0.0749042399134586
25.08796922161978 -148.43518575745207 -427.79642466871616 5.706594150976034 11.469821068937128 -3.9797551423924333 0.027159024752126032
47.96074269999716 669.831773118663 648.423309677202 7.52749319326394 -5.885032991796915 6.07933432516415 -0.02662228685570671
86.16907415548577 -150.54944372722412 394.30789317657025 -1.2911184011639776 -11.74789910054185 -4.485428025043716 -0.033860573897467244
76.4466916804213 -183.34299022068382 -154.47696424935407 -9.329853354561696 10.750819563360823 -12.759749750700072 0.012374151751443477
87.17524298705318 357.257518521121 592.9191158929094 8.17191362034865 -8.410469008217175 5.067644484609869 -0.07601374767422386
7.422525330706372 12.313845736817425 147.63046948638893 -7.626817459617142 -21.15225132070142 1.7643076030014524 0.0024828982869685434
4.05068274339432 -807.8055988927345 496.63870574691896 -7.096658487254288 -4.393910855192495 -7.1468972288857495 0.09237083907535687
80.17478240524699 286.8242872703369 945.9070207689853 -0.3634844274383866 -7.8637126048337525 2.3844878129211575 -0.061867499923444515
32.588636662217525 427.84380057341326 88.97276167164775 3.549092028153966 -2.516182240226797 12.099579156224035 0.009888728205468975
87.5765646128707 -228.69701142697488 141.0938733585923 4.455349731828385 -8.274921692068904 -13.412700464737497 0.024888798866088052
64.57428379571473 -225.76808190403867 720.4337708444575 -7.683110653931164 -8.97207804338168 -2.811651719454103 0.09185214921758875
87.54622478575226 569.985151608701 255.98015102975384 -6.230616921482226 -4.234180440626975 9.428152810601471 0.021074717477783195
52.06405868828378 -64.4655232170138 -489.9566675099777 2.347942163762326 11.522149258349796 -1.5160144351110818 0.04214678120842735
66.20208448028598 -193.35944731138795 -325.7784315276172 8.115492029550108 11.414110979640206 -6.774623415752369 -0.09436067079862712
52.187754146383426 -287.1237586293124 82.28730492555027 0.31168831676049 -4.118328352653607 -14.370016334274307 0.08491554819001051
11.899842800095417 503.70800989106937 735.8125520752171 9.846949336081089 -7.138986922391245 4.887066529613202 -0.09983021995589053
10.602779461905264 758.137565496083 263.25962070638957 2.5073679846572894 -2.991459759003263 8.614834333061802 0.04630743684778396
84.6287964328498 -469.06433802216367 18.980282252346747 -4.373615186837685 -0.4820854488787845 -11.913895111885695 -0.05145907062643238
18.256721885763252 -424.0834647910884 -285.144273531223 1.7012182610401396 6.376684828250495 -9.483783638211916 0.020744961830942793
4.988454940624035 393.66377778870225 -750.8209015148121 3.646503955157094 7.858271579002365 4.12017948679687 -0.07421852389571333
79.79283855097785 249.56622804619658 -130.72056969699466 -3.245428537758455 7.14166885607242 13.634574592937732 -0.06884433453188371
88.45134735690219 -519.4947317320997 127.4706069949533 -5.093471328843373 -2.6619367537123715 -10.848478346167864 -0.031864107907075875
56.05912711403158 375.128559468042 729.7018541047773 -4.444492402792211 -8.021339400329587 4.123647867033954 0.029688756456503373
68.42957446624347 701.0884669397858 280.58721798878724 8.14248996705188 -3.493167098454949 8.728192194122496 -0.06359201220609452
93.90506594599483 736.5717168011311 -25.868811044545637 -4.965172551783135 0.33400676140240776 9.510291495257174 -0.0815081539031687
25.676337829684915 557.7449598084212 221.73394130996903 5.671954478634156 -3.895706434946422 9.799179215180043 -0.009191802162812276
32.86778939818124 -836.694177160457 424.444402532395 0.039044795488713646 -3.8157848191302093 -7.521939081809049 0.02443404106578377
70.00214304096713 -649.9933267887534 -223.17387977606333 -8.082130888607919 3.200252242950834 -9.320726081591781 -0.0421663632457227
24.774116966555216 -554.8915865516014 414.3523778677525 -3.2615317679025413 -5.873789322318806 -7.86604940679646 0.040103763854062585
63.62978745099713 -159.6999069612219 143.7297496284987 2.5774980527542795 -11.790546706966083 -13.100622640694242 -0.026065622703478716
36.83969508968002 122.34909317684613 781.960522655114 4.168022960422508 -9.072614712436918 1.4195424841148276 0.09227160269279949
14.525946531169398 195.41756407459283 -181.0521270181679 -6.76081879041768 10.75746745806558 11.611010159830546 0.09570431068566412
79.68019916190237 -186.12085592546075 -448.81933862870994 -7.5588935807659325 10.826307066724114 -4.489560418512816 -0.05507919752297892
27.26775654044159 17.23060138593194 -104.77603664162972 -8.84800438404062 24.738876502890417 4.068351251107912 -0.04335624337529509
36.77551251676836 -86.14596285612191 132.80071823208752 -8.239989950788818 -17.226792843317835 -11.17477884281498 0.032193592723360615
95.98054211746083 878.0561281555875 -259.6300378862691 -3.8653818687695534 2.420879131578977 8.187295177062854 -0.03915459099157479
22.264042365823983 -548.7360490426864 -401.81524090072384 -4.65738712551768 5.85259492050462 -7.992553508239054 0.011127814108938039
64.85169878008192 259.1667709482455 -121.00636653578549 -3.5284021478054957 6.462587904533185 13.841321635682167 -0.06091275133061483
83.13342460157472 236.10155689458674 85.27256338069377 5.775163053583036 -5.538949284865082 15.336170250663386 0.049901036354952716
11.669752338787827 158.15426790693343 -725.016215390893 7.646749389920892 9.265890717740715 2.021251569083651 0.09684929665661243
42.78476116144237 -101.78510321893822 322.3985170319523 -1.1427184588427899 -13.398566725618107 -4.230089237717272 0.004339810372740227
9.430972319145031 69.57227501425271 -381.1405325513814 3.942394774733522 12.911724064463053 2.3568682436047896 -0.08224450851989334
23.891861391222626 299.8218745336606 -239.64478017242087 4.476881462016083 8.233195214809173 10.300629210156831 0.017586594378052073
51.62403696762925 51.28976679929188 586.7226231018113 7.747310767601835 -10.604905741697529 0.9270532974245876 0.039039852484012066
89.45806206036534 -272.320490887969 447.09193729317406 -6.546634354253182 -9.643346254731144 -5.873693007729254 0.0310187848784457
24.40417803854661 482.4198274532881 -387.1623620250492 -9.132899272327247 6.5015542487682 8.101197292173817 -0.09313058469960703
86.97227367413647 316.7603675237097 478.9321155617812 8.519130609987723 -8.992380360413192 5.94746022520603 -0.08853100141586266
91.30257728237211 -243.67033205241654 401.7631196736561 8.051942144861115 -10.190373413498119 -6.18048683866794 0.03688212829522558
45.12978162833084 784.5913205084593 -395.3930290000121 -4.631270500650102 3.9224100480811463 7.783366558036969 -0.010421699348019065
59.88601472936376 245.97772818614342 -295.11460319918274 -6.137101432665659 10.124741221920738 8.438961736365737 0.019016131260909702
27.251381011486426 58.4771034082993 270.55069715203825 -4.027053961586571 -15.17772198614788 3.2805282981312063 -0.0038206607649648727
15.323836093718995 45.53752695024231 107.03803378198324 -1.9647149912330022 -22.041858454845002 9.377337082493005 0.01007339368056992
90.1673039640651 46.40727697691609 -271.5661577050023 -5.537390068512272 15.34226202664925 2.621801660929191 -0.04250546640460795
37.42527036241529 -19.011046259610833 353.4465602099181 9.721331575706326 -13.711974511867755 -0.7375343576717813 -0.01705700993423509
18.788014354986753 158.41402067988713 214.151001889965 -9.418246102452875 -12.725730418830317 9.413610508210843 -0.019243484643675687
64.93350415000235 899.9486902989566 249.48708715455928 -2.5407451689595835 -2.2584319195577587 8.146605386739836 0.000854081125099812
99.02170501557912 -892.6669499862907 -26.290710718725904 8.978299534934745 0.254500472393265 -8.64123312952324 0.006916632233744571
17.30916107648868 178.17150949387096 -27.18834763509565 3.942921021941663 2.902890214267363 19.023308746551674 0.012717357467654636
33.11461758611593 7.256061690510862 100.90068267328668 -2.2258697226054247 -25.619797666957645 1.8423941983800611 -0.08960391921565324
28.149832808796592 -530.234831141193 -160.09358254622896 -6.0086363853048645 3.1729091524478785 -10.508771943989304 -0.040121512681327576
10.050509519370978 -130.73000734215884 -27.899868334717763 1.8978589945894537 4.663743045191922 -21.852832967716942 0.07355748107858578
84.68076985624023 148.72972825623518 959.0415310883425 -1.920279747174959 -8.194891037940685 1.2708770972402266 -0.041630735816070935
20.250602871293918 307.4893966906919 36.88836114529076 9.892997138521174 -1.7486088561759197 14.57583545432664 -0.07311473857430467
90.24148402804919 -72.92269112877646 214.574939412569 -6.5587198747584186 -16.248464124174067 -5.521994944460624 0.08383686886008787
57.13592407598023 -276.4305113235765 449.552288162381 9.42583817246058 -9.579684533740854 -5.8905652661788395 -0.06672184165044706
28.503910461812993 -79.35154802788931 125.08569959544629 0.08416943441135594 -17.924086486379455 -11.370636405920214 -0.046083912092012305
65.27101934164652 473.67893677787424 -494.1142789575719 4.476954434516994 7.128262909750273 6.833455619390421 0.009011059796092874
97.68800366366835 -316.2773933305476 -892.5186553463342 -0.18020004395703992 7.913407065951344 -2.8042346725082465 0.09900151726780948
50.15814923058552 392.57605338797674 753.3395485931175 -9.2274174624397 -7.860583599020225 4.096262956581238 -0.05276463446467088
12.354774674013473 -43.02649234015008 153.44219984041146 0.4813411345929435 -19.704998750428874 -5.52544853162815 -0.08846617732289073
39.27388445861743 -327.26211247700104 414.5870076912015 2.366911058678536 -8.823388220895602 -6.964908727978606 -0.013601864128175128
99.90858262198992 -137.0424077518204 4.6924410554941565 -6.255151860660064 -0.7549836652231008 -22.049244321210182 0.09943127981000391
45.97908205996371 -335.14593369260376 648.9324138005362 -6.789500700778217 -8.493575323378703 -4.38656965133071 0.04899692757904611
42.967603504602955 39.20170931217223 -148.21269519491892 8.183156754846546 20.17135268214177 5.335248125936084 -0.04359944837715868
75.73324629102365 -257.10832941106554 -508.9174942744718 4.713466022499199 9.656857050177196 -4.878705117166718 -0.07172799492941938
23.81059232394011 907.551995031644 117.3157762365837 -7.314987167826253 -1.0948491037256995 8.469726069416842 0.009842475163202066
1.7499347208657712 -924.1995083945287 218.49552304793642 -8.518753806432267 -1.928777018145002 -8.158404104148126 0.08146879399621076
38.422251050084746 -849.5763729696367 -181.92994313241496 -2.3662162089995746 1.8352669584247432 -8.570328881126898 -0.09630855757208195
91.77071371845669 241.45857604292988 379.676161719439 6.785157653327481 -10.277034877856114 6.535775636565634 0.04785104948566171
61.23474199248041 172.29606195220794 173.1177838570034 9.52504938492229 -11.716707438173986 11.661092844805692 0.09478109118077263
97.40177169294311 -813.3170396182126 -300.1271633513336 -0.6435661011801201 3.0376310459181832 -8.231701063413839 0.09312489790521736
7.796140626898386 -172.31721847402596 732.4141814566467 4.621596457317935 -9.168030966463895 -2.1569893579652195 -0.027256348234431668
36.421084852941945 198.34160749217187 597.7093937039463 -2.233767296799618 -9.77083698623066 3.2423173114004253 -0.02766263072231978
29.548387635456237 862.9816490999876 -484.2193157819675 2.736159401283736 4.018736497134866 7.162241853146883 -0.03837902903343271
29.33091306350153 -151.2251885755222 222.5404279046686 -7.411587687941717 -13.02680767409962 -8.852240761829895 -0.035818300068117925
66.11437169799095 -625.7946460730069 -344.3116534595809 -2.2673894208686196 4.6598157497295984 -8.46932631691997 -0.07409973022618428
91.7962247660664 -917.4039796270326 354.1641551810718 -8.331816077375056 -2.9669936903631244 -7.685509047847593 0.016692534013482627
36.395035788056504 -269.2933152570817 -653.7254832237558 8.65196676871031 8.983625292981626 -3.7006821674509287 -0.0830216879206708
58.51557798404989 305.30655456652227 4.523726450987662 9.47946497307257 -0.2190400363514389 14.783024467799763 -0.062241337061556795
25.593569541331984 705.2260750934515 366.22462413191244 6.529637626232411 -4.223658590432626 8.133353068013935 0.043115292501799185
40.224163950268114 -307.10856033955287 -753.1684003031254 2.6538170001665264 8.38801136332944 -3.420257797415754 -0.041121939201924
93.24354661742383 -278.4889046337863 -871.5134949743805 -0.20205846371894864 8.135741593056196 -2.5997460483389987 0.08804926779515862
69.29830186445687 547.0427131656447 -4.124959431290766 -8.30943226096354 0.08328603129699733 11.0452035440386 0.017047681986173152
13.821449536038738 52.59865932269349 -345.45862753988223 5.658291692140844 13.662811090162336 2.08026515661069 -0.067994257080592
29.4029415639259 194.5005484915958 571.6041661581385 7.381868643763575 -9.95336407018149 3.3868451029645783 -0.037482628352368666
80.5126783363695 591.6140890928156 147.90886429428534 -0.6813287807551092 -2.537413312493312 10.14928667517809 -0.08768125127413783
91.82402604873111 -590.3162379095896 -148.75128354119343 0.4135099106536657 2.558493642682611 -10.153326451436975 -0.00576256171002823
13.34065926757973 475.3366088386549 -178.11087909532645 -6.988101804749734 4.023439429033341 10.73762626841487 -0.0011045364438419802
2.9366289684166387 -922.8955749617488 74.84048294654237 1.0845951560544478 -0.6862393835008458 -8.46236242021296 -0.026674411101143256
69.79311807121107 -310.8686768048666 802.320558250472 -8.682741584747752 -8.212391081153733 -3.181988947621294 -0.035104456432438896
16.409997033267345 -156.3002816388748 44.06953448848982 4.219429250838857 -5.501552175468847 -19.512213243399113 0.009976660633340323
17.847407591472788 -220.23374270131026 270.67504983594665 -7.152416256831353 -10.727573968380215 -8.728450467058023 0.05540802083445587
3.434069692480514 460.83521293041946 -42.37899909885153 -8.640555271456344 1.099745194584194 11.958784343473251 -0.057197782953410825
10.143217057362 -128.64697892074201 -395.3263424767806 9.748006637814921 12.048658248378972 -3.9208707266793748 -0.008869549724435946
81.36008988105212 -348.8299403387584 172.52357666584518 -3.7974934505574076 -5.805724571593525 -11.738746640146417 0.04280293787421968
63.646417733297916 908.7149599849595 251.14226587077556 8.817925266698506 -2.2413345895770727 8.109882519449872 -0.0001768808603123534
18.878755414840782 122.9215866528303 354.5714089921066 6.866362939685942 -12.600384609560935 4.3682576467343255 0.060596199444184345
33.87172612061044 2.0021741118416685 390.7258176449654 8.180839771614341 -13.069478386254124 0.06697118567171143 0.09258462083487104
25.890067177452394 209.99632683626558 71.94948739844699 -9.614889427562574 -5.620298236157492 16.40375808074056 0.05239260443954627
96.65867320541145 180.68329679203077 -890.9552191447037 6.787130400324195 8.397446077381883 1.702979239911987 0.022650244235222078
41.18244225145134 815.6540371409553 -49.34873497388306 -5.274807676200566 0.5457952824643858 9.021105117084927 0.005949809370123571
81.5687505245597 76.12595113684242 67.92563294166683 -2.320783805800617 -17.028569676136843 19.08434278719434 0.06696353548795686
69.54406495641875 -495.17136499779787 -490.6331060906316 9.382368556002238 6.887143463027457 -6.950848173895953 -0.05799421574732131
25.758403858464174 598.813022616278 -454.1372643835327 -3.9153904890447073 5.694541772754094 7.508667618338664 0.09404356120239674
57.5320253331329 879.193250457026 240.134038111795 -8.813616781794433 -2.2547320818785965 8.255161340574697 -0.07322483066359663
94.42343233673134 -168.29720931319244 187.56306252357007 -8.014126783646498 -12.112955436893918 -10.868752989721155 0.05547337481295203
26.755283777921512 -8.773426091102866 225.52728309130185 -6.845522460706841 -17.183465676700653 -0.6684684178211097 0.03199564533280111
50.99470840253431 -562.3254887799749 72.88842359475379 -7.97359310875446 -1.3946097974701026 -10.75924814041612 -0.08328985221469032
77.80068856667907 -789.7272844966924 495.9055184206215 -0.2420308743383881 -4.498993345467077 -7.16462645747533 -0.016770282092688465
13.274557991730765 -346.0904303967225 -76.04168858472153 -4.3064394827892505 2.945192838369683 -13.404529489071724 0.005879391628107508
31.040733980078144 -177.88965612114146 353.8381717590983 8.352578475319056 -11.598506804488014 -5.831067848648638 -0.0056654071604141515
22.031379851866063 187.1206658344937 -164.88418130012613 8.772627669662125 10.815190154793234 12.273740069751755 -0.017667995956345203
57.671608307494466 -355.4472544982336 -56.899653204412985 -1.6358443783449221 2.15232669398872 -13.445400298190496 0.07229180887594064
76.73344831141519 -202.5490872255214 -35.98750425647002 -3.5354911778027027 3.1509089622927875 -17.73431493595107 0.09034244885127429
94.3754010622771 -386.3949605943936 -449.94743806916046 8.237794669158191 8.047955779844594 -6.9112284976284055 -0.029112690700727265
27.75235482764346 303.25552688269937 130.04480414861706 -2.969163531863897 -5.605289508360968 13.07114908832095 -0.07919815477182233
95.16189750761127 -350.3335501527058 -221.87949949359725 -2.043934186303673 6.787997593064983 -10.7178144021147 0.01612914927463964
25.606386986350465 291.4878517768657 237.87384314659138 3.742135410155411 -8.421106131883471 10.319125900929802 -0.09754331435036408
79.45593025318706 -516.4284515209391 19.633819556713117 -8.818109804184783 -0.431739672397917 -11.356050707941813 0.0357102162244228
85.17494907170395 613.4782252965883 222.43081923198307 -8.270928938454176 -3.4472268654962708 9.507669067359569 -0.08495839750736729
53.35238388711014 -72.35807999547906 99.60363989368065 0.7050143194430127 -18.837671860492396 -13.684818836591262 0.08166787580806487
29.707935521416108 719.292868584358 -640.7366519186173 3.6072629770661813 5.536655875008155 6.215466330471269 -0.009956263973143614
89.08078414898146 -560.9981386249699 282.85076498591764 5.804680924452555 -4.6402407064907285 -9.203321048973365 -0.006248296222111621
5.57717855627041 -156.16458167689376 625.7768787135533 -4.687763046492524 -9.869947511521746 -2.4630763403696037 -0.03699437244428627
70.31465164949721 319.18336813586444 -253.84281487276607 -9.029862666001975 7.9628905079337295 10.012582840658036 0.006279831084311918
87.93092094834827 545.3633369798529 608.7213175392329 8.576765305034563 -6.73065236126716 6.0301010101480585 -0.08428009965575789
33.38440766294248 821.3600940152261 285.45483694096873 1.9022922437756051 -2.8760641799196147 8.275509956417775 -0.030560109529543647
13.386587387034798 -803.1389766894747 400.10750439143453 0.29061327876884313 -3.8457833357914097 -7.719671485729499 0.024196817177655178
75.25916816435699 15.72016987749681 -230.8789270628917 -5.293317281887344 16.94354003538465 1.1536580279146027 -0.07213050228085703
91.95742234793228 -568.8297148028055 216.91162495142754 -2.2841318959988532 -3.730704909311225 -9.783412069556597 0.0029464608510321177
95.936623332368 716.0489939385523 311.4656493342833 -1.465233054118542 -3.6877043830307374 8.477907657091029 0.07999230878850061
35.30635093164241 -197.70493835281934 301.1227868632756 -8.964082536265925 -11.37850997723739 -7.470665495062916 0.016335706783189366
5.791704687117541 -251.37520931566127 374.62481038130153 -8.292673491268472 -10.100035059831857 -6.777176409316304 0.0812565621280919
58.27607876986873 162.96891316951783 -77.79050147796896 -6.159053319137837 8.281596156875414 17.349711074649314 -0.07625779945135949
33.384153235662566 605.4260039593105 3.260183401149023 -9.838533699039226 -0.056538442799874036 10.499361318858865 -0.011226732131229628
61.995138432439575 414.1496786967347 -530.2604884779627 9.594543750454221 7.849410363355594 6.130629851893334 0.054721994624358505
73.28666741572387 -75.90438624196162 -75.76337644613685 5.906751270407785 17.623593929021176 -17.656394729331293 0.01643251892420812
63.49848306034585 98.80484256791303 -46.16645270921866 -7.046734823290635 10.472264066960035 22.412603562651128 0.048576681795910986
13.660563731834955 544.9607955803391 126.71385050274368 5.07503911397961 -2.4735942298283713 10.638236262901799 0.07280652364977105
8.16050544055918 23.724514464721523 200.23645456829087 8.612441230917877 -18.067188815863354 2.140645584855871 0.0035220503418553067
52.569636004174356 430.3305609982892 -589.0661452183316 -4.673684346505307 7.723621531838556 5.642338154576258 0.03282299930135174
65.2545330987542 -745.7859630367748 332.8358919786057 -0.01860787163788835 -3.6842589568859383 -8.255325463561062 0.013834493945289794
29.9755999461448 291.5807920510279 532.7029275904963 0.02183346216413362 -9.19606499726218 5.033567072332113 -0.01919368240847727
65.6222871613086 706.5227784816877 -384.4629811858189 2.3854586487091627 4.3539768712808975 8.001248461046506 0.06331448056357128
99.00720566971836 286.4755944484325 282.84897560108806 -8.380623715482168 -9.046422393711211 9.162413359859668 -0.09524461054220171
49.43542402745966 103.76008569005782 -183.5955758274457 8.070088889530759 15.48777956082962 8.753006858350314 0.041768260029949045
78.4601231685997 -659.12645629015 -123.4496066932205 9.562824638597554 1.8365783794744217 -9.80592349694834 0.027079651173056718
37.93409863691406 -214.09452255827497 861.3774465098426 -7.123746293351408 -8.415525611948123 -2.091670666868779 -0.03521914418751107
4.770194564269566 -140.85385908150408 82.11461851998372 4.217239264530921 -10.190019188051313 -17.479269253407068 -0.05166383688637364
36.889167618436026 416.70810639325106 334.36572378934596 -9.561075374236637 -6.994900590110185 8.717495759673696 0.0774929538414722
14.535806969950928 105.67765845763944 -948.4014162237163 6.189630395120044 8.311655079391533 0.9261439635919406 0.007582760638241662
20.97431381163701 271.06314402889274 -567.0666773411165 3.0859428002501232 9.29728861666825 4.44419039961 0.04983312936103171
2.0701900009094443 -68.21862124775348 296.1824592734541 -3.728111334333377 -14.440638007138059 -3.3260592717117663 -0.03302926048814825
89.35071370589833 358.3067449469947 -252.15575199147455 -7.033223835681463 7.103184346362805 10.093439637219753 -0.0037938574347646803
35.29916577800362 134.18552323382028 -165.69244073828034 0.4123728962185407 13.749450749117406 11.13495120674936 -0.04390761797260152
69.23277227495596 -92.83757646066182 120.96117807128887 0.15245750989846663 -16.59685260121659 -12.738066848718162 0.028985291581254458
20.188472973696033 109.21640352015181 477.4315785907504 9.773992413435842 -11.37976322771961 2.603214509419317 0.07490856561698853
45.7338341036794 -183.85292994989794 -187.8372071472527 0.44910612761920277 11.388014214799092 -11.146459274495884 -0.01117230803110944
96.40643405654411 -654.0682695085403 -731.0449345849494 6.075311218259664 6.1473379355264095 -5.500043151050295 0.03160422303462504
37.92777204009427 -379.1521137015083 836.2015034090399 6.131898416990111 -7.765103827839202 -3.520868495732339 0.0883968229504486
88.26055990503812 -160.35701376954412 -213.87812355168433 5.838139554782533 12.642415664440845 -9.478762900653265 0.07984427005750483
56.664061993878185 -30.63118730151278 -175.5458785457406 1.8631571962577382 19.06506353850335 -3.3266832408769633 -0.09865629156776666
28.189718738558117 372.6850789376589 150.82065817291374 8.192762536436831 -4.833369180573686 11.943487029023299 -0.01244310684395325
46.48443719546662 -161.9502877808588 13.62847554290293 -1.1967841605868443 -1.6993352272430826 -20.193588653536793 -0.017481160759199338
34.82715459178406 126.4895714125918 -15.909283924976965 -7.354511546170941 2.855347792637346 22.70194687754376 -0.0014756768169530837
22.6688026079129 47.99475502056211 -471.54682131014306 -1.1428747610347791 11.805476221650823 1.2015793841743256 0.07177700851485741
11.974171698813288 -47.746467074047 -175.5026658469549 -9.948086696383015 18.484320300201535 -5.028761166336575 -0.04280090717983867
58.92875477671933 545.4044738717076 -133.5128094961405 -7.621170372926849 2.592336544788659 10.589785014970644 -0.05739038280825446
21.431223345131247 -628.2408304926873 -331.7891571899766 -3.1251379355090325 4.526312360784308 -8.570546007868023 0.039692813585586295
68.94507136710574 695.6715898790059 -306.74976377032004 -1.8783139743774306 3.780163439282049 8.572956267300894 -0.0936539437401862
34.13078355985276 -199.5312789263056 925.7732612285449 3.505460000245751 -8.206553121735656 -1.768752791351512 0.022108865110553808
2.211842518253289 158.8343707991682 145.5440628975129 6.484569784881142 -11.891280740664673 12.97712910329931 -0.0063981312546147195
50.64649543447351 -285.4063254217897 -86.26333414447772 -6.366458936880221 4.328721250119642 -14.321779212738113 0.09425030998716585
59.76975075346271 261.0241077939948 -439.7980018886528 3.0863754396970577 9.823873549691152 5.830558159376027 0.03446752550527743
93.59900972954576 -445.25483607173226 -197.231350875396 -6.309079593817415 4.741422045882132 -10.703881945826616 0.0937586003605517
36.265536944454425 667.9934373134822 -697.8101938719909 -1.540718989342647 6.004475476975636 5.747910031055308 0.01530832814331122
81.16039537859723 -289.51978368096223 -439.80027889081254 5.409719117805702 9.403930411096535 -6.190591568604772 0.01984477549384238
80.06188198795785 660.046255750292 -155.19931010587908 3.743056170305392 2.270925268958165 9.658005050679549 -0.009073233570098038
99.9411805421182 -72.08456907310457 92.40752418695222 1.0801472695872594 -18.816148828777386 -14.677960391988666 0.0005914463610366127
31.272934019533626 -282.089391769655 -0.19835014115253782 -6.616364838805245 0.010815711218929566 -15.381876622703066 -0.007070580558359935
45.56728927423007 805.9436285516697 -42.63733704635628 1.368509344953221 0.48042498252402344 9.081135935889154 -0.011019248717327706
74.84667858369026 487.96292572442326 -26.40698744142381 -1.0297115394400933 0.6315226916013963 11.669625735943649 -0.07928933907976798
87.24314087926437 361.8956756806802 -128.32749282998714 -4.417178212538291 4.406248397606079 12.42603752245945 0.09271362766959163
9.556236948234332 57.43416091699701 468.1730116390931 2.2577665273434526 -11.806854041428991 1.4484319644244643 -0.02161572679538111
10.631266238883214 -270.25997691538396 -346.46927025558267 -7.712898342354491 9.717672001829207 -7.580175318140835 -0.03025407693769
88.67677290324643 194.60610768043068 -478.2119902225692 7.113131346126082 10.531233275661048 4.285635573246873 -0.07546776652698811
98.78274568229826 2.6159645042872777 415.10597928412255 1.2808484752656284 -12.679742435871532 0.07990671729891352 0.006618575135939664
11.908143842791276 -101.4107368976919 113.54788347617291 6.50193840997397 -15.616558923068684 -13.947303108709592 -0.058006249837959815
59.10658909207116 505.39075962464335 -182.63080439439096 -6.788176506636125 3.7875512527691546 10.481218713906417 0.03403290853512095
81.62177246617365 638.3608885167062 -464.70611363032015 5.912753180021122 5.410989414728336 7.433007462622507 -0.012330027244431482
38.234742864331814 -123.55811310244503 -63.70132568367809 0.14317705739639308 10.040855163126624 -19.475718983486544 0.011576203693481849
47.94865506488569 -552.3643327885867 651.5311374887601 6.795512427784228 -6.742559463986564 -5.716302944426136 0.016309258158924728
37.55215576373035 -254.3882649086402 -610.8312889553916 -2.930558361368007 9.27142094717848 -3.861198223856206 -0.018741089549046408
32.2866059982248 -123.14130193879619 -722.2987860794901 -9.161044669350362 9.408323501804725 -1.6039805512647052 0.08794496221601666
86.63591854743134 452.23925587632124 -616.3243603009322 1.7719788211816567 7.533432174133208 5.52779344785471 -0.04069231090152634
2.836448428392693 -652.1827441815374 -473.9454496460167 7.697935763867136 5.348880916929064 -7.360441665403746 -0.04522197949439728
71.70635274097506 250.15375647579864 618.3492480303347 -3.2584204726981625 -9.272908172666895 3.751363521887814 0.07487812789882684
51.200149539843686 -599.5066665786818 -682.8676190898074 -0.7502175118521279 6.440449617300237 -5.654232787435511 -0.04419644009662476
3.4472226219404867 254.23056914079748 718.294764533638 4.907604976795383 -8.822846031739582 3.122725208149193 -0.07138409812041893
71.21305406711087 -9.885465881946857 604.2087442383289 -3.037085980804499 -10.508051208988917 -0.17192234091739045 -0.07898206374131989
4.025716910936298 -223.42960135419645 -837.0902817659636 -6.238157024717794 8.48010016883251 -2.2634421178188155 -0.054520120219136506
78.75797673047276 -475.080778170364 -378.5111552582519 8.490393531850529 6.531848431449774 -8.198320162022169 0.05093134482444489
42.187702342600474 68.85593287394109 -734.1194064203377 -3.7197400569346684 9.472542806991722 0.8884668705928467 0.055114522910043345
5.053145869435513 -69.20339492856142 430.02306406178917 4.379842295770215 -12.221619363222239 -1.9668190433108808 -0.01592893897813978
30.457516699944957 850.0568009438418 -513.5750594234504 -0.7497224724627003 4.239176995292454 7.016581450233271 0.09237454094445804
49.5768946979203 -162.60354652899255 -247.03052758322454 -2.258286080068597 12.548202117562344 -8.259635709156825 0.026833982347706842
60.76616928249874 -257.37046924418775 -268.7295638270267 -6.313914988619995 9.672450236160348 -9.263599510859915 0.04656546422838037
12.781581339315242 -553.4859040897483 726.2314840404994 -1.436908771794167 -6.799822965258163 -5.182378131882622 -0.0380037125346675
20.501021372437453 810.9023003445744 -9.11194138771565 5.313933483551894 0.10193418524732557 9.07146586919922 -0.010689356176072223
14.636841318691348 -443.26972174416386 67.39656749838842 -6.588214047873599 -1.8339792989185164 -12.062149805115915 0.08705314051891364
99.51900912140873 -268.6415457042898 -76.12896334171191 4.648766780591224 4.215340048400742 -14.874962387030273 -0.06194019867782952
41.471037444187665 -45.82062409005989 -494.8813420444414 0.692637046412024 11.539099045677935 -1.0683949358965659 0.007627000340629395
55.68580250463527 -27.629896122357355 292.40832919029737 0.6013221859764446 -15.007650117603939 -1.418084823159135 -0.06964280528456067
34.191243260706 -379.9161605237867 -273.78128548496045 -3.291908557833141 6.979733068837084 -9.68551734387688 0.032441203724608014
75.46806756517864 897.5579852217214 -205.9822743871502 3.4187530520568252 1.904236252548197 8.297619100034288 -0.024250084266476013
96.16725183137456 3.0929309500276445 -593.7975333283267 -2.6289119707467057 10.601683390276142 0.055221304973068076 0.08610605063799467
2.463114704517024 -615.5427739984925 90.14653572647933 0.8167765319273492 -1.5009023321415669 -10.24853121178624 0.04996836809113056
52.37296363150214 135.39763794492023 -115.04078798739192 0.923112487882376 12.549624318844122 14.770322070932336 -0.029566348543644524
17.440191345196016 80.35730508806569 -68.82228629351754 6.704379617382351 16.33799265500797 19.076336038965817 0.06743906189840262
21.264016939914022 -247.90798470364777 514.2375874518643 4.209648300989228 -9.739905497612458 -4.69549562699577 0.017597356108061707
47.94364237668903 173.7681916071293 -275.61198110116084 1.8605902040095792 12.107051996200266 7.633269506890621 0.05984020856118119
12.091336890811238 429.2300940137486 2.239415711438404 -7.2484176459920295 -0.06505691594198468 12.469496397382358 -0.06412986093685598
30.644740383409346 611.0165598181558 -38.38634036474227 -8.855703262729648 0.6546619034192404 10.420614736137681 0.03750380147060625
46.112437173571145 86.53669148262647 -409.7994642991741 -8.264046447177122 12.351142143582582 2.6081707524072666 -0.08988741719468821
8.809603403999551 -483.1090400656661 -757.5337371399067 -0.47812264889168965 7.266882059682305 -4.634376324120266 0.021020853172764767
9.493155932891296 284.1214430073823 -267.0176310541731 -0.4404797092974473 8.960040005139252 9.533975287001 -0.08170770154573725
60.491799113658814 849.4954849299371 165.05786150301276 -1.5446126284283697 -1.6750470016649694 8.620885136899993 -0.07074304817397235
3.6638907925401263 -146.69639176706895 729.2123902625775 3.440030424577481 -9.286535874351602 -1.8681817848600737 -0.013444026295454409
6.700965235039115 39.227536180458934 121.42924060754873 -8.005870883884814 -21.762466698944085 7.030332608007693 0.08286346808240155
47.03472875960006 -255.93552901309081 -954.6620090051629 -1.9155057963145072 7.937262421133457 -2.1279022706532897 0.052052340563942756
2.950318552307789 -128.86941481669 179.12165657879373 7.513488849693683 -14.117521521031351 -10.15687757597887 0.000508487525587048
65.29399788674667 851.378063570512 -319.2569145480621 -5.127772576662006 3.0081868290972547 8.022079274432068 -0.04064171710196962
68.03770467571577 -678.9629495781762 94.53596499201197 5.205346935785434 -1.3607445852947457 -9.772948923008501 0.08734517253705074
91.38571888224224 373.2622036321078 641.1688569139021 1.8729990698404926 -8.196969880587794 4.771939572144674 0.07926423718872974
47.12677754663264 -429.48365649161224 -307.25180971760824 8.981911088880029 6.541205263666248 -9.143447379800936 0.08530618787882671
14.227266512074577 289.4116006615339 411.1518235309098 4.954330924390538 -9.421411467329687 6.631773513332913 0.08623339823696907
53.46594847663603 554.7050037667952 -255.4205997287683 2.3089261623806063 4.372520904531088 9.49594209470148 0.02914210079253443
70.20375587410665 578.8801296132879 295.24650375322534 2.710922159585987 -4.604610183027598 9.028108057792918 0.06696918426958196
9.09673543029636 31.951514850514346 389.9696317048496 3.7013529832627245 -13.016918527750546 1.0665196257182934 -0.03144465450085743
67.99156829994148 473.43020749929224 60.51325475777816 7.441618302229461 -1.4993082206698594 11.72995577346447 0.012611888739106153
65.83676636809336 212.25342595046288 313.1405797617793 -7.811650906864562 -10.994944739509638 7.452610232989625 -0.06009971659442819
29.417041427235755 135.65027984409994 -265.1650459506826 9.705148491945021 13.326829800177523 6.817596132806273 0.05952616180230033
15.035205652857044 -151.34996494539044 221.33242186924812 -6.959413304824087 -13.023405066344424 -8.905572367636536 -0.0687240951935899
19.610165385996368 359.9378957926028 -415.91662131362784 -0.9662254109647215 8.329519786663504 7.208439555758325 -0.0945580106038102
26.679755248890487 -935.1441328270728 -235.79745972172284 -9.082952773501354 2.0339791874128794 -8.066514820160736 -0.08988850103287493
63.150864522677935 -382.2562303612376 225.47023093721657 4.57045653759792 -6.230373515833639 -10.562809484894824 -0.060192392324561333
67.91643956616372 115.81200206166794 -284.3095482422802 5.727722912039386 13.655350514114428 5.562435351435157 0.01611977857540972
33.848314415353386 -198.04731243300162 -930.9154780869655 5.391693905416615 8.190857967054688 -1.7425614302054582 -0.07244021606377682
92.89035667647437 79.4993090325451 138.2133975328483 -8.834336959260673 -17.73502635237123 10.201054064620648 -0.08273623347575668
77.41659297466883 151.04007680014436 156.04667017198202 1.7731216592388606 -12.596552091901515 12.19240495988123 -0.03357565011040571
98.09384355888047 706.2474203981053 668.1114341959723 -5.317532639153882 -5.694077178623412 6.019096685255846 0.06401298128820118
93.95415489681376 -302.7805947458343 547.7716421004237 7.868217176180909 -9.03779317922132 -4.995637202943769 0.07698397340390381
22.089156532281976 13.326584816053405 -135.16783080889465 8.52746876583537 22.060496969700086 2.175007782485264 -0.07872739056969974
18.94064742291079 15.29320601806746 -151.7397816963524 4.705470483232091 20.81427218121551 2.097781801350193 0.08527561547947599
37.041002768753245 -869.8027129485533 -234.24423527643057 5.141613633588218 2.2383842120171065 -8.311635323431116 -0.08146801524492056
51.97667237757463 -247.4431874559738 -278.1353958140318 6.39521107515025 10.00382863018024 -8.89990731230133 -0.03359657851187013
22.25011569638959 -489.73129652875883 -347.67811508765595 8.416534455685749 6.1024668093923164 -8.59579263950492 0.09202485231999147
73.95669879977025 -30.67277718438438 596.1118107740521 -8.705660647715296 -10.56033664106468 -0.5433793575786783 -0.061903760049995586
21.048566066789284 53.06933439123268 160.80781216624385 0.33602578094687097 -18.85283556119207 6.2217588880911805 0.03015875269320456
16.484801414865586 21.85865402730172 -900.9238353260641 3.4168095544626986 8.603341026720893 0.2087384611307577 -0.07755255401439748
30.23407434781067 549.9893706601188 383.7483543169803 -9.892133125787437 -5.708476360624883 8.181406605889702 0.04440620999366807
21.89665596217055 -155.5242420421469 -872.7562885872679 -9.334861071512506 8.542283403807437 -1.522225813848743 0.022080119459571
46.16669832437032 -727.7457431977854 22.106989658198405 9.593868845118514 -0.2907117114916989 -9.570014452753306 -0.058400336656070743
87.69029538251056 -496.468340321512 137.84829612923357 -4.969625138303105 -3.044926184475194 -10.966471778444598 -0.09523305284633635
98.06984844340155 -461.8577775350513 -316.4091280090533 -7.591199410656968 6.170909892829048 -9.007586937850723 -0.00018587773124076334
62.95089038451978 -634.790553369823 -549.5500500436757 2.8207845979329313 5.835589958169777 -6.740746140395345 0.03950153498693926
51.8831647244674 -566.6771050330565 557.8554237059383 -0.6570036124445426 -6.42715746567286 -6.528793718709027 -0.009069400423165425
23.76941279648601 402.8390615594631 -379.25305870709286 -7.485030149260073 7.528725855768769 7.996942381468618 -0.003041927062952657
97.20935897609478 208.2487054235383 346.4008346854849 7.59684519774051 -11.013373844631873 6.621002653104026 -0.01779020079265284
33.56043780631003 -412.2023342969222 53.72646857787469 -7.2788473765869455 -1.637715454169827 -12.564945193530736 0.0677593933094709
68.58893214581654 -194.01418664206923 162.07141425132323 3.6783740470585258 -10.416925578403424 -12.470004983549442 0.0634611906025255
98.67012985510631 193.72079653465414 211.775426509951 -0.4192079522525347 -11.251893568617037 10.292628472327609 -0.08425761880088418
40.33885388067372 285.4971382890789 99.92888893097707 -2.6481568445849852 -4.907361367101779 14.020346286704592 -0.0111476550393238
10.426438599651249 -243.78963005664184 313.33233809865663 9.365271791631802 -10.233380984136595 -7.962127942139879 -0.060474030708158405
17.366248526673775 -3.8056042876491873 603.3306343674986 -8.669882306088939 -10.517492574957057 -0.0663407633536389 -0.033491918957657005
96.29241685602751 559.4199606946302 322.2527977534979 0.38324870873922556 -5.075229479959795 8.810426770498127 -0.03974564341898262
66.28303392407285 493.5735632873186 52.53055789465313 -8.087815232703516 -1.2272083273486865 11.53076630634861 -0.01558425557334038
57.776502871206205 87.25273744428947 744.6879675177503 9.352884032156187 -9.370755137335461 1.097941786783562 0.0848831302849459
71.46404938823235 -396.9619148117842 65.25437359637434 6.916689078641145 -2.0893169789930326 -12.709941463232871 -0.01165943562339107
64.34300221152597 106.17232239319806 171.15621578522322 -9.368266212551262 -15.469125763149044 9.595871234539075 0.09994862348863509
70.10908746724695 392.14655555016566 -705.6885326217688 -5.045683926231397 7.947719577940312 4.416496390254319 -0.04306857002621683
91.44223480475108 276.53046700797245 -441.24529499628744 -4.300137562775166 9.593032397889814 6.0119977687997785 0.06619175448841574
69.05274872773184 237.19470436494294 560.9008920118115 -9.49167454011203 -9.64210184556031 4.077468104055337 0.030084606838526012
23.808320704559176 47.6706298577624 -379.0087380665613 3.035887456443348 13.114922174401785 1.649557220708382 0.09097516610232972
40.89919945939774 634.2077937415089 570.6897064204437 9.815911746091118 -5.916247137025069 6.574728791827699 0.00436480647455198
35.00162026376009 -60.70873236828472 -384.8202063631903 -1.986664370645073 12.929052043558686 -2.039670337755706 0.05382034137021929
96.4689243090634 -495.96368557195825 240.0483436997293 7.686567147415843 -4.79481475835905 -9.906562830382297 -0.07860359608955132
34.309135672112326 125.8964905090836 20.915475814999112 -5.567601685036938 -3.7478493029393993 22.559423384411573 0.02654340235667954
17.127006287057156 -656.6815377448396 -334.0928596792733 2.9813748893311125 4.315796570450208 -8.482982639011999 0.0052640476724641755
88.45079146608755 754.3400931389334 372.3548278089012 -3.6546425301946623 -3.9426070757394625 7.987184176513123 0.09832087474231269
57.500513061014466 -502.36095960078205 129.53449617670665 7.83163993514831 -2.832028987444807 -10.983180864880993 0.0005796878515641896
26.41476783279291 -140.3307858424991 -931.1186371547773 -6.733504811270854 8.32500808049768 -1.2546789200259543 0.008389052599917818
87.32642882717053 -60.95470026918065 817.0090336132124 1.9395792001217398 -9.00080648348648 -0.671524351396038 0.020301778596523865
41.16128781189992 433.6721835494233 -563.4528274848103 -6.746337895666034 7.677802185477394 5.909366456637894 -0.08606140372772023
63.66332117699768 -68.08453763422753 192.55077686648067 0.7287948755042208 -17.04346120841566 -6.026442452977064 -0.06193409080469703
73.40298644530465 111.41012449397554 -222.04119256419182 3.070714547752626 14.650281340221735 7.350841747591526 -0.05787779542943268
8.307440577166023 466.33976112646815 -162.8483382886281 1.8620379301322298 3.832251741850234 10.974206925608692 -0.06234404265158782
90.90351908309346 -624.6358927494349 185.7336855975323 -8.907551985395479 -2.8844110626751998 -9.700484181930259 -0.036708097187003366
88.16398540220624 92.06110121498398 253.6126240129249 -7.687005667463511 -14.784250559349147 5.366666554668673 0.08157331867844198
91.78479872653341 -604.6785235380462 -683.841704813873 -7.495232924756399 6.405705209872103 -5.664165173400308 0.07009714924556837
70.38322020153512 680.3574753693711 22.969601380088022 8.511228305561357 -0.3341023499171137 9.896080804503303 0.02926272407366906
10.942652652024412 945.1057717965591 222.48377268862183 -3.2911245853808113 -1.8998214951311252 8.070396500083358 -0.09452387009546381
68.83261638974327 -545.6302232854895 -200.94073200640221 -7.872041879750578 3.7025170048047453 -10.05373654150702 0.07163810300722848
94.76149361544115 287.8244633520439 98.0313523092451 3.6285736697680466 -4.776687839613457 14.024570524131375 -0.03372095564219872
11.299315596702765 234.8770697617852 230.41986306459577 -4.318613375004308 -9.97401691914532 10.166952781612318 0.07536280283295138
16.754282648525106 -557.489807370892 -428.9861866079735 3.7235405181214816 5.9402959314658474 -7.71972277416318 0.045897004219736914
54.3426154810072 390.5359531905438 589.1153784600723 3.436705772191363 -8.099394064407036 5.369244628237823 -0.06224035281111562
22.395831434415545 336.2932281934113 126.60235141812521 -2.19868013962933 -4.801713456414956 12.754768778223072 0.006386579552959876
85.15621541282056 -117.66308213286263 -165.80817598647607 -4.8656048075986735 14.775934753848698 -10.4855023836323 0.060419332822126054
1.412796834590747 138.43541152921347 -133.58431386730754 3.136203181577484 12.933815179568757 13.403505061267394 0.05071621449586214
47.601503412581735 -256.22228737204813 -557.0202719078898 6.314200073482464 9.478749317337343 -4.360104926156125 -0.028200053235676495
48.87673423284241 54.67467921185051 -773.4595436030846 1.4231959163675238 9.254661350799728 0.6541979406087042 -0.05400233142565514
49.96897386639445 330.4788349028923 87.68202841809611 7.604264059240954 -3.5829464010177663 13.504340324812633 -0.01616666902987174
62.985368128611675 211.08259000996054 423.77428770149544 9.741562856642545 -10.627893709176604 5.293769338039165 0.044176305052834375
85.03873480782312 865.7759140455935 -99.9156909762249 9.689631137459905 1.003272294570505 8.693419215557304 0.009898794917628198
31.42203435234701 -234.02149956987768 -138.19148847277378 -8.26502801302917 7.968272375940943 -13.493935632412846 -0.024314748640423753
29.412139708292678 853.1661325119915 -102.19520961438637 8.144782511910414 1.048196560567207 8.750760520634069 -0.04528796189990983
18.646910311323246 -274.1629046275491 459.44289575265674 -5.616222455901512 -9.591174321204768 -5.72333196355764 -0.012877434075333288
43.49153761810501 337.4529812911575 260.61318346061074 -5.907996519307677 -7.647421701447956 9.902205322373302 0.08855370713149566
98.6619814678176 971.8050536147971 146.97421464743206 -5.547038382162242 -1.2322788074613256 8.147924283358332 0.00883002876862056
41.49679940229699 -335.6448289499414 -668.1328502107026 1.6193581323511061 8.442527420262875 -4.2412084228244264 0.03564535480127723
47.29210871334447 735.1485567679678 398.4323150027858 -7.8016205621928485 -4.257064337175518 7.854721079842849 -0.033587175045824716
78.14138539008374 -699.8807819713052 -333.78335478722954 -5.160845754427472 3.993734903974921 -8.37410933616455 -0.09944104206326199
60.635213018135346 341.0637128736824 93.04683540030912 -4.3850907648619675 -3.6163330769634268 13.255689792250118 0.06813751879170957
93.93569601410952 -20.199337584068388 -620.5754375248873 9.33150188540743 10.362407450923707 -0.33728980173579504 -0.0032922397969938205
30.38245761296524 -567.3823465573311 204.42952569987924 -7.272064752912007 -3.5659588528887167 -9.897112928047475 0.01191131256643889
52.03404163133585 -375.3182402617706 -753.5701553649469 4.954829789515262 7.970124959452301 -3.9695484928000884 0.09172026133521266
54.12931020562605 109.23528449611041 237.21396411760537 6.860333550675605 -14.520828678774787 6.6867347280569325 -0.052651796716907784
10.253567671453721 -106.68667342625875 628.6762921594411 5.439394390051461 -10.086527011534217 -1.7116885537203859 0.02320735185986189
73.403290223528 829.5563911680136 259.0302591060132 8.324950700309873 -2.6120458204852026 8.365197610061365 0.07300701415573449
66.64124852445742 -593.1338943206234 379.13918140860244 4.694308321723053 -5.24424617228858 -8.204217098821253 0.015237836218918416
92.0314000721414 -181.93708696798075 -12.13570904946304 -3.448070448310558 1.2733276207982416 -19.089574176479783 0.06410666970362885
30.052530743362542 -357.1976847407352 -805.1254893353176 5.818128636096432 7.956954387608206 -3.5301399874791035 -0.059347418925805466
64.18539026551537 245.24387037057951 -105.7055057026302 -5.444672138337823 6.2574897198774355 14.517796282286467 0.051824548662967845
15.303297280835292 352.9258828160806 -644.6140063086931 9.447964605734505 8.359045298464245 4.576573596893496 0.07101768784831561
70.12681401317822 69.0466068459413 -255.49263591892094 7.650737376039817 15.330397366153736 4.143023206621045 -0.039268953924171714
31.285947059216173 406.1445416030653 846.5379844591504 4.218033124842817 -7.60156536330049 3.647012108872943 0.02724457168432365
38.77648531193116 -62.84438796428629 958.69108255199 7.563079766730869 -8.317003054174373 -0.5451985276063559 -0.021848578688969417
85.12780906566032 243.5871878785148 -92.81246123075861 8.494664691380155 5.697344324848981 14.952734407237692 -0.05866311181578714
82.60633821134151 9.214612496452569 114.41792019956686 -2.5168230246847596 -24.035329824182032 1.9356779966631947 0.03652919061718332
7.624856046809382 -173.44180759718145 -359.4108605234936 -8.090934417449409 11.647095867816873 -5.620568498207008 -0.0721134071500329
1.457732482439579 -755.02845405544 -256.4241370227422 0.2961103502857405 2.942120510408541 -8.66293136991838 0.08778367279425636
23.003320440822154 910.9256359963892 166.52998870656884 8.443474147758007 -1.526732585910285 8.351287732729425 -0.07245381620599543
88.75318582871587 -459.03654329285916 -803.3255870259605 -6.741982003769628 7.37431062207944 -4.213830745338585 -0.0706052328383145
77.28305550833694 607.104119365623 -552.323386715948 -7.613438594080318 6.068440099091582 6.670322262085829 0.016890370691525505
72.63558247743006 -886.6341915312261 264.65433435499244 -7.468706738874237 -2.4292089430410817 -8.138237042377856 0.06276503881014658
4.130636294594218 152.4357084445691 280.7502576042554 7.642067419466677 -12.702517509707679 6.896938482426112 0.04888951666059846
9.870815481358761 281.4403274068798 281.3885081786889 -0.043205641647920956 -9.156240750266662 9.157926921929748 -0.08435453500567823
82.8929130104252 -55.300144844727214 99.56405227348785 8.109042747665029 -21.16277704153914 -11.754288912419183 0.09790969904880065
73.60703767206101 -197.45424984147397 495.469737125458 -6.27318423132116 -10.391613260602702 -4.141258380217611 0.08960388515625589
17.911037885808202 -6.769611186043367 -165.39999439276474 4.067274152323687 20.062725831163412 -0.8211418247490958 0.04255458777664989
66.32348439258317 178.93977476541062 85.69608340785442 -9.514230875375283 -7.922194985877915 16.542130399050777 0.07600392995635621
31.967286917801875 -166.78066205510163 195.91301633973958 -4.304165983497041 -12.26405195398923 -10.440381872419724 -0.07737252571475683
41.48320722102403 -408.9772647231757 659.314129620178 1.496757744673582 -7.8817174024295715 -4.889085611472762 0.07640740967102808
23.50635020061536 167.47220582076537 349.1691638674039 -3.391399517538984 -11.837065254739054 5.677418379958354 -0.04506533162006057
37.04534498215042 682.5068003695084 136.099634744593 -6.574071822786644 -1.915128771848585 9.603908289855953 -0.043210328380836965
94.93646837747829 221.47441253450722 814.7049111208969 3.164889413638111 -8.57985027563284 2.3323994657346963 -0.025796365235730465
68.62658685470905 340.16418775181285 -714.588941170217 9.805400548753564 8.291762345886609 3.947109227300117 -0.04640939719343891
89.56407317791789 316.2791924653352 460.5739284275263 4.4976928900091036 -9.009866668307374 6.1871356110010485 -0.0942926986822946
40.812490810797094 -259.5068379944048 -129.10316142347344 -0.8204267834660595 6.759054909621922 -13.586196868356685 -0.03363386346854713
45.724875770448165 285.0690184095594 -60.17450624940501 -2.0549741398955117 3.12601435639643 14.809092747992961 -0.08366423261059204
39.71289232724363 718.7726384517171 -410.71321040635655 -3.8912222539908248 4.454733644191402 7.796049832113046 -0.05048587278750003
76.59834106693228 306.27672007916937 -109.65381953719015 -1.8278907662712296 4.828051655076185 13.485347172863568 -0.09574460513498612
69.42193186108162 390.5034919903289 24.083244731377864 8.337434038517017 -0.803977617203028 13.036286036274653 -0.040738153043334085
26.98580695414548 -712.0001395683416 -84.57443278634193 -0.2555262398653966 1.1380415861538922 -9.58074138342909 -0.04048723036991515
28.1723857194244 246.15336381430046 468.7238822521894 -6.926008385617639 -9.940543005912488 5.220340144156687 -0.06518261220274735
36.8583625711237 -18.24535093535265 -189.74884482562922 8.038993753043638 18.625827092803583 -1.7909713868439812 -0.03163646720852656
47.79131007246986 -260.60716176568036 633.0766646245082 6.706303352550687 -9.130329565140642 -3.7585167909606545 0.07918238896548449
33.16681224296813 22.54973466968648 596.0734795035941 3.1691887577044024 -10.570295825826138 0.39987916666075524 0.08677025675029743
17.799696998194058 -668.2455358457283 345.4665053017494 -5.681572356724969 -4.325681081590901 -8.367286054955219 0.016287538554656367
83.24846194665923 -377.78617393863294 288.7337305399277 -1.943762340683854 -7.194324154656565 -9.413227167395826 0.07244572828956083
92.81946147080835 389.4811153551042 -343.3512950182318 -4.955847807114228 7.497543118624958 8.50485056743408 -0.0363405717888705
10.404050016450409 164.88298742752113 -336.73659050789445 9.017729190149318 11.982717258586261 5.86733451245982 0.033737265283814294
34.2313036887151 52.52046782589398 -414.74662187835514 4.003292522336279 12.535153757686183 1.5873598599587517 -0.01330815652536474
50.941880193753235 394.80904407830064 260.5402785574571 4.865630226172193 -6.542557751069236 9.914248137863558 0.08419013966453337
2.4634301342269045 -172.73867721245205 -343.93315617571545 9.344844912214107 11.767862139655934 -5.9103488661154895 -0.07377796310276125
97.58062312393223 -249.1969406280015 -435.1221610288522 -8.975753840565233 10.01153595895391 -5.733663682078264 0.08583094823461909
51.300334601791135 -361.0376490981585 32.086325343213446 2.325131537730318 -1.2012449176114948 -13.516494531752157 -0.018009396662173632
92.35239738956791 -172.50044544683794 -72.50679268381478 -8.656407144279088 7.3181890151461335 -17.410656550233252 0.031880410132660436
97.66750317754567 -309.7971703208245 67.74687722315312 7.550730952035401 -3.0992776035893685 -14.172571061364774 0.08579655403732223
11.891793766865046 448.98075667329005 -637.1906676649047 0.2755804378426916 7.564169765833129 5.329906474485606 0.034946314383619004
85.18785872531015 11.540348222492199 380.30656300759506 9.005187378449648 -13.238420222112467 0.4017179668703464 -0.03837106212734858
64.22085970334514 -150.51710797094773 216.4979177422553 -4.9725438915898446 -13.062991593368789 -9.081859708338968 0.0134265635075409
48.900745613579645 -223.19207516786088 531.903851437378 -8.693184417244009 -9.91883697508927 -4.162041319572054 -0.0519592415459349
61.87522706133881 -384.3482946961987 573.4304485446646 1.865657879439775 -8.167796861976335 -5.474558951818633 -0.07535976047905098
64.24046278728059 121.44582587898901 -581.1077434296808 2.9793432040964607 10.378867686598644 2.169081675712092 -0.012543429434498793
58.374002471129316 -732.409236123764 -373.8023420208503 3.5854144198881865 4.095546655191486 -8.024605145654002 0.030009224093366454
38.884345349003475 -226.02558633758187 301.4087981334792 -6.23848421344964 -10.648588687270776 -7.985345871165448 -0.015385900234082706
27.660312382957674 614.2454740597897 338.70559170074574 3.2449826629561755 -4.710194444716541 8.541977724905477 -0.019920902066785956
72.18771841899671 364.2746661463903 -476.5001930214679 3.1238251357697404 8.380438230025376 6.406673875713209 0.06490948086360002
41.65669116033487 -211.46581785992595 -138.8362111112772 4.053488399884998 8.914660495776266 -13.578200943354446 0.010168142261497273
60.545458469264254 -253.60477623536673 86.30476624268168 -7.080670549873586 -5.085201189722568 -14.942758853028797 0.048201916118591176
33.46543102672453 30.28206441997084 -140.637363238281 -2.0440069593501686 21.05672328543825 4.5339377553800535 -0.09396079354063364
36.23337375193342 -743.5805539824825 -249.03270089764885 8.512374910281409 2.929815933951397 -8.748064601080879 -0.04392965890763392
78.26802371279486 -67.321312971757 326.4052557006888 -8.535784048512125 -13.859735671258717 -2.8585802052349227 0.023000531744965996
4.585705808281983 -145.47012153277188 -155.71502343043426 -5.368188451605446 12.93239312365222 -12.081536886822823 -0.06509838956728393
18.128068358573575 50.38069253058407 711.8035989298837 3.8118018342156716 -9.647062590617965 0.6828087058451352 0.09102088237236824
85.8299672204813 460.73275054069614 230.93892216479884 2.1443802562133047 -5.099408496079166 10.173531947345639 -0.019298192694509053
71.84766388483419 -329.733951082561 -559.6834004225301 5.423661421643697 8.73341537204205 -5.1452366729021835 -0.06852611920649887
12.934643805665932 -863.6731239429165 -198.21824190822107 1.761189168065842 1.9413428778722983 -8.458785890920364 -0.017366333654156935
29.427722234514764 -0.6970991854007208 -122.50716972527363 9.122600435485055 23.340575612048113 -0.13281423677022533 -0.08675535616250574
1.7554158478166046 140.37877257025116 160.09595644469053 -4.180108803676077 -13.312028872676686 11.67253886397624 0.037357733200338916
18.290055692034958 20.818151286001562 -151.3109619570984 -9.694117679042197 20.709017847608056 2.849254680293742 -0.08834136353538412
75.202053334716 -779.7148709029826 64.49309487570538 6.073921299940036 -0.7613625405486862 -9.204794655278866 -0.0340809613502832
22.617441180459885 -903.6889425539713 -401.52343440350893 6.463762357392675 3.3358101616433795 -7.507743008859744 0.027954066045420944
34.8836890763684 192.43102725126832 -370.0483513622712 1.1727362838057616 11.223130708071473 5.836206439452984 -0.0037279839241658452
98.87595590220884 252.0055140808159 796.1878832852705 4.463408090800433 -8.52308321787255 2.6976848215912583 -0.09439999288844605
92.09708786745637 249.0827609506638 182.9337792979079 -9.959884006426963 -8.69902145600046 11.844593656489543 -0.012052263872455504
48.445615135583836 -100.1903232432765 323.4322638374835 6.355763729422087 -13.41113443847278 -4.154396591444518 -0.014536540080320154
19.35731837041123 -22.169913405015183 -133.0208709660986 8.082932589219062 21.944148565854327 -3.6573198620520744 0.028228304731188897
50.429449711626724 -194.36892317143162 85.61375815938469 -3.7104992573724687 -7.145770566074502 -16.22304358573195 -0.08376851635014784
27.370859422361292 33.71719204555516 -96.95554876835838 -9.70604656187028 24.084118972548602 8.375475926452943 0.03695732464314361
85.59428557753002 272.2691884206459 -354.49592808894806 -1.1507825453264875 9.691052936004517 7.443174684831391 0.009956010352247649
72.43024296852097 -351.2314639011367 477.75126211416335 -2.383348160039742 -8.54789084249716 -6.284207812641994 0.014480438808274015
5.336928686918814 -455.9437084900575 -56.778173639094824 8.295047576694149 1.4893785820575762 -11.960102809319963 0.046169964209493125
81.80158210004748 -697.8174669206152 -439.2100853325248 2.7771954739169953 4.792510575258008 -7.614346076057987 -0.03210992440453689
46.93692007792397 -554.104353612896 269.43609109998636 -1.3491707946352633 -4.551352075954225 -9.36000811849462 -0.0030873160663805327
47.06554789105929 202.04142675092461 -704.1546997299546 -7.720789626863791 9.174867782087592 2.6325229067632003 0.047620924755952865
4.964061339401287 487.22384595527967 86.09490369690229 -6.326286612961534 -2.021028944206957 11.437302937814673 0.06360856424300718
35.58380234804823 168.48364018143823 107.69284275139839 5.715887827662481 -9.839455587203897 15.39366268343935 -0.04598953782167425
14.887033567403018 841.1197932723544 -210.49687708383922 1.14703880251826 2.1299798046864007 8.511138967057207 -0.08253227991806354
96.78248435980481 337.161676271943 43.33666521704495 7.467297832737621 -1.7863386690323262 13.897814633956722 0.0019353337158319606
83.91015716524305 -74.37608964892571 369.6378707165501 -4.802920365382628 -13.043291239576247 -2.6244848685855575 -0.017501460545577843
92.44810155923142 -91.70178043229568 277.9922545569375 6.761210143447151 -14.33976695029219 -4.730283447723376 0.06840784733525551
14.939868751893824 -7.180272964642857 145.4453065942602 0.43396380288639413 -21.382581737998535 -1.0556048673053293 0.010287887441839394
36.39631389332501 -152.47433412342787 -605.0095203373415 2.9475445335826205 10.029155535278692 -2.527545039637167 -0.026902806748734118
56.21300912044151 -826.0414460579235 -208.58210316124058 5.817215771961752 2.166927146969225 -8.581616576187864 -0.0020505005337472515
50.5490244816008 970.8873158037438 14.192313335738442 -3.7460403698453586 -0.12118063346970298 8.28989165991209 0.05015736871504947
97.13703737963736 -253.34747483998345 774.051959576861 -4.538614851777152 -8.60340087369405 -2.8158960899446726 -0.01206176363410058
57.16457718425579 -560.6209254058757 509.8067834963049 5.424115833972385 -6.314104619502123 -6.943452479424396 0.03345782146993975
24.22047676962563 -65.94294979716628 -788.4842089886987 4.922126881804822 9.152422683199335 -0.7654405029807134 -0.07330472249007512
89.15864586435525 386.61774901200016 216.9094275377776 9.850257923676534 -6.003731733290292 10.701006750812379 -0.04052943397187406
77.06603241684478 -406.6378061759175 -550.5631095490994 5.527756273732464 7.943205903392308 -5.866734923820738 0.0003428339011846554
2.995100899832032 -325.69087613597367 51.9699437895454 9.404238030481402 -2.241594367723863 -14.047866523040453 -0.060884728780406384
82.79064190186642 210.85574666192946 27.972999645991898 -7.993604865936499 -2.329598007896146 17.560116311926095 -0.07108854540949175
87.35649149519124 -159.51988639396544 -72.25482728562906 -7.739297525374655 8.05494347159119 -17.783222460952473 0.07926841476634691
38.67650951439773 -275.12747386170884 -23.349432395897388 4.237704168416945 1.3147423256106887 -15.49167143300209 0.04090217619337433
55.45347950024095 -209.1420958404307 -362.5266107971058 -9.12537729029307 10.93844198970871 -6.310402091384665 -0.050274761138610916
71.33813926174082 219.01216996892614 -386.6047031084159 -2.8478693188087334 10.663773595896012 6.0410444480277805 0.06948458632527266
70.96092855787317 515.2051145239237 -389.7570060871727 4.648769504662372 6.132307867152656 8.106066927981571 -0.005909863690155781
53.83172148210544 181.28541571938285 -7.889696124072209 3.9469529670521553 0.8338779405893204 19.160422244619042 0.05425387115568964
18.211549829646817 514.1544853335823 586.6264701421237 5.416004097639933 -6.9562770242213565 6.096896773784929 0.022965029791178954
59.57115568226407 -283.94883547201994 332.43391588357844 -5.9004061410462665 -9.39497826493873 -8.024732165260005 0.09704321872427771
58.87116591257431 -274.43501816699967 521.112166614548 -8.426196025456502 -9.419041289872814 -4.9603807646539835 0.016335753881833323
86.96857838320634 587.244606437933 -242.86845965496008 -5.12383812361602 3.9166604132391383 9.470302180000163 -0.08765651750297128
78.98096873817862 -437.2041532019719 248.8158880124294 7.628765202399951 -5.697278356643101 -10.010911197711133 -0.010139943621805259
95.81034761032389 -180.94522731862992 -374.5613340993849 -9.4980155860003 11.405672023171142 -5.50991714592419 0.004672822168940272
77.53816303025357 -359.71133817548196 -83.57008672174858 -8.217395770968132 3.0422840536480575 -13.094925600488535 -0.01905437159038799
17.383161460380773 549.8564303619751 817.0428790041185 0.5679145096830478 -6.829707463097356 4.596280883877972 -0.01661760334265054
12.531542745896003 856.9476102383309 -352.77543778273133 -4.470333160615521 3.2305650430950394 7.8475559715832945 -0.005943417682250748
21.00614110984668 667.034197594061 -401.2758205267751 -9.97590304263386 4.773254045513236 7.934501705041258 0.09924489750582549
28.912613536245725 251.90895217342396 873.8585594771772 9.105964637107995 -8.23153158308078 2.372920049117493 -0.026596103508504235
61.3726709602075 -925.2679079025293 -280.51166340556114 7.471526397124801 2.4105278092277698 -7.951127578464989 -0.08926546773342046
37.623924384364834 -283.07898330617894 222.39393525582878 -7.909335990161239 -8.411824705356972 -10.707175007281768 0.017449792274692205
21.833212784165116 -455.97226039075554 -669.0469941370079 7.822410795803428 7.502617053428022 -5.113221173813769 0.07349572100406129
21.256979048567537 -570.0617755688662 282.1546845790236 3.439232062435293 -4.543970002608178 -9.180579835785082 0.04389707584679842
40.844198532755975 836.5910158122589 -114.41541677141332 -6.008260700280957 1.2047071629699417 8.808665979331018 0.08743551570705566
4.319577201957847 -155.2090898956196 528.0210184081619 1.263488058268642 -10.565349227945317 -3.1056306111496106 0.06498329919967555
45.69343910076609 -234.81762266271497 838.4447019360356 7.837804661315701 -8.430824048984952 -2.3611647323896165 0.01913264446456557
31.58509287911362 -329.2790940167934 -251.15324082476656 -3.3307190465405867 7.699073755759796 -10.094012813610737 -0.0655108783136314
73.0654636241859 202.97906834243574 325.7245314095086 8.589331669930345 -11.192006772189558 6.9744305031946725 -0.09834952251793182
69.09183317384408 -176.50787362481825 -846.1466762485805 5.913513115078487 8.602131549547419 -1.794421689609662 0.06163092140704224
72.14160822332806 -202.8887890251551 171.30805124773062 3.29218845032495 -10.228010671480224 -12.113550321532106 0.044342809010955136
82.66687547097604 -140.0726776851461 -327.936060326185 4.683925458502857 12.581225953013732 -5.373870766293927 0.022375458729016556
24.608667737084254 285.0941580791392 637.6347250048119 8.512473619255701 -8.923918646639518 3.989991406617989 0.019405590611742338
30.64674849432299 -644.159602186414 702.6821177157829 -4.367336024360091 -6.16800933760768 -5.654309880705548 0.06058321313994747
9.013515690495453 -812.2871281660666 -164.60298753391817 3.6290015711389927 1.7822486465982004 -8.795087236948223 -0.027201420461632722
45.26476457563888 -39.45447532744661 144.8261034292009 5.8932872322305805 -20.34513886293985 -5.542555936359521 -0.0284541897010189
89.64079995880627 -168.08929337544063 -846.1100281397037 -4.957490158990323 8.62743369175131 -1.7139369404217764 0.09871241751712201
97.37689929914615 -82.58746703144116 179.91786741447373 7.19168081636456 -16.687309768073003 -7.6599543175960685 0.091174296430723
66.21114985230977 28.961591302866744 -114.84485889485008 2.0551116210751417 23.01785888677041 5.804646617712875 -0.041390249470543705
12.299963220904285 138.91198798993938 -117.24518363860435 0.021057484925409042 12.359147960523497 14.643107373605037 -0.008385148674999482
53.56596524582084 580.1048060372241 242.4589744510988 2.633007934452621 -3.973191267947321 9.50621586624849 -0.09984322760844928
31.99326626346598 787.6701810553242 -516.9634476606069 3.483125402592089 4.618192336868331 7.036498248745679 0.06272752387945263
47.5119375478999 -735.8215966795444 255.73887875908582 -4.717346532582349 -3.0387587696380085 -8.743231927224393 0.022100253933638417
1.054913642158155 -531.1693752635437 -147.6864219900372 9.447810746272076 2.9474027138108485 -10.6006363824739 0.09205386219181388
59.77483899060771 -642.6186921987435 -606.306827999762 -6.15602298598291 5.964688718563444 -6.321915384560611 0.055589976518468226
67.29470330453739 26.05992562148871 -762.7079448440081 2.893343551476569 9.346385567979393 0.3193438777946826 -0.014894037403382618
67.6869888664176 -171.51971920656817 -273.48685703011836 1.3498710852077007 12.181325223526763 -7.639626651869065 -0.07019623472072228
65.83705256429731 55.62857501086631 670.2812299774265 7.524750704544957 -9.927468495493832 0.8239092804197862 -0.07499046722766478
92.68554499709134 834.730169804804 -322.6790809558006 -3.466745748259612 3.113805488267058 8.055022892284482 -0.014886508292050626
98.5093110965675 -361.8531697153813 -602.4444304092294 -4.946856970610785 8.354216946941364 -5.017889999725318 0.08857357899616028
14.80295561049942 -576.2847980926928 -252.19001304913735 -7.0964847895416945 4.129552001788401 -9.436527691127157 0.051034085173904536
82.80534715171777 689.700918232686 465.73486162306426 8.025855946976893 -5.01165856226406 7.421702339859905 -0.025380820647079805
99.8980032014727 -79.1828234310174 271.59771631797724 7.221846969392217 -14.745789875275713 -4.299054100579548 -0.014227156430474078
18.40132366867323 178.11028552862527 382.10902994387516 2.395784739000611 -11.40429744077912 5.315819607112894 -0.013941597496557837
49.71629060897537 -189.04940942686332 -839.0222340784735 9.113601921625076 8.593805165272325 -1.9363655994273776 0.013420803975042112
31.381526392680698 -122.20858332436289 44.411827682225876 7.5684049981667485 -7.738287906226283 -21.293543898767272 0.0013396700696260144
22.804915501119623 865.1867304038018 222.39063453955265 4.371429417732713 -2.1518642568741946 8.37159534407764 -0.01912217924099094
10.671662307502864 -777.5662445578098 -501.85004172647666 7.039806051537344 4.605167967333894 -7.135245320691623 -0.0896082169444054
35.36409702733366 -891.0198054938154 330.8252302912876 1.9347924391747817 -2.916790631579857 -7.855864617484438 0.05320938370381367
38.054787406718965 -592.1661238225469 -499.1361988123817 1.361079199960784 5.982991034989219 -7.098111935148085 0.08686428994742248
67.29163060744582 -298.73392952844654 576.6064760451687 7.326318137991898 -9.001534594862703 -4.663603190434752 -0.020713000521569436
16.258729373620845 -236.41143031226517 422.17379060393654 7.088099885145528 -10.247401421959177 -5.738401769763297 0.004819073628928819
24.838728303563915 -278.42580586795714 288.2160070845007 1.549863881245443 -9.281823597238727 -8.96653604054592 -0.07807377246380645
56.51330311112483 -530.3421561549358 -187.77767806085885 8.473648373338708 3.635319657902027 -10.26726544706411 0.047142925165626653
38.50376967697964 169.44981292283111 -100.74446126080652 -3.686133602629445 9.403173164764688 15.815915969072169 0.05851840407984685
88.17430470217938 606.6971159457022 -737.5872689836658 8.307051579072876 6.456223945786854 5.310520683478892 0.05684987052336424
32.75740722650663 133.39847113079125 227.28035651108968 -0.822462965783064 -13.724719661738161 8.055498713920965 -0.05769837763780166
26.717531493884035 470.2411591152095 556.9576894331861 6.178265489653661 -7.311435640957395 6.173068503819457 0.013463316003777065
11.765678535505128 -124.5665436607245 -78.1433532409355 4.80965872680599 11.321522110363606 -18.047381124255203 -0.01659144666870449
20.9708010092221 284.1334438163324 655.9774981510078 2.813919514316975 -8.866489860434983 3.840476701882298 -0.03337133764726144
23.64496323048 725.9402894236092 240.03648474922497 3.533729169515187 -2.9331360856695015 8.870658396677863 -0.04933447476439237
49.462837778054656 284.23361312674996 692.9940989733644 3.346020400894613 -8.733595738863164 3.582110549170601 -0.024748378951653757
75.65210758824169 -170.78195653728662 430.32819341174456 -9.098340870733978 -11.159939058340347 -4.428982939996773 0.02163714330049256
40.82718155044206 256.12912451002416 -384.53116275536576 -9.234147696263296 10.003162977449813 6.662922602648166 0.0724353961979618
24.097316656620663 -348.72109895035027 81.19018635059166 2.8734600538758226 -3.095956317582186 -13.297485052042523 -0.056688316379657946
47.45945665556222 34.695925795290314 644.922401850218 9.640462597433064 -10.150975077165153 0.5461083023581506 0.04596720297134818
11.412441082823305 -186.788467335654 -88.16554912233588 4.303337527646571 7.672952426387861 -16.255998379544874 -0.06397656886522238
8.953396820988457 178.15416719164756 -777.5705018365802 -0.5833480006420437 8.915960772752198 2.042792984599227 -0.010307720726171893
43.32952940455202 320.2000847032084 228.99785352023198 -4.66628184297452 -7.574474688548707 10.591136115786014 0.011045014359949645
82.1178903441401 -96.01608354513948 496.9610415332211 -5.285969794022057 -11.27468411527147 -2.1783418044542944 0.040984034515360174
76.36289062853831 214.77553532269263 -24.11691085825977 -8.919600634633117 1.960947885479793 17.46341537351501 -0.05821238641997398
38.433244567780754 -281.2326974009497 563.9599588139819 -6.485205119713868 -9.209609638610273 -4.592601513985251 -0.06432240424916602
75.17977926475956 -254.71480856864332 -665.8821318264701 -2.9155170239566797 9.036990465433634 -3.4568509746999037 -0.08926948444418868
78.31293841973516 -14.996988975550668 -369.96937128151006 -4.996182883670026 13.414831061936491 -0.5437803482160597 0.02611787963815132
96.04934042982015 -107.81452693620119 25.548077344342264 2.9785102666909467 -5.659140492759996 -23.881936275237447 0.07668064927071935
77.0901689443344 -746.4060208491268 346.3400798891654 -2.9790697756963747 -3.7907819239414917 -8.16960731966523 0.04712490533618108
11.366514442837232 43.479469663639435 134.73085601755494 -2.428855709484468 -20.663316780749735 6.668331825945777 0.04612244642192648
46.36470069174847 -202.7904259421834 -452.9915938347739 -8.584010107124879 10.584276709580216 -4.73825565736345 -0.09252977557360767
78.01497991785376 -89.0036369102315 -385.97850767513444 4.259983810890002 12.64872018000148 -2.9166963338474376 0.031641964073869544
52.00559753414094 16.07688422207474 -148.57279965024108 3.621058640641799 21.010744993517264 2.273547482954532 0.009358399520879496
54.59428966692651 -386.8445647215794 -406.53271655073297 -6.678323324179429 7.900429434988914 -7.51781606120854 -0.006443510030500005
55.13264977742563 143.400092636015 -44.48970288145564 -1.841882771504844 6.24747801506773 20.136995036566255 0.0701234922726198
74.6065793544117 -567.2523519822946 -33.7393798288803 0.6272374222233719 0.6434654435009802 -10.818434959282259 0.0025644802735668853
89.20438587502204 336.05870954779573 -30.79777611903504 -6.562428888867238 1.283439204777209 14.004612582201988 0.0904769529921049
16.92238630215646 732.0828093046396 22.879421190897023 -3.095014180332849 -0.29818761358478624 9.541239003889237 -0.0871756326093613
81.64445846283976 -355.03139083431915 175.38695974584527 4.040179728406619 -5.750084957013019 -11.639751682007182 -0.07786236975705481
40.608359740379186 -228.46144664685625 831.477227216083 -5.424814963784033 -8.48342100701426 -2.330953359078743 -0.06603468310424405
53.02154466824934 553.0594428475214 406.21936279944475 7.162634858804864 -5.838141677522357 7.948511762669286 0.025600349414129087
82.81216324855514 -318.32732114127447 437.25088734009444 9.178152874654163 -8.980824203543715 -6.538218201787614 -0.09485257584110707
96.89780711695862 -237.22065025054843 785.9444773567839 2.135838464726408 -8.631938385973717 -2.6053672948118467 -0.07670258042926158
16.809215214836406 240.1323145271461 199.45723749245215 3.5165305122255432 -9.342804232234066 11.248071178892573 -0.030550894106326457
19.763411826508857 -690.8096713474581 -707.5796880014615 -7.529856406006942 5.878434847275407 -5.7391128006424355 0.09829088945380324
77.93475621586882 -187.5345530165957 949.6786459579763 3.7603189432176265 -8.146187896230531 -1.6086406832573932 -0.07501113507000925
72.38797690211916 433.7906551380518 110.61204000231099 -4.560424375005551 -3.0169406708216315 11.831629450835608 -0.07784289007165122
52.328521819673945 -701.8823566980703 414.3976272996513 3.324619384519833 -4.600610197644164 -7.792243282890962 -0.04510227049139233
32.61420637785724 284.3354147550188 -342.63401100406327 9.794743749986768 9.421762523355206 7.818665598756702 -0.005940884556885656
64.30829874828007 84.13373963439818 658.3701067359228 -6.691562740405963 -9.946987735698508 1.2711349858378183 0.0683269318985261
84.64271743404213 -184.48572489521266 -421.2913345894571 9.373851885679361 11.034932937565603 -4.832256054211742 0.02358475783231899
52.027115032658024 234.09768110057445 -370.45074282751955 6.3467197778634485 10.432712276415417 6.592708474161321 0.06159058362127556
18.29849621019623 -934.0904168187891 352.0362508540809 -6.040239856489256 -2.883680679569676 -7.6515372533836965 0.041478025099305704
31.197058582779395 -369.5271286173276 -604.1610263537646 6.423502665658564 8.281573281089221 -5.065315141998172 0.0475050936149482
22.40380280207305 -3.1168923389330536 771.1998517688961 6.333945994186493 -9.302808320263816 -0.03759836301509312 -0.011820710227199507
12.65790334805666 527.3136299099455 136.59531324393555 1.5234002681440089 -2.7757528991097677 10.715538492515666 0.0632356115608951
86.11981215152926 763.5302962536234 -362.9301884852408 9.546393448804974 3.814473147299122 8.024865124514795 0.05058065056601341
43.13429660173826 -127.25988279878138 206.67845684056104 -1.6427930405277777 -14.120511587110919 -8.694542610315784 -0.02228588000169711
90.53985121340767 -184.70875124125902 278.26005697347773 -7.417327538203997 -11.777775800004031 -7.818075954126676 -0.0870564584346859
55.935936066296186 -713.3963432152141 -586.4989981873651 -0.7426955018705517 5.39871824827832 -6.566807220940229 0.02076950168460316
26.191608068823623 -371.4783491993651 925.0518157750752 -7.084905427229955 -7.593148152913522 -3.0492239385608317 -0.08365727328501088
51.499183568193196 608.7314147054398 519.7257845149106 9.835478247127249 -5.929279606974093 6.9446982829729205 0.04798306523067758
10.826854929342645 -104.09092604907512 -7.044846701622219 4.026619190991092 1.7079160801919449 -25.23526400657503 -0.047089687749731574
35.97276543615041 352.06291159384983 -137.37805356546673 -9.034712207942544 4.830878504983253 12.38023911301127 0.006263416849018766
59.612993921838516 -496.52195328750446 -190.66492645578268 0.9117746377311864 4.01572292960815 -10.457584569613356 0.027188161695604285
20.736229627065697 799.4461260463303 -409.20717990688325 7.539944013575706 3.9279570410475313 7.673839057409545 0.08444048611699914
67.66673021933745 -666.0534399564095 79.82171193307641 9.232077643661334 -1.1869036410891634 -9.903837363285634 0.05111200234256183
54.03433871787739 310.68089424137105 34.74283913474964 -2.1647176232416143 -1.6238589377801973 14.521033959104225 0.00931096254132946
32.119477988035364 -529.4610030135809 707.1012520320932 6.272432473754062 -6.9579201573553116 -5.20992909405081 0.07093397410226485
39.111536883198795 -11.582307831779799 -149.38534227514913 5.281489998783593 21.04246910636226 -1.6314877418274523 -0.04821931442752334
3.1196346060030153 501.2743318999718 -217.98494469629549 -9.630012449040981 4.406574533290964 10.133281031038091 0.0755055898533071
74.97928827482396 -11.237585883607204 239.87876399334309 1.9047401333234522 -16.65301622737315 -0.7801428394945521 -0.041651471517587836
63.62835927390804 83.26111280931677 -300.10986898149963 -2.223011032448321 14.10619526379203 3.913558454957842 -0.03977543257000778
38.493180998259774 -825.9403524919369 544.8430882623176 -4.579820543509361 -4.5224817520061045 -6.855735628955789 0.05568291138989734
38.444361288690374 -846.9236779737477 -195.32687017670378 -6.11650743563702 1.9693286061177275 -8.538871404242995 0.06018504663528765
8.607375123567332 -269.6559999800416 269.0433326892241 -6.642485557410003 -9.34926597224249 -9.370556183737762 -0.0056952078880771195
9.833781949844473 809.2380009382197 45.78992660230898 -2.4439261258390133 -0.5126455545346976 9.059902352422743 0.08078295773285149
43.6794510029313 -5.933181540293504 992.4348955338039 -2.502787516947138 -8.200497624877391 -0.04902592739141143 0.017232965878849732
5.53778741686885 640.9021022249073 -655.2292938584186 2.7655669862139813 6.100357992568666 5.96696804982377 0.07495240883659826
63.598565612988835 -350.33334472780933 65.60554627549864 9.118770394177002 -2.518803923151667 -13.450402491973527 0.020290730575103152
71.9542048266059 -219.64706345868456 428.8384927104757 -2.157440696098294 -10.475479603662205 -5.365442637210214 0.03618708884522531
86.9728990086931 7.867301787822987 294.65754578482154 3.218002074315109 -15.042220860317743 0.40162450532872807 -0.03203706834227281
12.471734958091972 612.8460307566196 -97.57942593068505 -5.915704078694562 1.6307195902835603 10.241708420095076 0.09161449199939672
49.24483705693363 -807.9326745199394 10.979138198488279 -5.3916310712499405 -0.12349466922826617 -9.087724063104194 -0.0025754218290381797
44.52257552754639 -135.90364431171713 46.17641541534372 4.110254182335771 -6.937293404721457 -20.41742406553296 -0.02788783412534697
80.27227643573416 791.8640718596349 556.2624581626633 -1.3184331370679754 -4.7737525602107285 6.795646704012196 0.09538822241925182
44.07205163536306 -601.7752604346374 67.54514534300432 -2.031691057220055 -1.1710287053199095 -10.432964509022417 -0.04066180555241013
20.163342063087267 -348.1746311068813 -734.6083052426764 -0.7867711968735165 8.187837878110205 -3.8807040601483735 -0.06459837939471487
31.3764631354556 -659.6711796423912 -504.44530122382963 7.138277661596696 5.445707379760777 -7.121438543442945 -0.010684145755493216
81.72612057217324 -73.06211326717168 92.38651618200976 0.28657671528931417 -18.671347504708848 -14.765878859986746 0.09387938935509854
42.31307791730523 -388.6463265427845 747.6981943596526 -7.46599058872013 -7.896601483671157 -4.104577464480107 -0.0617591205618139
25.808793087078 201.8824519481572 135.98032867204853 -6.810714364012287 -9.250777115011038 13.73411569631113 0.052636227625173365
23.37927957634953 -43.82459241595611 -760.390657931242 -5.076409982701591 9.345538200609253 -0.5386236643986796 0.04941596182351596
83.44854428165786 302.81175280792695 -91.36204599431605 -3.333654272983404 4.19596605491405 13.90717361879279 -0.06898167885637824
76.8503868180626 328.68754572127784 -250.07720641918988 -1.59289975764721 7.697365908212114 10.116988849627242 0.018247628078416872
85.04246994962118 79.99297846969002 395.23165202645396 1.196434256390436 -12.609570115782983 2.5521161212977983 0.0803286842552211
77.89915879376429 -19.811819040846412 310.4352572103499 -9.0929400911973 -14.618183156504132 -0.9329249583476538 -0.050623483605060554
21.472434252757125 656.6573163833008 -63.623087326839546 0.9455288164477782 0.9699871140376388 10.011289328954652 0.0039582563357641876
87.34318681718509 6.250997987306807 -639.7777124084554 -7.831213446914662 10.213091322716382 0.09978780452064552 -0.07591856485722359
61.49226992447702 119.08834090869178 42.9436875829548 2.1617406937674044 -7.7889589522759 21.599779880119367 -0.06237590807484648
23.861265663673187 -507.36908035803884 151.44505687648586 8.21235765053203 -3.2112350885783427 -10.758234222423338 -0.07989671891673732
28.335854722524733 -286.63627232146035 164.3920101669933 -9.09049185857506 -7.070678305179061 -12.32853634505694 -0.09842745367652075
83.76324042265979 -496.6386141289663 670.6044886343841 4.694520782739131 -7.1869366747011085 -5.322526661318249 -0.09968412201422266
54.298996393529194 111.89901497176658 214.39118100241149 6.01995732475466 -14.727417065569028 7.686806215676486 -0.08901776857603004
27.01314327423203 -776.2485703133982 389.4934697151964 -9.588635611935349 -3.9315084142633703 -7.835376002525998 -0.08398136146763507
20.719569354005763 389.57379802697005 -270.0360871224124 -5.198909083175978 6.759909347804333 9.752339352141272 -0.007216144197563598
33.66312911171241 -415.8375527042826 325.68614926857936 -7.837364400549998 -6.9311922312288505 -8.849777680844124 -0.025414109751180844
92.13473725946592 -96.88159722456346 -267.7967848890838 -5.558530096076928 14.395869909530752 -5.208034408814977 -0.08933959544951096
62.08374247951493 -554.7736709729863 -411.3419361408213 -3.1015515189319114 5.855088239013713 -7.896711982987239 0.04241574600641046
10.07260651823401 453.20865267638254 3.3321679776411246 7.527252580716979 -0.08922054089574238 12.13489878113594 -0.0727037097925341
6.907281430889029 -208.38753578953848 5.966014232845952 -3.198695950276629 -0.5120503562040657 -17.885460504276992 0.01943104960429247
41.92880101389409 28.525670892410623 -202.91368119235077 -1.6107093484754014 17.871985947291055 2.5124495614612625 0.08363183252514611
24.034946125429318 -385.3332388781077 556.9772765843484 1.6964021185856648 -8.163754863378893 -5.6479253915061625 0.09655046554629648
21.196587429908412 462.68180943366707 550.8542945881336 8.297408806528935 -7.375601620504598 6.195026047656536 0.042530534629619116
30.19990112735118 141.72785148498542 523.2529818269769 -3.647014126759027 -10.709927548607402 2.9008817412260886 -0.011022680346252048
98.82284071884209 203.16866728750438 -808.7587862629648 -9.870220110149301 8.6768225519789 2.1797085906434024 -0.06013661446254131
78.62458908940432 -603.1444252767287 -87.6754808480626 4.061320788535641 1.505351932120194 -10.355741618472239 -0.02680249523541918
15.025992484075415 314.03068801626006 921.1176188385779 6.809924721720474 -7.838453385542465 2.6723133498944107 -0.023746889842666555
4.189901990928049 453.69192525736827 -20.35694739581525 6.091572404267616 0.5433990000181387 12.110643786987337 -0.06967539676082726
24.965481379774413 177.8882080647238 747.7221000996367 -5.871775955331195 -9.065669885728786 2.1567849481294297 -0.029880879784619063
90.14603886443032 134.26201641136336 322.31610932988576 -8.349657643083052 -12.762765396841683 5.316379068758678 -0.005599114925082735
73.06782986211994 -575.4686050722141 547.7663749878612 -0.1845452817071056 -6.319267440604603 -6.638852228203272 0.01667092148122995
16.47712147406505 -384.8069610403843 871.4077698827205 -4.807519155535025 -7.657115433094035 -3.381323212829399 -0.042546634409592235
32.71993642024881 216.49086926698476 703.9617947062582 -2.647396803431878 -9.099004353045943 2.798236177968939 -0.03962210544972993
10.291203616619166 125.79530327084882 147.52747992457722 3.0115327589745178 -14.118280429119828 12.0385257658573 -0.05326921316920759
6.012941926824863 455.0596722181053 -188.74687841787113 4.005221324062113 4.459375196581578 10.751339742749478 -0.058729782166179946
14.098085396108164 121.37767052958651 -166.26306776634738 -0.8799900272155643 14.543170370262132 10.61700692385884 -0.032873226397407
73.04318595719806 -272.2816256982051 866.8478165381939 -7.778440565677808 -8.176798291985616 -2.568376927843429 -0.07025551262547632
61.79097093618918 40.350149726482705 -143.0803791710692 -8.304069374819147 20.39326818407336 5.751112971652374 -0.015596123514266175
2.774404705144139 35.5333295104498 -766.9528081778861 -6.6469512577602625 9.313654526214966 0.43150654342441574 0.09846878108564422
74.2471329776078 341.8088986286438 -259.16194982223817 -6.418962158811452 7.536398421566694 9.939761781655337 -0.09983895704758368
40.70200462509834 -831.5596242499872 -310.3349716177908 9.535058798349858 3.031949251396042 -8.124274770234711 -0.01613803885207729
60.955983075997864 624.0060379704055 366.5255983818209 2.6139019170403355 -4.863847774945658 8.280650499541064 0.0392303306325156
11.787470793603356 70.27508332460143 744.6421101765551 -4.999997602050104 -9.404611774888107 0.8875537215577122 0.07619556083324808
88.95453789318935 -362.6315289917948 -8.197835935731495 -3.9219176744696993 0.3065754144091079 -13.561373044061517 -0.09226962568659541
78.04992873861269 -485.8777413542852 161.2505050429461 9.693544822909764 -3.5964986060142556 -10.836918737145279 -0.0914892601678526
83.48776600344864 -751.6793944267622 -47.229191564014144 3.4648214937958617 0.5903112428024553 -9.395138532312949 0.04359989458062405
66.85668875355248 253.64194530544071 -290.664221744121 4.9208037885160145 9.910569816279464 8.648247769205708 0.07970249081919423
21.03234510768697 276.2879125019363 -705.3965854957659 -9.601012872493445 8.739730933616933 3.4231552365405027 -0.08531487808015047
57.91137644480147 142.6170069623521 337.0036725348929 6.485695714376696 -12.43727097246209 5.263344305806139 -0.03440454403850002
18.328922246580458 -143.97283271425601 -97.55532193931238 9.810659115042327 10.989078997290669 -16.217760350838585 -0.04634831834634639
63.88458010999953 12.893964892757056 -132.95246637638115 1.7102903100305156 22.248740192696665 2.1577221000216555 0.09449952781665094
94.55608378961787 400.0568054195474 553.381169551459 -8.701339620884234 -8.012071676499817 5.792180825905198 0.08300979063049208
54.69723314442305 275.14648773293226 -676.9629242002818 9.024746470867232 8.85362910102015 3.598490942046127 -0.00713836661988769
79.79718135035613 -402.1619667057242 -30.709091468666323 -8.434786839139722 0.9794327495341847 -12.82651429823525 -0.07596934149794098
43.107714716097114 32.76885787061308 -922.0993415933857 2.819770591320296 8.499686628912055 0.30205533235310517 0.06531421711500274
99.50524918093429 224.44844185995206 -557.4153003121878 0.08707309951165243 9.776223583189925 3.936487120630834 0.07961919519658839
35.993593448141546 -156.9444805140204 -729.2189191771528 6.428916375670891 9.247519327538619 -1.9902762788184447 -0.035301772049925004
80.58170280947644 -6.659724652773757 -231.24015850494195 4.471861543928174 16.978572679474134 -0.4889834870096248 -0.013316977297874247
83.31048825024408 165.6647957841728 108.5389948352835 -1.0792852397833386 -10.060324187282509 15.35523296984638 -0.04437239823899182
10.53698678145026 -684.1032870339325 -399.35203136036205 -5.217444959008095 4.627635883620385 -7.92729389255112 -0.0831583354313773
6.688679061530153 419.3899856475774 88.3494917607951 0.07796320501930154 -2.5723876216876973 12.210976953444561 -0.08828887666798264
57.74450142705705 -87.37035578041588 -772.0031628642422 3.597435949370924 9.209751177233963 -1.042300440866893 0.07710079713853515
37.82615145617476 -816.2715731944719 357.86166635693223 -5.923223026210076 -3.4745876546007173 -7.925428727518909 0.06476860929342707
19.522577330917812 -645.6500773764043 218.37435536819498 3.451224113470799 -3.1705103908143752 -9.373995750098665 0.015476478858931109
2.950389731740254 621.4623728092422 -705.2122745078888 -5.732348999423154 6.321980097649494 5.5711916742795005 -0.016751043853122982
15.999978116158132 -213.78564175882363 347.5036302432175 -8.234936011436268 -10.89365897620771 -6.701823154193625 0.04451002416117594
5.792567707459163 801.7228672345377 -492.023600716175 -0.39712090133516575 4.405931500208095 7.17920040836301 0.008187094627703992
68.09939843329165 -309.24172233478424 -206.4563567807973 2.3118137973464226 7.4391148467388595 -11.142716667689255 -0.09127253545014412
29.12143276587891 -400.6802565696204 -581.004904680133 4.1050710719953365 8.005488184126085 -5.5208502264652 0.08765142630707976
55.241963712250694 -88.15877710494192 -892.5699899670601 -6.013253395399911 8.584590283734435 -0.8478965121703497 -0.07365719791929966
79.01575057811164 -70.41890171055806 -126.28461030722542 -3.6629295761150704 18.764644917288006 -10.463552786435004 0.028814206227598643
54.107420907898195 933.6184335099783 107.32936915514121 7.6423666077574275 -0.9624779727227881 8.3722394369283 -0.08112658278897544
64.19920577621497 -65.98828359984077 432.5177132025343 3.1534406929087115 -12.209728942830198 -1.8628116989497254 -0.08682211284496016
31.784759453777788 808.4034901255806 452.00314630687706 -0.07415418968829357 -4.142819740689203 7.409395188281566 -0.05338724289237138
91.37175037064117 -497.5982442147868 -547.4293997039543 3.28529251725352 7.0286518895620045 -6.388850948331215 0.08157936146867734
88.65110862273661 174.84908216001358 203.34687206498714 -3.882991365251409 -11.961712321140036 10.285353293976634 -0.009817806932141002
76.74800390470314 570.0578640859974 -154.06855740104507 -7.856125507626508 2.7737992871157795 10.263133008382136 0.024598152996101907
80.61460531681897 287.91313916119304 367.449094345179 -9.481816792335504 -9.412131115009261 7.374834384469644 0.08526879235317014
71.65234393183364 819.2956996841227 503.28617867287915 2.5766493298236064 -4.360865915930778 7.099020086826956 0.04704465783700543
93.05477877899426 -726.3008470422923 -627.8050686936234 1.8708217180223503 5.45258454313897 -6.308035678163948 0.010685768591772199
80.33051331956223 -304.92020173558456 188.5829759419924 2.0175831938053967 -7.1767358034743305 -11.604078883936534 0.032626011681106515
33.140849944689485 -268.86403856515886 -708.1786770499061 -6.668002106960063 8.775512981409893 -3.331673117427922 -0.03995790357985285
58.35440478272871 -141.13717021726222 336.3562734589881 -0.09650983056177154 -12.473214716702206 -5.2338379496355945 -0.07346987005769366
13.206150791896114 -345.1493115248013 -46.19569230736651 -4.105564131016073 1.836582987156796 -13.721958085564793 0.03125687631864077
66.1925462859184 139.41449327666427 45.51577522192007 0.7646233041369062 -6.620845773912413 20.279603151489614 0.04017586629965636
96.36392672506686 216.31610418430017 17.05037145234889 5.708935445285892 -1.3781168320284538 17.484009955345382 0.050757317208477176
75.99854391733888 -125.45696235193182 -756.5957679150586 -1.672418528006041 9.203138536825053 -1.5260431711319034 -0.08656194831472792
67.69256677358085 -226.17560458079117 -886.0908763248899 -0.3253481751893261 8.277605163347802 -2.1128672039444614 0.040986177486877856
98.50717193722541 759.8140267210601 -45.39373750006656 -5.619608945674763 0.5584410481637314 9.347354169525964 -0.0960631232636544
16.657149074120888 -477.6511935006009 102.89263838932608 -3.774990254950758 -2.461198294329485 -11.42544618478824 0.063567615701831
96.24136900735084 -633.3672862823981 -19.80455250711653 3.7438796320457293 0.3207496137530809 -10.257859265737808 -0.01782646743946774
27.53470153837228 539.2159104771295 -520.4239819160977 1.2583497578358163 6.553793988354893 6.790444167271398 -0.05964811481441732
60.632818480067755 -571.3583031370208 -121.63657568482253 -9.754584953474573 2.225699829146387 -10.454684954043083 -0.09226113320443481
87.64794330698477 71.13067401606303 660.5154694682658 0.49207157530972445 -9.96565152004725 1.073197438056704 0.07839134073120721
37.077441635473775 461.22440617387616 699.4329152395642 -4.4153942546865865 -7.451205715497815 4.91352044853761 -0.020594486681915297
51.42144851935753 160.05687293104126 -300.09387264946605 6.308416352484262 12.360375603753903 6.592480712529807 0.015716286127694004
97.27033665850583 13.598097078661795 -557.4979928476164 1.8118975162413804 10.93672979741691 0.2667609846427166 -0.02053383672181422
41.228087820385234 -411.17305842915164 213.2028105846363 6.584951653231691 -5.525821934830495 -10.656844058709964 -0.01586094160630147
67.04224898717793 -333.22515945879786 227.14975066787323 -8.443400680234937 -7.246070926293385 -10.629873608773348 0.08992308278786432
83.1080258034562 -343.9867929032996 -113.48277831071547 -5.2570677256286835 4.252745563375747 -12.890839730535816 -0.06931059622852216
56.100200268712484 -421.29029179618163 -26.332453963703806 1.503934384555448 0.7844259918641149 -12.5499528247712 -0.08736955718508177
14.446221525750822 3.436699403795026 -163.7466403287917 -9.70954982823794 20.18241893829067 0.4235867495851712 -0.04406768579417704
79.01788190183275 -58.69624101736717 715.9363413153733 8.814827719814478 -9.606907789587591 -0.787625019863127 -0.06109411166203396
51.661667018394816 633.2596866293533 385.72158372853613 1.6406439431923516 -4.935417096284285 8.102737351554946 0.07086353819582439
60.121827389686274 -272.47103682640835 -359.7200753772943 9.188656639714921 9.694419821728854 -7.343067015335323 -0.018412939143880674
70.50660281954084 227.17103743286614 -12.76956938855801 -0.11604737902226248 0.9612184821881551 17.100106758023287 0.030498681672393585
63.56498477370046 271.31724919923454 -145.5810153472862 5.730174872576457 6.9610973748297225 12.973297284960994 -0.018040834604314743
96.13770193943985 -254.41934462776257 -7.4666690534346625 2.6867873468225696 0.4750334017127217 -16.186292157204004 -0.08924056062914637
52.36062699247221 361.7837031149017 -166.48682422857723 5.563852204009951 5.411833636649742 11.760169147204241 0.07384765745134261
98.853114706122 680.3845240183826 200.40812182243548 2.5845525260756688 -2.7408557027708884 9.305190756615705 0.020998331788775
99.02426811457931 308.5769655582583 137.2588137643538 0.46303651740819873 -5.7133898796418805 12.844497659275351 0.03885461774509741
6.64870207232908 -536.1075999601575 -425.3020302888151 7.157854978486743 6.137788879905092 -7.736890565120348 -0.02795495428062654
45.10513172268739 -752.3207129324765 -80.068828801676 -8.345346965726684 0.9940152727604886 -9.339692984909597 0.04660022293964533
43.586859517646346 574.4847845285276 -559.5091609930314 9.414557196938603 6.36516484600704 6.535532588165176 -0.08676393575501105
58.178855130848255 -447.64499575322634 701.0241902862521 8.179437420973446 -7.549889245109618 -4.821046385980475 -0.07624436586518601
23.595618392813407 630.8631159279299 -83.83237030096053 4.6710234380459354 1.3489950681879783 10.151582605063565 -0.08956496895271591
42.962762900305535 52.34500466522859 -107.58601435888653 -5.860732908152045 21.23835398328602 10.33332952207329 0.03636585605915363
9.445292833195467 782.1780757765346 463.62314982379297 -4.428499734974367 -4.3685542091186 7.370182715234442 0.09659492035659273
67.97655442706217 -277.9752212731183 -482.8483787516897 -1.059868932243841 9.485471944720748 -5.46077460077726 0.06885341447992308
20.067910170424543 -184.15508644354625 -432.06964316278294 5.190151355997802 10.966208841240627 -4.673975987606714 0.08133703470006143
80.1549442356496 -155.89949607585123 390.25826629507117 2.029106441660449 -11.703090772081271 -4.675124427775529 -0.07585963655120272
83.25616830829227 -361.2948125970415 228.04594082769424 -1.5621000516514982 -6.67127201937355 -10.569343901826397 -0.0010267084722624248
8.064161418038834 -74.89860030442844 -178.6731701016443 2.8363179032266714 17.117660853549136 -7.175609173371573 -0.050215168722722185
53.16589490244156 345.0652136789758 112.87729701755356 7.4111537129232055 -4.215460414745379 12.886636969550855 -0.00020571637717337055
26.702749199534647 -182.4199258978984 -859.0879645335413 9.060540816320817 8.527448981617082 -1.810730304165451 0.038805159779239484
43.96393545427041 -540.439742628745 -689.026374545215 -8.677587428109767 6.869313573119802 -5.387965100673215 0.043582557308003755
59.102121125067484 724.1368985930608 49.95591114732951 -4.71725060631917 -0.6599518364918963 9.566344905383302 0.07233042323724997
29.171988141043006 -173.52534723365093 258.783934109313 9.095486988002069 -12.156044304335762 -8.15113123678877 -0.02273247324303193
55.296944452869 -214.1064341162752 679.0136548674714 1.6318803366367653 -9.233980200577838 -2.9116565760844475 -0.06014021261680405
62.034244698884585 -15.647344235382619 597.8559064578393 7.20435722893561 -10.560428938925616 -0.2763921290996201 0.0013341244374610178
95.0426743562737 -66.29907902985464 591.0142524396983 3.228634184387527 -10.527629339117636 -1.1809734311312419 -0.06804339311058438
35.06733336245299 437.1491945930923 -326.35164300164126 -5.074312523368423 6.616962938180603 8.863445553615446 0.03897385005931728
90.49822805974526 -300.1335142431485 147.3566815289147 4.080930720722877 -6.226707700068695 -12.682449447124535 0.07930540649793694
58.83544163978085 119.35825267142374 679.4091612078157 0.7372789514753038 -9.688049727695654 1.7019916028743616 -0.09925774257168957
69.01462201685393 162.16829750007568 -41.32952294368971 -4.295178485504174 4.931930641013948 19.351851617822863 0.04606580881129904
98.79845917306211 -477.25671762534284 -565.9986459523403 -9.635467103350553 7.2586607775159795 -6.120588170673469 0.0016734919982920732
13.788699931020895 766.8847145122244 -109.96539091458995 -3.734007174356684 1.3174508449471827 9.187735402095138 -0.015779594637313557
74.32299868749601 57.74388850367433 148.65856011250003 9.119362891246105 -19.06932481111396 7.407154790817361 0.02818197855186691
38.330396676160674 -91.82941693152907 -200.95023469327109 -2.3121838218888406 15.808311799011165 -7.224017714588995 0.09100313986231737
21.108822659857537 959.6521026291161 -158.20246861900122 -1.2103850000098397 1.3474463326073276 8.17357477133075 -0.006690871398542436
44.57494884011595 -281.13608683183946 491.1318172112594 -7.990736618932257 -9.425104015737007 -5.395164328821276 0.02334292507043463
23.180144412912476 577.7597966052856 -785.2496609591067 8.186503657267902 6.664579835819614 4.903569503869358 0.08859244353860762
72.92334007104024 156.70130531257553 599.8562983911016 8.58523897825495 -10.038690379285837 2.6224212203524306 0.027769062580882187
95.73585279780119 -735.2378836327588 151.22767346810656 -5.0387089905424425 -1.8997468939644193 -9.236179157717983 0.025656079212115546
25.70102012283305 -701.3926698986137 535.2009165021877 1.0185301529514739 -5.276197741252596 -6.914574146913043 0.06498850048989377
32.04771101584626 322.7963611442726 -908.7590929943775 -3.952162713702803 7.839262506862638 2.784550306871751 0.016835390931320443
25.882125336286645 712.9141588680113 -161.76786143543194 0.6432459744561712 2.1143937136168476 9.318174836975404 0.09457305529685209
12.045958620726328 355.11433970073415 -754.8027052359648 8.31091554955077 8.093891809441619 3.8079580605378145 0.029598617185474047
1.6337679505424965 -622.2961025881621 -520.1430776037967 -9.642210495552446 5.817744694995147 -6.960315354434335 -0.012585868272279477
75.8939743150699 -9.233988745580337 933.5481599715233 -7.800229362612388 -8.45478624216459 -0.08362868071939294 0.05235419450721032
70.69456446139314 193.35756564154633 0.036958870842276795 0.26138105802875344 -0.0035512380856635587 18.578997020439015 0.02260112640112351
23.315293517086324 338.5860873772549 -549.082123105426 -0.9979693005276182 8.657989458720486 5.338863991423066 0.05845465952223278
15.623334816275943 255.13812892593 148.19517506043252 -0.9063509141950643 -7.554106878226387 13.005421356202914 0.07462834032658455
14.716403537182169 452.8756564510054 -608.5224146384154 -1.2513956075408856 7.524963115529745 5.600241714580222 0.042976233690947
61.73699766673576 474.1144120509671 -583.8912973708749 1.220701312309254 7.312863110910583 5.9379781987679285 0.0694277437421332
45.21115619233033 -536.7549702363093 -439.8698999885013 -2.0250427908490725 6.216100764772995 -7.58524959554825 -0.07841399986138675
40.42306094526066 832.4240171804263 19.531677117101125 1.9915212364581905 -0.2100130206993344 8.950582241484573 0.0032656454486299086
13.903917976708051 -127.0408996322269 -770.4075841818034 2.6056930438988424 9.122287787229263 -1.504273414473812 0.07143715431968387
85.04994165413613 126.7705528498232 -255.59443057718929 -2.3138925153049534 13.702152648748319 6.79603801456821 -0.016889235809758957
81.04013342656499 109.0437965587525 25.016538430016723 9.521829353764403 -5.461615303539419 23.806461861515167 -0.07400870678349483
12.979301577167796 292.2693505083223 -447.83041798828776 1.1149072983779575 9.355611028473435 6.105789712060025 0.03718659379049696
74.99997961613103 796.2033652554131 -162.81510864577223 0.7448084723608588 1.815592239526664 8.878664044550137 0.08806686878158437
59.33515876286844 257.7189916420416 468.26075034332985 -4.104702980155535 -9.789770737830665 5.388044676199335 -0.025148652731968313
30.29371189183536 648.1912473740114 -271.3715190364775 -3.2131517914766183 3.763635105824578 8.989725018184867 0.0025899926103671173
91.37687259214114 148.35326034779627 209.49659347340327 6.895053276680343 -13.159156783170555 9.318546807106024 0.08451114127645437
87.54825604895444 -345.4866790999716 754.5354468772924 -8.637752887760158 -8.15393306754776 -3.7335227506795325 0.02580152323512347
43.781115972098206 -735.8727972967434 -584.3635908548828 2.433369740953868 5.241062358094107 -6.5999238806360525 0.03263584881847262
1.2460406172714182 -383.4416699403846 153.39426802413715 -7.236767904004946 -4.72181784287699 -11.803190185321412 0.0297504927709408
87.03077189807286 678.5166647413662 -505.9003732923627 0.7366838483515377 5.308080862946319 7.1192304126299035 -0.008145274082395876
20.092193513993976 170.1117826473167 -593.1302625620262 -0.36820452551242155 9.997243251399627 2.8672434680848924 -0.03762439616219979
57.4329301788578 951.4637291618965 -188.9210765795838 7.84808841689771 1.6154737928703091 8.136015034194463 -0.028705483352606656
57.2237649267179 623.9470506992021 -167.469385609183 4.4382606912484395 2.63486493235452 9.816816354542162 -0.0224552293555057
65.35880037055087 725.7243931652724 47.087053581023454 1.1094656813734893 -0.620266692421414 9.55979690221206 -0.02136511016318736
74.23083349767514 551.2528042313102 -753.8013030685547 5.027786510662313 6.82396047780536 4.990343388955012 0.09359253722903893
53.865669967250014 -150.3257415199208 65.32417811822734 -6.484758142785278 -8.04240151200437 -18.5073889288727 -0.09580286162386707
78.91255758251339 -216.06707840671555 -318.86111537652073 5.989021601257393 10.897390839400671 -7.384303972420924 0.05824532836597279
62.59367217641696 453.01673309922063 -210.1350942950218 6.009260640411522 4.864677296349557 10.487444868586303 -0.043601615963603506
56.73621841540211 -580.4447518041441 218.5888266138459 3.7406018025741954 -3.655876904028013 -9.707882123059205 0.004199472392643067
94.34075070713585 -78.79501850347059 -469.5940404913063 3.0774378965986333 11.676097005997157 -1.9591779288197677 -0.029031628804996726
64.71543924310438 -359.119523981401 294.01440230547826 -5.0101855547010565 -7.596614769029101 -9.278772258541771 -0.008258462897196034
97.68779084891781 889.6174805115232 -137.93388961691417 1.9575099100281577 1.3192623749973038 8.508705680948419 0.004639235151139315
17.930405399158076 246.84258644981958 113.49021521581423 1.865454721636052 -6.547404588290315 14.240683921813483 0.044503261059338495
3.435618174448958 70.55384431966573 349.7525942771627 3.7990132151141704 -13.406963324452578 2.7045197624561528 0.012064942455044456
76.58239788752248 -88.5560007881472 -54.59503233089832 -0.8031825467616684 13.292350403913666 -21.56088828212145 0.09940598045619597
2.259511665376135 -644.0456082974416 347.62858175062206 -2.389981755962742 -4.535898821003726 -8.403583216999865 0.04634786399312685
85.18876918982549 234.99269868194415 -721.7922045709232 -8.446638971970707 8.916244487183473 2.9028470256156287 -0.09243345701155237
99.50210372014584 138.82334769927377 -389.06574912465265 -7.4689848207265275 11.971744620577521 4.271662745354821 -0.025776888500124898
55.658709674212425 184.07129871844654 222.78110220236712 8.394320772848374 -11.715560267015606 9.679898215086933 -0.050661300720408066
22.994139700256536 66.24167199229116 -583.8233981936804 7.334474109270786 10.589993145399003 1.201560017136233 0.09704334205509874
4.895663710221427 864.542694510633 -374.29301216796375 -1.1891592938251865 3.3440868313073104 7.724177972413135 -0.07938371987692723
83.176518377802 -515.6410362098864 -657.9461598424263 -6.841590747341392 7.03296433465576 -5.511826405397046 -0.08364812987693482
10.50762677512205 357.12270098560947 249.91706125532946 -9.75822132168937 -7.094827849689279 10.13825975698539 -0.06774243205276351
30.273699595251955 -380.11323210494913 -289.4892539539279 -7.077425108545619 7.160939488567761 -9.402655942250117 -0.030203631015874977
66.68494584388156 -459.0191613812078 -38.06786500998026 -2.449122687901819 0.9949071580553178 -11.996508057990237 -0.06816485331722491
6.829061487242787 382.2936991883456 172.7912492337129 5.7378198866986025 -5.194937401230019 11.493590358166312 -0.06036729150301859
96.50720897897907 110.84034412472329 -350.91200636173454 9.043617013863173 12.841844118127733 4.056271644869392 -0.03224360439801775
54.78699839978696 135.36237284980814 383.1309130331638 2.2877861948963982 -12.08413443702987 4.269394756697313 0.08845049758496365
58.718917216219474 148.6658334775803 93.39182765430404 0.4190136701003908 -10.371691769910989 16.510183388356857 -0.08412621907771099
46.09165334413667 102.92803097881216 26.100286918999135 0.840774994393394 -6.162388069458126 24.301743198651824 -0.069243369796397
58.60702918437541 680.7770204044659 669.5867983523387 6.299082802334631 -5.862511187464942 5.960486240336716 0.0589907497692346
98.80713459315872 80.19934799930559 -243.95944890638603 -3.810045260120485 15.315054685840687 5.034678533191183 0.02994017772594043
12.463677016983484 -2.5363225857364067 298.72236790788173 -3.3729600944146725 -14.946706615032687 -0.12690602928594058 -0.09964163694419403
37.360539251274616 -2.816095804041599 -167.27241062011217 1.7474438382629351 19.97093498800125 -0.3362184236719298 -0.004125417646111892
80.30973547790481 -803.1695686820366 -518.402299259039 0.016988095994248553 4.531306791115721 -7.020431287029905 0.0032921874916973237
52.61824615242183 160.74885360477933 -227.52480589692536 3.4366216723677585 12.641624138063172 8.931450704398218 0.017337967061066634
7.841371963954672 -228.64666514057646 71.5413496789935 7.863069776253742 -4.984142757053664 -15.929355891359407 -0.08017703395722951
75.15140653447177 -596.0957748293905 54.63339454275604 7.47795888092671 -0.9637454106991055 -10.515264009073451 -0.0539207407376974
8.342553848619259 -239.66765995024784 -328.13937806478646 4.5916987942046745 10.349497568497611 -7.5591045443283384 0.05633275453222186
90.89217482662602 -106.23817410593513 -234.55454500321457 -4.04178630738638 14.665600663984296 -6.642577046149878 -0.03392465836283316
54.8570389262973 -133.2000607237368 122.27017726920052 5.044189242198309 -12.992411612747743 -14.153819471084656 0.08543483352722764
10.208719407039125 40.834569033826185 -714.6900191326289 3.0459435331125206 9.640119333036267 0.5507983991114616 0.08795802176706768
96.40693591125918 525.891475637014 126.75600718438788 3.516993470166055 -2.6027560721780163 10.798440736065421 0.016756709075927106
27.255495572475805 -588.4752800050863 -215.95257191591875 -7.378849955372839 3.554820415300832 -9.686960061195503 0.011982690630118031
30.918568681049855 231.1027994919307 4.335614897124751 -0.43854280864227135 -0.3187360102989357 16.989697200233927 -0.01324764636931866
45.73124440985862 -224.17461545495792 40.766521044247746 -7.846428457132941 -3.0621717414455842 -16.8388460680891 -0.04697640744936715
57.315683880572855 393.38970941170635 -237.22782294985657 -4.0093406130182485 6.224528674548131 10.32199973871911 -0.078540706893512
44.89875067245978 148.60088019151496 -776.6394275088925 9.848253186833734 9.023634347340028 1.7265670001356728 0.08719699874513515
64.13166243294603 274.9449913798172 215.44324396437145 0.13653190771547408 -8.525850842477727 10.88054535039541 -0.0029234010466212546
94.1391910781749 -108.64058109759326 -37.255290576634096 2.5241960261406255 7.819682701323196 -22.80306661205762 -0.0003082229000442027
41.200143307393176 -129.08308405078537 -214.96586127406277 1.811817210393139 13.987027911892255 -8.398955484701954 0.04695703907958035
54.92466339773626 -808.3785542920315 273.52806053222446 1.397442322344471 -2.834489994694329 -8.376986696018657 -0.054559823642451315
38.992843533079196 480.7619988400917 -781.1899509071031 3.4038308208984187 7.2645975948182535 4.470797987606307 0.029030150789565085
22.23241086497921 175.19043205343036 -731.4999214035928 2.6297334839045465 9.160712459267817 2.1939430568590748 0.006731091350823171
57.02093053551743 -119.5852087797376 -149.78329383030618 -1.1810646910384097 14.583117588057654 -11.64298845906728 -0.04368234849336694
96.94437089924129 -320.6581034068854 -42.467457534975665 -4.154335293638434 1.8859587748872884 -14.24026770052971 0.06784771392915653
59.30093456790038 54.54665530240792 167.2685592819083 -8.467269466622167 -18.51733367147973 6.0385443698092764 -0.006814136292775802
61.95842353661147 500.72659236801195 -16.759665156749108 -2.7288346436897353 0.38610241515122995 11.53553754419015 -0.06214112879995522
64.79107900674154 626.839872364453 279.0565586569744 2.4097952719189326 -4.011134361556517 9.010141038560818 -0.07701128463808321
93.39722741895265 979.831609503168 161.04069348333638 5.429820207912503 -1.3296258725906696 8.089939446965792 -0.05142473469455022
92.35746719160596 -571.1754028812891 41.80404627702544 -6.11697326774326 -0.7880010622343553 -10.766585158048423 -0.06063357309337969
11.558159224865783 9.110903127668351 -175.66330678039603 -8.906187309202785 19.45303217423153 1.0089454361712975 0.029369277904231716
93.53220527843018 159.51029273573204 -89.63126490055863 -9.915647835455182 9.356202156849042 16.65055766633922 0.09493933845528421
66.45219358460488 570.1184607809198 79.7691562236288 -0.6686107550843072 -1.4920221589437952 10.663637638630213 -0.08624356944347067
4.666100457749277 -221.28645205719874 -328.2141454627224 -8.267856334459065 10.766500944547689 -7.258921737606927 -0.08428914103026955
54.35659356989209 -728.348532592322 -435.41023668586143 6.028409122441175 4.550601480988957 -7.612186466534627 -0.07316053169834469
47.324555428566875 551.7889939779393 -659.2727879311926 8.388081891196553 6.756712702407554 5.655139682556628 -0.04883656743516856
28.26761568311949 422.37069498908687 227.86603890051836 -3.403632675116441 -5.599301030895284 10.378820289691584 -0.06926761566409
76.28149916985268 158.40057287019434 -361.19980979583295 3.67813404668901 11.913385829377486 5.2244964947897365 0.05144538674384194
51.490058269476854 261.0885738203854 -650.0990219164638 9.912800396985475 9.05746419093361 3.6376003167467292 0.04688647881024771
92.02043324471916 -137.6590687039679 37.24780525939706 -1.843764661398783 -5.650432427183021 -20.882660341564154 0.047923420534260075
73.88700233651008 76.72161365609023 -151.050768024718 8.121051591997514 17.696425233527123 8.988357474874807 0.09560499572796985
30.664309844779687 -527.7183751507631 108.00598333997327 -7.582377036137968 -2.2319349239241806 -10.905257607701367 -0.07456513594854204
43.132970879470946 820.6324419468133 399.7853701985424 -9.141917522926038 -3.7449155954912015 7.687122789126649 0.09135061554402987
94.37903751803121 -620.2269224979248 -444.74581175356917 -7.849826481354601 5.4494643133795035 -7.599631949367114 0.02238282424176581
21.25724186608404 -21.950086994376843 -487.80726881089157 -9.31231706216436 11.679382576384654 -0.5255425246474481 0.02529927236266799
85.00923241770515 -327.7959089428928 316.1256421448487 8.189467558490929 -8.403857320047178 -8.714098705061774 0.048350983917099355
33.741910076364604 -256.5770120805693 549.2858581966036 8.75676926704616 -9.506417173678372 -4.440544167697798 0.07407489244313747
51.27143791886395 -111.43099232535043 534.9140552430123 0.26612093136444237 -10.819922748774117 -2.253959709904787 0.05732283820003556
86.08270919508867 673.858105130114 613.3830766603833 0.06444717059327765 -5.761016733694811 6.329010315913724 -0.085624038632099
27.62451174916095 943.0574484854278 -317.17982685397294 2.9107189691122954 2.610928956102095 7.762965330868808 0.08742838398623037
51.822639497908995 -523.3173122768577 -227.5892449931673 6.477775631929713 4.3130392428248845 -9.91737594791658 0.036652468846987835
22.920540156373615 840.3162604309097 171.44349172425996 7.886509060034232 -1.763502587287901 8.643663778111842 0.04105250813041286
65.07556049934193 178.32492409232256 52.964350145035816 -1.1105022876761534 -5.393024097173884 18.15769683047338 0.03610252986706414
50.94459432966192 -66.73612314251577 -86.1956619291824 -7.56623471662953 19.565127025510943 -15.148102552379184 -0.09914862782488315
43.555628207512974 687.882006688668 -61.33765546924 8.160049261766808 0.8731312184708264 9.791884774034642 -0.081574357539111
26.49967059051283 259.0487044636929 567.2674861985348 3.3227375518326436 -9.410516101201267 4.297411827156484 -0.0988196023239141
24.386179650500882 113.88673723925449 -98.81101406364255 -8.251884840683703 13.788090150285713 15.891756752595919 0.05257861665415553
2.5424579350330196 698.4620004688646 -472.1551348802629 5.730992387938926 4.982947893765742 7.371305524389467 0.015453132450582704
97.73057084749345 -94.05155197988256 163.13501347792803 3.3417807945647517 -16.310140024407303 -9.403217308173112 0.020357901359436867
81.19594130609622 211.86146239333016 -42.11000669524065 5.964338825880493 3.426808772030272 17.240764719865982 -0.04401625075178395
37.93243117215976 257.10509019954975 -414.55819278639314 1.4652454077922492 9.940501836447627 6.165005699466527 0.027934461657549814
91.67213155758948 313.2021056637286 -124.85568181431637 8.32928964694241 5.209970084685827 13.069277883527851 -0.02362941920028734
69.87786061929796 -375.6541788586843 97.02736249437345 2.3457552214479627 -3.2800388563770526 -12.699101279686456 -0.005238711414807876
39.093039383050545 -176.4710761844423 203.921870796812 -2.7035634256473777 -11.89593631265733 -10.294573481075796 0.09006872891388537
67.80914409967316 -709.9392798439395 -442.63831609511175 6.676007047240198 4.725579917865856 -7.579268856186845 -0.014802736115913692
16.616491048250587 92.79979503308671 -562.7032988177434 -6.57260198102829 10.673885610864986 1.760313826089214 -0.07669519678987187
1.1722736355811976 846.3806265688922 81.61867189199324 -8.134219896861893 -0.8504109699290091 8.818709651659786 0.02287139885099669
32.247577983548425 418.5499659583109 658.4667636543211 4.994900084355297 -7.805500813503827 4.9615140506843955 0.06043130507807479
68.97602406865819 -234.257304803429 324.0426614951719 -7.870893370931153 -10.470301318293567 -7.569202635190012 -0.06926458919964927
38.86716491949157 590.9010016337098 764.1017090890157 -8.03596903455606 -6.575630760430872 5.085117277573553 0.03370348568922102
23.105536911796634 127.38558233212528 48.87609108091095 7.924187042428237 -7.922919973312492 20.649478144650917 0.08454751132889438
73.54362107963789 789.5769521096117 -37.063762699118044 -0.18138295124387405 0.43086750608126384 9.178859010523755 -0.0594105629074089
52.59729689805616 99.66002576094745 81.76610435579686 4.805960760186078 -14.432637319387567 17.591115760996914 -0.09632015505933887
74.36283229842894 -927.2756906718979 70.16686169035066 -4.83960335769988 -0.6392369425841855 -8.447703989577999 0.08843455293390834
24.211445519823442 -298.58565071184233 -202.8321118067706 -9.181450263753995 7.64091943365634 -11.248065608607858 -0.09311531849996071
25.22677317821218 -892.6139722569347 -395.84245442299385 7.1169865922423945 3.3515944688212502 -7.557754401482221 0.02374484361632559
58.51680282059425 -177.9219756527352 466.9821619382725 -0.6520612144552196 -10.799458548760267 -4.114634685402037 -0.08477433051841939
32.330843414124935 232.73467902508582 232.1799359490441 -1.256828889497342 -10.06328526083626 10.087329275655469 0.00541792505460062
66.00033584873026 67.5741539023435 772.3326892170884 -2.348620215443546 -9.24308004811728 0.8087101872333105 0.03686592873874889
42.730325165224315 34.73023971550781 151.43627669237318 -2.05635765698627 -20.201866709900905 4.633075303091701 -0.06543178980785021
62.63323382009881 423.7969976942794 100.54225343773182 -2.6478280655393105 -2.8574541853593276 12.044493368693239 -0.0036276465911223577
46.77808903467252 712.0475078032097 -170.23711455507257 -5.764590385972676 2.2201799740993335 9.286304115079467 -0.004288541784591524
70.46482621642612 -106.43675683992345 89.95634417187804 -1.966302671300257 -14.126422502712813 -16.71444755543222 -0.028596613507639645
1.7991499207848731 -829.6433795898481 498.40191955950735 -3.971074037616738 -4.276394800570006 -7.1185171958025535 0.05502857493423449
46.46944610045482 416.86102995692073 -166.5391130313452 0.8928938943852138 4.523756832796087 11.323333589744182 -0.013504190995220752
75.24823345788677 209.21686554857322 -61.90632094034243 -1.5004507349761802 4.962547310140326 16.77128567153258 0.07254361367275117
59.979489740073774 -347.1202143182561 136.26299870306352 -5.383235809739779 -4.888538307107411 -12.453200656209974 0.07543001833845506
1.4253886365373842 -306.80086009103195 17.406605895532095 6.278508727611953 -0.8348055004678058 -14.713899256947473 0.010738668583224448
47.94275266412646 -552.6420821900149 320.72948228269024 -6.92729285999172 -5.130062185006863 -8.839499965854744 -0.0736276209106046
91.73079639446055 -145.37567877612616 -493.33875478768755 1.0169856604204863 10.92716847385174 -3.219987318188547 -0.08956344356950588
17.786468652123393 331.43381986680004 335.96788195907993 -4.054020455543603 -8.46597775036556 8.351724957603983 0.09188418711009513
75.87488160268742 350.06253095568997 118.39306580382544 1.7780070295270676 -4.3056115276761675 12.730756302803785 -0.023375997778457586
12.363999811999168 337.69376080216597 850.7194649965777 -6.939002124861611 -7.936869695032272 3.1505466685459824 0.08272943027802301
96.62573878206109 205.25693165990174 -13.422779406104542 9.486093254240643 1.1754619849473158 17.974795905788017 0.0964340338070043
3.7846734120244196 155.33755634014298 420.5819695967907 -5.70853751554939 -11.445262635076057 4.227188177154389 0.05327976518084565
32.170838536181336 721.7372522564981 -678.630750239406 -9.786503131783748 5.6225993086759285 5.979745795709174 -0.03935407408057572
87.56434931551658 111.94742767166441 -410.0586988563832 3.5460908152604205 12.088312405390864 3.3001506429423033 0.02372773398184551
40.89925546059479 698.2457119854088 -481.3172956593672 -8.761640596068377 5.034901699641002 7.304118413667807 -0.031304536052557105
76.09609474639825 5.213094233043251 -804.111148981987 0.04954731089777553 9.11026752392065 0.05906233628343319 0.034137802124260264
80.43417366185322 177.15862824046047 -981.9925729472398 -3.372498010520248 8.048527891930203 1.452013182146591 0.0155276977029047
57.91963461249805 -634.435160924294 477.9659394702807 8.195051687390446 -5.515675953589854 -7.321314077526694 0.09558956502190682
43.037943227450164 -778.3135714339452 -209.8516786969118 -0.2544729155125012 2.368785007808938 -8.785526667383726 -0.005546046011028399
50.56264767716056 -217.24749375935792 -446.16677052183184 -3.536601710680367 10.426847216955183 -5.077039742439556 0.03141371292922629
41.75259860536005 858.8365608137491 -405.8295910893876 -5.132091186876102 3.5812456688528664 7.578808399383767 -0.06532084088694319
68.96076520052382 140.71011199910348 -128.7886776868278 -2.4862097472970612 12.629352083799171 13.798398881839345 0.020885547336311178
64.07782426893132 180.0131635981461 -141.8515197176596 -4.422973841204582 10.562152465812765 13.40363842108498 -0.08623273145647954
39.601775078233494 -31.021757446864026 -249.38471228176246 7.164201893556228 16.172101192305238 -2.011699097364927 0.055503125182506635
96.66905391561949 191.395125042629 -161.33134988072777 3.2521529920744214 10.52396427071594 12.485084015146223 0.08553804755062311
50.62562094833552 -646.6335333887307 -65.72412822333835 -2.00708263335766 1.0246904134324664 -10.081521057469255 0.008231607060669166
47.439952335510775 -543.3353049643716 206.21855166653137 -3.5956765029314592 -3.802720026925428 -10.019234587898529 -0.015240748907964258
83.14049623679992 405.28086787097754 58.53640043644699 4.777233617291161 -1.8250286625200889 12.635713756239396 0.030398225030164372
73.74954245546894 -461.74875133939764 -81.48356000954767 8.779524872715388 2.073365232887615 -11.749287920706916 -0.013082848088499618
30.02197584958792 418.78142497402916 66.66085694532293 3.0906619152468195 -1.9721613729471412 12.389647956655752 0.019647381268901795
89.24873737624476 247.3106034186317 966.9317026854466 -6.985337246005496 -7.922551950121396 2.0263386731020976 0.028902754058773794
18.731740267928465 -289.73167047366746 158.75659021552644 -3.277873412562487 -6.830028278003272 -12.464840040226182 0.06855163938706674
19.893498416992724 755.7263804744409 -310.0660731475002 7.966789208767558 3.431106244169145 8.362661147050767 0.040236114891417124
51.57888811285384 409.34424277942634 742.3632017074742 4.3012402739473625 -7.77005422750761 4.284462048763428 -0.09804299642258946
28.92907165814293 -165.65421540668893 -579.4288311718373 -5.034618567393057 10.118411469785075 -2.892775476497134 0.06652328078214115
53.124772173564985 500.74987278102356 -130.16060115283096 -2.3267811318054044 2.8572984064071165 10.992510796917642 0.09801714533109043
90.43008483112554 388.2356825575181 -435.8908255929484 -9.154197704687938 7.985000622890221 7.112015176811612 -0.00868946780025008
39.396102554160464 -180.29890241275456 -248.6203368852124 4.218987667636183 11.934039638866961 -8.654538382479355 -0.054920941865462036
36.91400482432849 -144.60326174744552 -485.0161423455416 -2.94095145189873 11.00493080543192 -3.2810225286000247 0.08604277486900161
35.979405775459874 882.8468285964299 -273.942908818208 5.0556344572783996 2.518215466868652 8.115554252666602 -0.09639380846135628
91.94823499211067 126.62644924354586 -5.091279734252803 1.6155649100959089 0.9219705306954781 22.930551983565216 0.08847649183825607
24.185702010599258 828.5263682901599 157.97421365671383 -4.3015101611994595 -1.6660892721479177 8.738127963716842 0.02300354406485236
59.83993473911227 -123.9101351205621 117.16885114628825 -1.799017010989484 -13.592329835719267 -14.374361530987635 -0.0483160854044018
99.38506702712675 -892.8557567956597 -161.54427605695224 5.535238200349667 1.5269703873825033 -8.439570463953265 0.04727376914783327
25.41918539276972 -928.3460466007764 325.81554073394483 -4.034969488971298 -2.7275589524520605 -7.771632269828125 -0.061110362216434844
17.609142224079704 -244.91301545771464 33.94316858202382 -3.462956836639723 -2.2554870737824992 -16.27420667080906 -0.07404977684218855
20.14854651002162 67.38279863139017 -160.0218010842423 3.6517759348671603 18.069428630990426 7.608767446538887 -0.0311869858966132
28.623986564149288 376.5262296601747 721.2409389516098 0.6033286442290731 -8.028957860640135 4.1915441402447655 -0.09919982246492778
38.9327077439539 23.757021480249797 317.8346656604149 -4.419403370240536 -14.430702748713015 1.0786441889965723 -0.09365910006891578
19.810906480225043 583.2693721344299 464.81171273164694 -9.5923990035992 -5.895567260138325 7.39805757903195 0.04244700723729761
73.02594976399226 -446.95386496175956 -208.77638481770404 -5.818489770294559 4.922702377744201 -10.538648112478656 -0.0997820559606808
6.9490137658259705 482.8051612749913 -607.3031280925019 -9.894243487860471 7.260314417292524 5.771940092187615 -0.07965535180158523
91.80819482972204 -19.526925405814755 972.4884218927144 2.484358611071107 -8.281887836584295 -0.1662948394692015 0.09189120242096852
98.95388657796362 179.934092980277 -61.876555799496174 -0.015320281781036726 6.090496612193954 17.710875622516344 -0.03303092375861326
84.19982593628232 -319.7134297428197 -597.0630975118871 -8.360338256179832 8.751365297688514 -4.686152981009821 0.058178514158926
41.91612162178693 45.50935327967615 -977.5703193687958 -5.4965920018203684 8.249425589746833 0.38403991618791883 -0.017862895753607888
93.5023393169878 666.2861189372002 -13.484941173994608 6.7556410649175405 0.20250109538643188 10.00550667479029 0.021549016047433492
78.97366735690281 83.88059603958784 554.0547674534479 -0.6465787797387392 -10.790590479887394 1.6336312116439025 0.036196515793009365
47.35616433662193 866.7142810169144 65.10349237202362 -6.57812334499347 -0.6563879015865529 8.7384063045481 -0.08729721983789121
85.12653696880803 -565.8899757961153 413.3167370112856 -5.929886454552253 -5.756168278902659 -7.881021106429693 -0.047735108232518475
43.53393776476523 235.3825498414687 -286.3476696867522 0.5853695524735834 10.365890693472423 8.520934657776866 0.04997694829506677
16.862714237355185 558.4736483861128 -70.95029448065345 -5.313075939194951 1.3722646655943793 10.801557061258073 -0.0814184653882719
58.08926154316154 300.6801474249837 -464.1392012816679 0.3949693249871764 9.220130240623611 5.973014372353892 -0.09775499481741412
75.44949207380742 -106.70111292780999 -15.101379231949291 -1.552424904481045 3.487435076021413 -24.64100782845739 -0.04015060127311505
49.93012296954767 557.0891654737164 436.9471072974925 6.735480813561349 -5.992074742820211 7.639643018991562 -0.05817402322876067
31.455454033199544 -54.61201305667273 -239.07040838759156 -8.534530736953139 16.08316991791511 -3.6739565196453414 0.014632569048666916
82.06803005932646 361.87954067050345 -336.64719532796556 2.8714136099633354 7.915002940966732 8.508247412821344 0.04699773381687039
73.73398791440395 108.34972702887721 20.667090057887712 -5.847688627454117 -4.608930212927762 24.162875812082603 -0.07639766708198717
79.70893280046378 373.2791114328665 619.9929162137388 7.517383444878355 -8.2273491183999 4.953439770117551 0.01684595311340062
51.15510976569673 -299.6361216143088 -641.6371571917801 8.169954835553739 8.796342368301245 -4.107776306417397 0.007718875452894777
8.516026315202204 -203.66994886604047 -882.9205649172288 7.014826018768375 8.362866352432828 -1.9291254842763805 0.059131878449744796
59.079368766104146 -752.4330306593689 393.59056795316894 1.655680585878759 -4.109272343113489 -7.855757974620728 0.09579172954597967
48.71299592664114 574.2156337442804 -444.52001414268517 -9.685461300695232 5.868640245932445 7.5809072051221635 -0.01808892560471491
36.925364743406774 710.3090401260688 -620.1489736862369 4.810562255915743 5.5332113315719695 6.337654654786375 -0.08664206674455005
3.480177610309526 -107.79643570967941 69.20471804445035 -2.933704189121449 -12.331608908866997 -19.20827834437208 0.044298130552017534
33.64812031601103 -584.3235480134516 758.2413599708152 4.063176591155305 -6.613925958576337 -5.09688983803567 -0.06139736051011553
78.98994472838818 499.1322867505693 121.80356159346671 -6.049106346177442 -2.702078564008319 11.072702924193539 0.01829190693269464
31.400040062228534 701.9300336545177 -95.37791938497706 -2.0114265479040068 1.3069258500333065 9.618269215907562 0.03595542466493376
92.19828228602123 -382.4485878365738 746.3701921075509 9.900878239968655 -7.939356389054889 -4.0682166456183735 -0.0028178356116646402
41.73992233117804 950.4655033842454 160.81359349184655 -1.7893237161831728 -1.388122212129521 8.20429572191253 -0.0013715496385514198
4.5579235390932205 139.95838462545777 397.4413656594949 -4.759034422724364 -11.871049362013165 4.180372341866074 -0.005283860461112691
10.073036692588156 -252.41381286855105 -595.5704977097313 -9.30745088563554 9.352529474906435 -3.9637752941167355 -0.025634764678171676
72.5804616148053 -147.88797952842694 -34.74335095087204 -0.08027407095666561 4.793763170983429 -20.40505392519516 -0.09696514257830449
97.4441666294454 -112.83792893053439 497.223652197509 0.6327941963884989 -11.15758067178703 -2.5320563278025743 -0.08808959942195178
34.29504687805962 -116.46841070693807 383.7200142475415 3.8776001655334813 -12.344990168140916 -3.7470064935122442 0.022624540504440002
93.02902526425105 427.9660882121788 -791.3412882628029 5.744317387898519 7.576243821350689 4.097316138632157 0.005767990559721131
31.16416212002885 -465.40865685682945 187.8412329460442 -8.53351481069941 -4.316047179718863 -10.693742206327258 -0.055006620376128225
7.8009745766220595 248.331811421939 757.0566932907828 9.35844403231463 -8.696645509708326 2.8526974952598763 -0.05971275092697895
7.025680557912474 762.440983295298 129.70495448908142 -7.757597806999539 -1.557964276098874 9.158137553702826 -0.03286909293797631
64.63600282429832 -532.8482952428491 -765.6994905118916 2.2384843873749354 6.942858210077551 -4.831517073205088 -0.029931696478400438
97.60086650383576 159.59356991289596 605.520653459308 -1.5308550052357806 -9.983047032355922 2.631173859058287 0.07755276326578228
32.997772985285685 -441.1401065903563 359.63773771632 -0.495447251425869 -6.842515157094655 -8.393190005348785 0.013848407141646521
86.93141191987817 -202.08253812214934 -146.5551974418635 -4.401197285924279 9.59965377843057 -13.236803842515867 0.05198663096902617
26.412598918194394 -530.9076252543632 795.7485069721489 6.916811969099832 -6.948401374040987 -4.635835619526168 0.05511457436491746
60.588764760650754 571.8696682227878 38.264577517516564 0.5247458510962666 -0.7204422120884397 10.767113490593346 -0.08975792306314666
1.8514750887951488 -406.5565955517765 -459.3730564413054 -3.52792687413187 7.811014470600421 -6.912942338355715 0.09810686722824474
80.57986776118712 205.7418055016942 354.1104721937654 4.067306405768365 -11.038126958994637 6.4132646397924455 -0.014853985145721935
67.33941485600454 509.980075445797 595.2634739838255 0.6834608707133345 -7.007514415115163 6.003547817558591 -0.0667782259393895
6.427682483225188 -432.96486223302526 -120.04906206908178 -8.799746538524843 3.2565461143068766 -11.744948402220823 0.05070185627249163
46.70875354286895 -635.327685175469 90.0184030592529 8.094807320345382 -1.4307483291864418 -10.097868804141791 -0.05458811952858411
17.74653207867842 -7.652518075893824 101.38709238606872 -2.1851853150600675 -25.548250966255917 -1.9283367115635865 0.009660216203223354
43.00594957620586 -334.2301386119103 -736.4996373326115 -5.675225257038505 8.272211345486637 -3.754003674248098 -0.021410827644915226
33.246045327718555 67.86516790938981 74.89746971922818 3.208352123206332 -19.042820849095097 17.254845046661014 0.0977324671276884
51.84093812463 -69.44419097819673 451.9724285010235 -2.8105294075730303 -11.941168628773122 -1.8347242939344348 -0.07486422213974098
23.479318460831685 -407.55446556938205 543.5310946287487 2.576196920983433 -7.930117788906383 -5.946218991514241 -0.031240227539250334
58.76822815236725 335.726882751574 788.5876452547851 3.0585697750322325 -8.119366943635221 3.4566731679166978 0.038086141109738375
29.37745228566568 -37.95386107320524 -116.44485562222883 1.8854549509110328 22.195089283458724 -7.234234012919075 0.09618689588656318
86.19898543421039 884.363495441326 -144.86178351173422 1.6134700839919525 1.3950381029675547 8.516537233674804 0.021796157641210054
77.53411337851313 105.6663814691042 60.26169211362521 1.2036560354351948 -11.604250757755187 20.347573130208552 -0.05815999567230046
46.71523816555813 -342.2617993349638 -312.27760134695876 -5.860211982643708 8.08964913688815 -8.866399183409895 0.04382451130732615
26.810711451421383 460.7039310454384 326.51646401936523 6.7486927074724825 -6.286468994308004 8.869999823044733 0.014869714062335282
70.46371802862257 -222.18517531922814 425.2899347414381 4.644800553846336 -10.453350764327128 -5.461167506015538 0.0308706384736106
78.17075244942578 -819.7602709379885 -474.5203792291136 -7.680690993003509 4.205322592878966 -7.264927996813413 0.05727472046821758
72.77267699189647 -240.50141863005098 203.90880103962638 1.0964876883437782 -9.408803389604937 -11.097267755360276 0.04636806903317231
11.984115702819178 -435.3551093084882 -444.1957460098275 5.0846510619459 7.39818888513328 -7.250945916759822 -0.025680870359173796
23.53879123058688 -397.95865097944915 320.87152177698795 -1.9187677201869526 -7.172037577944746 -8.895069227354226 -0.049192167254892796
57.023358852180266 26.71559756380026 949.6452851186809 5.006134212292103 -8.37846526719559 0.23570454125163373 0.007069905352738506
22.033027828328287 867.6162898464669 -43.73338635336598 8.947033460781924 0.4412633724389126 8.754119494593468 0.06786683785328906
15.356526932390162 167.83167209827104 779.0543750053484 -7.530861284981764 -8.946281122287008 1.9272972054156265 0.019454188627223992
90.95165491703175 560.3005709563715 -398.6815434350989 9.42819473459496 5.711671642906244 8.027090632442713 0.06979303732231923
80.02144055379328 -752.5701672057578 -183.839054315479 5.258500584691266 2.2026276377207674 -9.0167557474863 0.03968141636681871
81.32432377954036 -388.38103769666776 20.202020410554287 -7.524883372920071 -0.6805037772713776 -13.082590642027185 0.03674049629342377
14.724219559562847 591.6445948483869 491.051366462172 8.816407583546717 -5.95035486525233 7.1693014904328605 -0.02942167169387759
21.72292421079721 -336.44815199138924 -227.46174847182465 2.567562631370377 7.179996536986934 -10.620232115524502 0.003935643876577216
50.23759908235497 145.88074823629867 529.8273665692147 -7.22063583490727 -10.625122580543858 2.925482770338636 0.0409157417907661
78.78947801490213 -141.07286842774994 340.81557842273736 8.424670256263703 -12.428882433988747 -5.144653611283078 -0.0407402256703229
5.926452560607601 -169.2164687656016 53.33630536812277 -5.080609202855659 -5.830561167013412 -18.498224891923744 -0.06370406858284433
27.05477547911401 -938.5796123599305 -138.19005626327845 -8.695474219447599 1.2217647047020739 -8.298161777643323 -0.0757031057713909
98.24464322796328 145.60610326254508 499.83949959347626 -1.6153096672297664 -10.870702163527563 3.1666976760466197 -0.08583774258092187
54.18288609913097 273.3565099219273 -244.57781808142335 -1.6337689892423377 8.99448494604536 10.052837304230666 0.059626507713476856
35.20948823083655 352.8608698372325 897.3659338973799 0.41176352872514954 -7.742630733952547 3.0445454996773 -0.05014016623655058
37.675698237582935 -870.0623412725332 -9.309816719582795 -7.245155517693405 0.09370896577927548 -8.757706474784166 -0.07628469590795149
22.364554195180425 -315.76165222324516 275.2277313620262 8.135748665634388 -8.294102426837101 -9.51560903055227 0.09014825151296535
75.54564510625926 -109.71633155158885 508.7399344268992 7.6730452859004 -11.069990753148724 -2.3873863511691904 -0.02028042952470585
77.55811679999687 337.6392200583139 -130.36975915196226 -1.9396617540635734 4.891419533526699 12.668084124884253 -0.051768323419287235
7.148372906961997 -135.75087326958575 265.43362730896797 -8.161765545417552 -13.321208904295773 -6.812873561268003 -0.07151354918537237
89.85251178965876 694.3961331575977 433.64350602443665 -6.040345163371903 -4.782626974156899 7.658451310931485 0.09909779308623576
78.80516473564681 -777.8020354072237 27.538599481785948 7.913511017777097 -0.3276672553036359 -9.25465575255674 -0.0985414168772953
42.26263526217196 783.7228955310035 472.26685001878485 4.429734651191788 -4.408044983041924 7.315113854811356 0.04640686566296548
21.87363687108806 85.0105448222352 882.8058652227696 1.3651132111477864 -8.635029001084545 0.8315174930931862 0.005075730503037862
76.20989888539283 -30.790230955306036 130.23253069086115 3.4885487107825437 -21.733367166972123 -5.138312147953177 -0.09150843371996736
84.0627039568987 -326.31956715099375 554.8530671759158 -9.176332980337179 -8.777244302120591 -5.162063131460403 0.04319181458661456
51.567436174659385 437.0872237147959 34.52947181883915 5.7229957028479905 -0.9716596568464354 12.299638524298684 0.06246839143978128
94.73527260523436 387.47197693068046 417.16777457803533 -0.29950673491048896 -7.93305645417803 7.3683473526022905 0.020667748609223963
61.931113215025036 535.1387085012489 -533.939849539863 0.8377912253663116 6.636710213266102 6.65161166615476 0.013047280867612865
76.22632133055393 664.477761487847 597.7449494032619 -9.72307430153904 -5.779338291001145 6.424549089572757 0.019100060065270055
30.675139102783493 284.0094883731907 85.52293058773718 2.499053470530468 -4.32527676165006 14.363628932107986 -0.09273066850150136
95.99022409492582 76.46081127294102 64.77182232822884 6.955188331667415 -16.68150930137025 19.691922947241228 -0.07083840611173492
73.22884795025 23.687315472040545 821.8817580106012 8.318844651225241 -9.005912988038835 0.25955789866633294 -0.07916588227589023
90.80472579022404 -504.6440315057228 776.4659881595784 -7.716819402133197 -7.118278929249161 -4.626341695600803 -0.06218622486818999
97.01261277744304 413.4095666089248 -330.3959717018646 1.923962024948569 7.011143599556112 8.77272753053082 0.018208617965107282
86.73208987693712 -398.63522345735754 247.94323224145342 3.700954081011874 -6.2974870662581095 -10.124898918123844 -0.007421544006798425
93.5247657054914 -14.735130904248825 -346.9738049802705 -9.10481492360386 13.850568869144851 -0.5881998653955098 -0.09787868478884468
32.224037225970946 66.1597894493248 -221.58460096199428 -2.847073788180017 16.278637617038424 4.860406511054637 0.08359171168490756
66.65345380532077 29.950265563728625 245.03000827499406 0.470421383773985 -16.321603111683675 1.995006044615118 -0.03434955932507347
57.238519661576746 458.2812279157675 -613.8258025559837 -2.4428903601583514 7.479598986967534 5.584255001649893 0.029054110338120498
92.78077044129721 430.19267472992425 -441.30244387658036 -3.425136872376619 7.451802296943061 7.264203509774974 -0.04093773553089167
76.03968914426498 -169.81330286848393 -657.0518010173041 7.726396696661631 9.601571420171279 -2.481500778268142 0.07715448368953315
64.30957073847173 11.952047195672195 382.50048109811337 -0.28886206397212 -13.19984998447193 0.4124575988434738 -0.038441723844301806
31.700481023069692 922.6389935117649 238.25618290717185 8.533989252686876 -2.092533176730502 8.10326380835547 0.0003208210261381461
34.79197029448383 128.56632394424037 277.63212850952135 8.857911790483382 -13.402466598838512 6.206435370606035 -0.004482738938304823
93.34746686213097 240.33473423037822 -184.99610514359176 -7.548394060052579 9.048571289643247 11.755306817800705 -0.047489367331997115
9.5155424288672 -683.3430366108385 464.8486230486044 -4.6349114505166185 -5.054507887922699 -7.430295794046889 -0.04392698269427209
9.581904522597798 -277.131567531287 435.5595722021999 2.1235029457965755 -9.593130375052239 -6.103778743579182 0.09614740166803262
18.61451396342903 -500.273681043358 87.79173053037455 -4.234320149418935 -1.9813696146842956 -11.290665586124009 -0.06982577927115369
4.151447742579903 -51.01313220168649 -101.99001145976233 9.851636724153302 21.636908828473835 -10.82229989687017 0.05564041463549138
68.71197875982455 -707.7127140828678 -235.0677956019682 -7.06365995112904 2.9821057135880045 -8.978150847251673 -0.0069493402427200646
32.20965362832342 249.42566816105312 -824.3511029215799 4.2857240417779465 8.425856463785221 2.549429327940965 -0.0013592468232344473
70.42728368830544 -300.31744749584493 51.28913201733278 5.655278443059192 -2.491684339133004 -14.589763001661126 0.08086432352357006
8.832797958862749 -293.191573854509 590.8303046979946 4.090062914486632 -9.010884507382883 -4.471529963059742 -0.09904975876664722
18.20787979868199 310.89144166997573 437.52962750063296 1.7849645525178062 -9.09010906417233 6.45907598998827 -0.032967482999277084
35.11355652143778 -498.16361100218023 -321.78917493521453 -4.229259782422988 5.756133882161783 -8.91110286953258 0.06876715357793214
38.63156139889886 -145.65520298702398 -175.62513708505503 9.65341259717411 13.164784349788562 -10.918251046376108 -0.02083662800162847
78.11396564752103 19.20187047595172 -113.78784204931385 -2.6503155842660426 23.71422685610251 4.00181165515795 -0.09458389106403237
93.2884052884291 -495.09811544293916 -287.5178250042583 4.688893969252511 5.42215850287072 -9.336814009233837 0.032844753426538476
65.96807295549439 -707.8906839251829 -95.56412360285177 -2.015135545050903 1.2932002128079807 -9.57937297579649 -0.0722812037844391
20.969700044449503 -719.6661698333178 -432.7408137452284 7.83869873568776 4.594136324342675 -7.640241888943543 0.09197949797597207
27.330809068762665 -925.3656529434784 175.72172716047518 -7.886475849796675 -1.5704337565936057 -8.270038555036427 -0.022601581947264165
83.45576620981507 419.319304497 67.20136077040442 -0.22232510731753585 -1.9838251312513127 12.378561456843608 0.0958633951001659
30.62366632551227 -922.7477364967893 -103.09928704486282 6.849654399411801 0.941440748889642 -8.42597795759486 0.05513260748267215
35.67577125277549 -143.31396951748536 424.07508389323266 -5.259289389414883 -11.567970242151846 -3.9093353927869923 0.06494089130349956
81.26495238669483 -545.8314663078706 -328.8623815950455 -7.481625141940458 5.281489119440476 -8.765985748722954 0.06091034940414161
23.522015361836495 171.9252397270687 -111.02320312223176 -8.36702676796196 9.796638491083796 15.170607348129563 -0.022636499173832883
82.12255188008741 446.7257109149852 -128.83155596011213 -0.32733567707333044 3.3200258057083056 11.5122485113068 0.06760575435848598
16.856242553986895 764.8900121314016 -47.3095999565619 -4.599904068044132 0.5761160168520921 9.31450250105044 0.031624112776574564
57.68002243534329 148.53534662635425 246.57411823243302 3.866818321484276 -13.043242855990401 7.857201772166452 -0.006388007195989559
25.704332461141576 602.6560737776773 -636.3460219174472 -7.63051699151881 6.336068944318175 6.000619634050029 -0.08972007540894916
99.90914804894216 163.29957512126492 -27.34264326120829 -0.6373570785848734 3.315580977443111 19.801778479286718 -0.04751551308575304
35.28574164885173 271.7441822797187 -300.93848712796654 -3.759323731163162 9.522185873928054 8.59843032548295 0.023820562484058866
22.97115765114248 116.70386809743098 360.9999866766801 9.272394617505995 -12.620371860546248 4.079906557649915 0.07575284908640573
46.09038200439202 337.1353826314991 690.9588738807419 7.476082310121967 -8.373710073266796 4.085733690256212 -0.01647923274782008
34.24876674589528 -354.73314734228916 483.1447859178104 5.983883070062264 -8.505883671025378 -6.245164955714755 -0.0783652547709157
39.9356436915304 97.30234303442923 -78.76847686346855 4.253733467526226 14.528053904809157 17.946439247754824 0.04106541081983639
62.67445426428629 346.6011651050969 -151.3986776818335 -3.1820504461403765 5.317409475580158 12.173292051137322 -0.0942252309157575
89.3650581697352 -16.85169993629802 -388.4974736407772 0.2518952931279568 13.088699131888285 -0.5677432809537705 0.08274365886457821
4.098978816157588 -39.94885945831467 111.89383905775952 4.498297645134812 -22.321429754462752 -7.969300791524123 -0.03402445695789712
10.449744292642555 -914.3769572770584 144.63937834394406 -6.79393942334833 -1.326635452453223 -8.386684887054072 -0.03616624451395699
10.584103719933688 462.8126079690415 -144.7618176531739 4.048066758264124 3.502241441860952 11.196885489019595 0.03771147329161609
13.200812151195926 -478.33698181087817 855.7249418401292 -1.0699107494121112 -7.2022849091294345 -4.025965654532298 0.09047090877167782
28.731560807591784 143.650629827338 807.9138669472121 -4.483219596181054 -8.879372670337391 1.5787914142200994 -0.027209965696518595
97.89606370771406 -71.02960032595453 122.20154156384369 9.902590483665385 -18.78705374477859 -10.919967962079099 -0.0838547876348224
79.96355465002928 -651.2443487573046 274.59011796433214 2.7859103584835623 -3.7754941276944973 -8.954325205347748 0.06171595294311846
98.79346728446724 888.8244498093434 -147.86771916123203 -5.453952495965031 1.4124069795587535 8.489898022599117 0.03480405960690669
49.3180576684804 -535.3464442058694 57.33700891315981 7.858679826264751 -1.1856880531026917 -11.070578936673819 -0.09609085969455218
93.22219301698995 -675.9593883735878 567.3002439587605 4.12614989364844 -5.590710585636528 -6.661540072095102 -0.029504278343434318
56.94942433192642 -749.0261005312632 -137.29288067436548 -8.603425255636045 1.6878816135567658 -9.208542911700281 0.038429702654113995
36.41625725196383 -34.137106852426164 -445.71570736736004 -9.952582676552662 12.183408768820382 -0.9331201931934973 -0.04832328589059498
79.21768507928266 333.9515963503746 -447.67940217841493 -7.461503345979392 8.762259989403518 6.536308565592986 0.022397025929500727
30.50275475891871 828.6667180227256 433.95707566044547 4.167384463457502 -3.9186898189798134 7.482970121643891 0.010044600177071164
88.18155143147061 132.4747517819504 241.35895994611397 8.010554980100665 -13.648925164790716 7.491488916341674 -0.06465342029005461
30.571696418072463 74.66462588283444 -101.21611597628873 6.2484422155558335 18.537782835937428 13.674863995638265 0.09220006878371753
60.37123390380371 -211.19751277614824 -205.31924039193902 -7.3221401332418035 10.492800773784863 -10.793208767228668 0.019549639861014684
51.40784360730828 -159.3341206852748 917.6271322432682 2.4606971143180516 -8.340545148118977 -1.4482281315751946 -0.04296668204879606
7.340934794081832 -961.7070022957122 142.43158092133035 6.888700155450959 -1.2138854473994645 -8.196230970670213 -0.05448334453365895
44.06700488184775 307.66690669123926 862.8482791925956 9.573160386850677 -8.039913182094173 2.8668020536770396 0.0870830717756006
67.19822018979808 -367.4218360088505 -661.5254900991223 -8.176370702834113 8.21017719011895 -4.560063704725098 0.05872113371573537
23.347062740530415 -66.06405162899172 -398.6730746587626 -3.9810060155764804 12.678585256732363 -2.100966341156268 -0.02611859798730405
63.096388301400495 -633.8081864428766 -693.2394798166929 7.668001452443356 6.221229624415176 -5.687884750501963 0.053691092630883536
48.134081953579255 480.5806974484275 -76.98350891430682 5.633481792113059 1.852244869896089 11.562906705263286 -0.020703051350967575
27.11832802573647 0.01216398166034477 190.605891622953 0.2248547570063657 -18.712624387811143 0.001194191941981109 -0.09788490018334586
13.564289937249313 -240.18943530958265 207.5997480242714 -4.778914868418678 -9.481369219756253 -10.969785563461572 0.08794488889461055
66.90331145215353 634.0878800675413 135.92902142926025 -7.181629918645045 -2.1264558197295402 9.91958780113266 -0.09374788853146415
29.971283107462362 -13.708622273370363 179.48508731959865 -6.931240954428675 -19.199684721188294 -1.4664239215701715 -0.02573003337840639
43.99942663997394 -192.8428913214756 178.40268926296636 -6.142014657461116 -10.82411481772642 -11.700236168352939 -0.08102884132417937
34.385351668481356 8.37207929281852 255.013103056583 -7.67507504138668 -16.164814982441893 0.5306908200584354 -0.03271856292983025
42.849882548196376 183.74644763772173 -128.38535113921063 -7.865002825285215 9.883143396301694 14.144857450251706 0.015976937319320567
81.01731895567747 398.51510407631037 -606.753751941187 3.246652429019159 8.01455424293843 5.26394918536809 -0.056492617877873165
61.29707503190401 -299.50196681147395 -586.6872705041759 -1.4809107544053628 8.965298441125341 -4.576756052438961 -0.07770468504295636
55.21130774377241 157.72803310794214 528.5533613685501 3.827544018292029 -10.540766652126042 3.1455185285073757 -0.07737917116327941
35.00458783279721 20.720590891819523 -296.70176154714477 5.334826552206222 14.943697885090153 1.0436144654931572 0.03300320501088422
91.315923186384 -193.62833458126337 -167.2036631417254 2.5485991929643745 10.556535281266965 -12.224877775120845 -0.061050715580987736
2.7842208972335216 -414.03536895614553 109.39146642626123 -8.905763790500352 -3.188977149175319 -12.069948174993552 -0.0022182039104153006
96.11781023108622 183.77045218478773 -181.53165092985907 9.200311445740358 11.29632615775437 11.435641968790735 0.001298182860454064
86.002351895887 492.3774229138648 162.4529993999113 6.228409083583216 -3.554893000590375 10.774495151403038 -0.09901869539888858
87.08564477060102 -342.97724652438126 353.5832123568331 -4.054722077518036 -8.355131007352428 -8.10451324357633 0.06990555958026567
70.6156878781132 383.8331547469315 -433.5447338425558 9.298701199005446 8.038451003951092 7.116737368203567 -0.004226971752714359
2.5416029753991114 -248.7400126593229 -124.48842039277461 -3.4697486687702472 6.932769257016387 -13.852349538323077 -0.08990524127004361
91.46140184312262 -637.2697231592365 -569.3902057505878 -7.55499637783503 5.888150370975235 -6.590102743135338 -0.0963209461714018
67.89273759001819 98.13196733232911 -188.06126274121738 2.636931692742195 15.725885441737779 8.205900853511265 0.02244626581834526
56.133664057843205 -842.4357242219431 332.9608174271703 -7.895526784656221 -3.155098298828468 -7.982823747561132 -0.0939641269001901
88.70716266450609 16.066877166722744 -153.4271009519104 -7.467022574416706 20.687086196821053 2.1663504739355557 0.09637249666124603
42.28751871747171 114.76921988483826 -891.9714188699795 -4.039164987197457 8.544349215953861 1.0993943003027968 0.03955335267874699
19.799752256891043 85.48715024831793 511.10933842448696 3.197997731187243 -11.19332099839043 1.872173020584378 -0.06223638575478257
28.600914645134022 -374.41094117649726 628.3814421964651 0.3178264008792624 -8.206016587151451 -4.889422550363481 0.027386710284644317
80.56768633206879 135.8671026663458 39.608138678209585 -3.5720398388824393 -6.077824333554523 20.84865409667352 -0.056908115003407644
84.49728632217169 395.8997859807353 627.09058064617 8.459224354429452 -8.021829345769174 5.0644047593435895 -0.09764926944699233
61.24323685424196 -564.8727650223256 -0.0677763610955312 9.395872912787382 0.001304232899108503 -10.86994981796211 -0.006731561293043115
8.905361833514998 317.337607826741 820.0932034618887 8.997674138077436 -8.125004165469734 3.143995553881326 -0.05737248032563489
92.9805484528684 216.53581469039239 243.7233249525327 -0.7865536337248802 -10.696317176036828 9.503135386615376 0.08519948368156757
49.6215962998667 -361.83018944603253 605.4638556368715 -1.6335152131413455 -8.350093073872392 -4.990084429785176 0.07477834823893159
72.27653745352421 -299.54680609428704 398.0209204642235 -9.731465769727523 -9.248566857596192 -6.960384544388376 0.0849595516095144
59.827341675103334 -503.5080999266918 784.270750277076 -5.3793691544201945 -7.121207326946709 -4.571872110630439 0.08025852574845402
93.55809702849277 -634.6990959279519 557.5925683984996 9.788852375385083 -5.866230799890619 -6.677440834423613 -0.006665622788836603
56.152110121269594 -104.73866394080719 253.14711713131007 7.875354410382691 -14.422713673707005 -5.967343328667299 -0.0010930362727879644
20.3355036840649 -191.2404653160607 -803.6204892376297 6.520892236463606 8.744494632919752 -2.0809589164903324 0.0457929714468045
98.50351041232138 216.3560027846619 -527.0839918117637 6.917661469106935 10.012528229878232 4.109915344115926 0.02614288123652314
41.346338132627466 643.2784236571424 -363.38593616593505 4.3397348930330715 4.674790263694724 8.275476325490228 -0.005206009072869416
94.84733374578687 -77.35819310098577 297.7945745269206 -7.460146391494822 -14.255237966105987 -3.7030877847065717 0.09085820099983022
56.352030363579686 -30.877963774442957 99.97780908870637 2.8473595394751996 -24.130999432995424 -7.452815110921506 -0.07138675437201968
78.04901320059534 -574.568678092115 109.43546439355248 0.32486336265277593 -1.998670064770922 -10.493611220288916 0.0034205196773746394
8.015434381531053 604.405019238489 -570.8687812341773 -5.328608807521247 6.152306510244854 6.513729699225318 -0.0516467920363763
12.706071050784148 99.64247881455985 93.61351666203075 -9.374082663781794 -15.128560441536163 16.102880407033886 0.0832407114936852
76.50198386031151 -810.3260426416091 -304.3672384982332 -7.235339329812285 3.087614008116607 -8.220247529749988 0.06099468974586206
12.810905966067129 289.4500522159467 706.5161064397435 9.124065917376356e-05 -8.65174066430127 3.544500633764973 -0.017043073159105512
63.84317142841394 -61.47673804787866 102.43857448489499 7.243034351629603 -20.266501165989 -12.162590016441992 -0.09321974039273993
84.25062358637317 374.5751875788988 381.57868905977443 -1.6974648143595772 -7.972898861259294 7.826564145556777 0.06407282080424273
11.689234401076252 -241.08782203258596 -267.2802292836227 0.22731756856125074 10.11140058791444 -9.120523249972651 -0.08252132941556825
11.852928358265821 319.91010639700426 237.88751433218906 -5.316164532960461 -7.720831256331081 10.382940675218007 0.050440853208601893
71.1454388086866 190.66948870183833 -211.5069551066588 -8.312433457012741 11.371083664349943 10.250815190328327 0.04461402364218406
58.85104599103371 921.1888179137667 101.3976701339518 9.224124049626127 -0.9285069085289442 8.435402710561362 0.06494017405367
9.857496843683338 -403.364312870645 -179.850831623057 -6.236770936382698 5.006190421286233 -11.227741018256422 0.05842182947652619
37.03195541955663 254.37433678114948 184.3077025113042 1.9050373375950649 -8.552417793625047 11.803715061747035 -0.04530474444005546
32.39794906266605 -33.51411411715071 343.72126026123306 0.8670050133430625 -13.836226686242039 -1.349084079818212 0.0514155661556189
60.07217216563925 476.8258031185541 -761.4388654701934 -8.024434081031032 7.305020009360081 4.574526190765579 -0.04033166151921075
47.3168375542204 -339.36529369850143 -145.8780731600195 -4.725915331596338 5.3084117215209945 -12.349290499405024 0.06338852562704528
7.42600859143548 8.571004007621479 152.226087602262 1.5495288130393199 -20.889466830857216 1.176169648346744 0.06035622151963463
82.52306436295892 84.75887536040254 -96.54088700628942 -2.3001229124324514 17.128451191672138 15.038066302178231 0.0048594364750134955
22.120718414182292 -465.6219478945229 440.7702964967634 -9.554389979900096 -7.0140464201476735 -7.409514621854166 -0.070906282543925
92.61285854170796 -385.18098225982453 223.20965660452933 -6.756950837585571 -6.139168693127758 -10.594035506570147 0.002327191300593029
90.72433337095833 -676.1313786788635 -601.2770077884167 -7.544323632688572 5.707405997347083 -6.417934222797066 0.09502258767745772
35.57366718085728 -903.8419762310758 82.28054125406871 9.783917920518249 -0.7774510275400012 -8.540207228156603 0.05318801375442034
99.46278748777138 410.57113326738937 -347.527861755719 9.570268930222582 7.196665632389713 8.502176342090344 -0.018245037413247567
24.577503901961624 547.786857509131 554.6481881670612 -7.633429888288433 -6.583408811085491 6.501968096641864 0.06108198266162643
48.68081270546292 236.9558535444846 -599.8123321751056 -0.3976891326776961 9.461470071625982 3.737753621166344 -0.0718954147468513
41.106207070667175 -2.1627864853589553 -409.73526366986175 7.504130791950786 12.762686900971921 -0.06736780842112366 -0.0862150639867281
86.60119442044076 -613.7226508267182 360.46109164781245 9.943244976462736 -4.904223801610677 -8.349953161415657 -0.07246006196750521
15.58666013660411 -46.59640736154764 -144.5439160039482 7.890142837865131 19.952591999401672 -6.432087426616292 0.014090238545813968
42.594822606881124 -49.05850205783864 523.2159786774095 -7.765301340376736 -11.220475928784085 -1.052069821784955 -0.0910018878681463
99.98596410820329 858.0362119574064 357.50767390277036 2.305372481233867 -3.2590321442268433 7.821839361244981 0.02973297412343351
6.462273997057292 -817.7218067417313 384.99637468825205 -6.571122489082044 -3.660465802535765 -7.774729598401083 0.044193204018373955
3.9210125855538105 161.48518855107358 169.52914396149782 -8.48573401614437 -12.225235585104402 11.645162757326508 0.08601048431377908
41.50641138297598 157.35788180355232 437.960366487691 -1.5441970917177876 -11.270359477146258 4.049407275619701 0.04022732720163055
58.4703217534856 303.246629631386 237.14468665034178 -2.6700432925863726 -8.111265809122736 10.372208011084366 0.044099958994493205
21.87167528137365 -551.5212990272021 381.5691611407344 5.825988994772489 -5.675873526831361 -8.203925944312791 0.08171373110469696
83.28646596293508 330.2157378519563 -840.8544616112946 4.269434913846489 8.000639075895714 3.1419669590281565 -0.09677094982288051
80.39553745818661 -39.03772920972475 -832.0398361171799 3.3999236870945637 8.941586411974122 -0.41952225591136294 -0.06139421302843051
28.379945753547336 -109.0641491542375 -352.8492409898039 -1.7661494860835152 12.843608573367476 -3.969902945504342 0.05541678572000358
96.47521326480037 56.01765533700159 85.45858951106939 -2.2433678331442186 -21.374569984981747 14.010918051019722 -0.02434160475380462
24.03272919570264 -381.0884121109959 405.101072023853 -0.9881269055519208 -7.978921424822661 -7.505965069292714 -0.07653300386133684
55.79983171913767 711.0486508312708 528.8787165779778 2.7858968367218395 -5.179419161724031 6.963447179085925 -0.06295854733020885
31.547293787846066 -195.48180903950234 427.76991141437765 -1.5026971227067243 -10.834875065647225 -4.951308921066223 -0.06647362665414014
49.50027272035797 -115.83422279858918 -8.698578387744965 7.948157486711935 1.794998715211672 -23.90301861209212 0.027654951120704874
11.069464744978479 451.85958823432 -818.260127029296 -5.512273188821235 7.3971178294412345 4.084836234984224 0.030705956991863265
25.07241003311213 548.1429474888014 550.6522589760725 3.793038454204483 -6.568647414749037 6.538714217990137 0.023256598338187648
85.68500724143325 200.45481329459363 191.0170102662859 -9.519706742053822 -10.71044161214719 11.239625050526431 -0.09972127303427258
13.140319225406039 -352.93768939122157 134.0517460240991 7.785160992811804 -4.721005036189045 -12.429682257009455 0.04033680225145747
35.01071287033713 796.5035507124225 -329.6282527269122 -3.1455295452565597 3.3647578467966466 8.130497158814094 0.02374612821845519
71.22134027867315 759.7676260283062 114.73351205703648 -4.583734062323986 -1.3916419977433967 9.215481317970736 0.05082081348397188
36.97213401889908 -48.73135296711496 -91.24324420871582 5.419796719372247 22.405956215787747 -11.966612655942557 0.014017328842285084
83.30550617399597 -382.389134894133 418.07502723650333 -1.3576419958025543 -8.008847334820835 -7.325231129217582 0.069056192311128
39.74742893079341 -730.5006173299433 -7.358304902041379 -3.1252520569596047 0.09627570620220144 -9.557834820771458 0.02374052113863427
91.30635641013477 783.775506164362 -533.4889820683691 -3.6684700112986324 4.721059926534377 6.935946679171647 -0.09341378970486298
28.322967765548885 18.620629115012733 -201.0122642299901 7.353976985411293 18.10541404166072 1.677182241267491 0.03383054709671157
31.73034297616459 48.78841108358119 352.64714125019526 -4.317110054129694 -13.563043105643773 1.876434671316405 -0.0010513761113910558
90.46083021256665 -268.69062955102913 183.71405978583843 5.925342505738682 -8.082269707108667 -11.820707344531934 0.03769621739957091
39.29963434452051 320.1462291865088 -42.060671400567 -0.10458659788343994 1.8727608067368493 14.254582499056449 0.06122939148054743
92.54621093789663 -755.5605954861088 125.4027722112037 6.566260250464449 -1.5284623649654894 -9.209094139533349 0.0023878450762818415
74.8662904191959 -166.49443955125471 736.4950479180363 6.7760967610144505 -9.170299093415938 -2.073067310352889 0.06567641990974668
19.968129740620093 -584.4949398899707 310.26320793550764 -7.8999944886883045 -4.708729276849664 -8.870624570485578 0.03452552695746797
41.96290787776369 -129.5594141322578 -649.2872855782937 -1.043594198529373 9.846159195598242 -1.964712146948127 0.09032650673620923
84.85614520380858 238.4858510404633 566.3449530115873 -5.205572083087628 -9.604855558876498 4.044570610012165 -0.024477647165460567
58.19298946063146 -287.52172638979545 -215.98578879453825 9.54607469301276 8.18242969765614 -10.892505131303887 -0.04506060467997113
80.33414362286915 -1.9564592328968269 499.60982740007717 3.204843662072923 -11.557991766998816 -0.04526079845939966 -0.09795961540179086
92.63451630078791 1.9355166522589713 -259.33925529211893 7.009416845326946 16.041707375049796 0.11972345536390527 -0.05754230761415631
23.249704185959313 157.98766731659896 58.26295845397094 3.509974864830422 -6.888535259754767 18.679168476770407 -0.012508568269313763
46.87185769162042 3.8053866872002873 382.89358843385736 4.244975421990029 -13.201754236937337 0.1312055916799704 -0.06980890160064633
32.066336520956966 -769.3190848511367 -399.1974321189729 -2.984518931383997 4.041749449298556 -7.789115704044051 -0.0038337263478161188
22.501170758090314 38.740629620746645 223.09679791513767 0.2526619869893505 -16.915293595165597 2.937330926397998 0.03164121675949094
54.20981333353543 719.2445298726301 272.28555754129246 5.899885651952024 -3.2982819210627854 8.712438702675005 0.0012312145338986002
78.49039507430498 -502.5574599383436 625.6592504074941 -7.1031064312798815 -7.109998421790217 -5.7110683566067255 0.014356663365015093
16.121270403482203 -109.11764841905739 -390.86598610596747 9.634143529356798 12.352202424676781 -3.4483514280812764 -0.059659331746213476
12.872701158480513 -549.4311755964196 -625.3661505548397 -7.381103705803866 6.726781345555386 -5.909983102522367 0.061272077120543555
97.68441157054552 12.964220481749564 102.5516967622418 6.827882303865003 -25.20967284109574 3.1869171091576844 -0.0306620927634393
32.222544070984426 -697.7360917657669 -596.7115489455223 -6.504915469478563 5.541599541819122 -6.4798042090397745 -0.09167776624644702
35.69621405754972 -371.66346365544865 154.67971025501114 3.660140507555976 -4.94743679121974 -11.88767092341742 0.01958151386522522
49.89252587811629 312.34622251481153 159.92079713454393 6.4018093875446915 -6.285243926168772 12.27590302886829 0.02116748980208498
2.48126481874315 846.0203262959493 -220.53008525947078 6.746591173556574 2.203875486013702 8.454735124231233 0.08105923871495835
47.801353480997435 305.9925663657394 343.72273539520324 -5.2986024553068445 -8.995025145783154 8.007648448735571 -0.03574741141858284
99.04862873345921 -499.3949256010676 787.0490116596669 7.735927299912294 -7.144950843722369 -4.533583223108025 -0.06545911750263841
56.82783944784488 450.3018957916721 -319.3929123418941 -9.77914581705636 6.3611320124396356 8.968357449073364 0.06918352176536013
83.97766831458918 237.53160548513424 721.2805595923973 -1.1941165685410908 -8.904577446166503 2.932449168115553 0.006422999906255472
64.41945034102963 235.57784503703198 693.9259262488415 -7.082404450084272 -9.036848407669366 3.06787971637432 -0.02267033207241767
14.89232934117961 -16.87916973688274 -141.08964715335708 6.241590274278149 21.519218407162768 -2.574437936645653 -0.0315935599749486
91.61153743191451 -280.23028440243115 -931.3295283870962 6.945761751162344 7.9327001837168885 -2.3868918152010363 -0.011554685345263674
90.27315618678601 -328.02339370056166 61.7969378067218 -2.0191403012754723 -2.617897806356468 -13.896023869145472 -0.009223972091168903
8.379812424070712 809.025046557235 463.76947165974167 -7.582838298336534 -4.207401950567147 7.339624030794239 0.0141075794873875
82.49996275206874 -503.53578852160524 -208.0687641381859 9.209313861016359 4.226851046769863 -10.229170070838254 0.07385310930868483
7.6525680294036365 330.60392027205233 110.64068718824964 -5.141676515731883 -4.391141797733236 13.121110594071338 -0.023897920081346724
17.16806517810599 -25.206809432912387 -170.78528246819965 -2.6129692808550082 19.451735762160975 -2.8709511113023205 0.038557071549315924
18.416848371377302 371.646428233687 -697.2063308278786 6.122538173272773 8.11077037091468 4.323453051544674 0.09401244446939955
7.557563978551503 -586.2446547266306 -435.21162524777833 8.025197123062576 5.699040636154333 -7.67679886334192 -0.02204792052775842
94.66059361228564 -159.39704663966913 -678.1220727762342 6.9617491362519885 9.528661739045262 -2.239774519378332 -0.09480955885450122
62.267151657813336 -361.45287145792116 133.94874262216774 -2.645281300203049 -4.572443448792779 -12.338472028863928 0.05542784462227823
18.063994871372252 367.724882080147 -275.1907405600107 2.614797041962154 7.222701473040975 9.65136778246691 0.03273072707317809
43.42715627630532 -115.90599813953109 29.100137077884458 -4.899881601749079 -5.754777182220709 -22.9213076072692 -0.08005902794549818
40.43628611293717 40.58410455371507 283.64865592474433 0.5867870766641747 -15.108168663896725 2.1616583892201606 0.025236990884204002
49.201706924752685 -460.5549368560639 -754.8231528675125 5.635263841524971 7.416476839782613 -4.5251593166751585 0.045957702035515746
40.58884465244876 23.775566756918877 640.9366799740352 0.47021034841367637 -10.194065067815705 0.3781491715438187 -0.08839530510890536
73.6469267449119 180.70853280399558 -793.243771618587 7.1914862843763 8.831196541029225 2.0118312011158794 -0.054715496483053606
7.944903812068909 -207.27074623955525 857.1360699062002 -2.214431514151256 -8.456044572736964 -2.0448219721029073 -0.06542974348195292
39.385901224805636 -84.54821073727017 488.56499822235645 3.731028692510188 -11.432212624046533 -1.9783920781227524 -0.06947301250719995
37.56973087434684 -375.25186050844724 -60.91181816164448 1.9994325463743063 2.122995019508937 -13.078871308795422 0.06116775048826531
81.79074078566731 29.44637263700154 561.4488250295124 -5.186588289855248 -10.880604960368723 0.5706563695492343 -0.007487941725026384
20.13334489781902 37.3397957347199 -192.91406779449702 -3.289108880266978 18.094270703916884 3.502265955911048 -0.027880325675374157
71.2018063250384 220.49236743483536 125.91018905263861 4.297533116212689 -8.039780142197959 14.079163652654811 0.0473783562222187
24.525561065959604 803.3884873278305 -157.64400696673286 -7.342628825796195 1.7385446543173793 8.860005444283539 0.09554829716224794
55.44741599369978 -66.04739262217224 824.2776426856299 7.0344269653334415 -8.955328421802344 -0.7175690103739228 -0.05259557959714561
57.292621311964886 -554.5353699186537 -753.270337414817 0.9539584609306146 6.802606595757589 -5.007878018847509 -0.062266465102724405
35.15670180980592 262.25205949049536 108.0558027112079 4.192542763857922 -5.843829218725414 14.183007385706187 0.0555910237137866
83.19022327939881 346.85872107987774 440.35972790453803 9.165160028518176 -8.571900981055117 6.751840422965906 -0.0854050579593489
9.280201135870492 429.7650314882405 -114.90193108770134 -5.195860675660697 3.163698773552827 11.8331092451132 -0.05802969327575374
4.786804620579062 -460.5444558051686 453.14132731198714 -5.462283719264076 -7.128404685165472 -7.244863927911483 -0.005158093085188137
21.09120935553526 567.772598185672 -591.9019637461952 -8.301408197762958 6.509984563945646 6.244599741866961 0.04093949239723221
47.81419536950497 -111.14168300206462 -102.43038440965569 0.3576465720130848 14.241181771622143 -15.452337889373442 0.06864462731483151
88.39858013638664 154.9652742580762 -553.6726311604125 0.3872661536023081 10.375539451584936 2.903969288351037 -0.04953469262480899
94.39294288694407 -173.74116220205883 -447.38384340586987 6.3206067047391485 10.992805589679907 -4.26904736763057 0.03575603547972869
48.283293728295156 669.605183099704 16.301493903092357 -6.244155793574116 -0.24294561682756896 9.97930896432966 -0.05384599762573603
25.301101978230104 478.5000666946559 -16.55877469869084 3.578765509205489 0.4083365192689506 11.799728860342803 0.018726803980038273
2.480296694419861 39.18824378207063 212.98452832162107 -5.40798667203497 -17.265703923739622 3.1768157986143986 -0.037109953465183226
35.88124049646465 -790.996532277882 81.66624424926918 8.462330398693954 -0.9408706807253175 -9.11301177882092 -0.002509793707386687
41.2969882885101 453.275744082255 -462.2238528927268 0.4572612122669195 7.249521808025855 7.10917961331623 -0.03219873664529785
35.64708899341439 305.9029249715554 177.7276722471061 4.359821784770325 -6.8999994308397685 11.876203528178046 0.06829967495375563
7.788280872395556 187.77681946425125 611.9213190341547 -7.789403445256424 -9.762088584825118 2.9956366754471895 -0.0892183766617192
99.57225702041013 295.35419117802985 363.147368213783 0.8547095699856033 -9.263795328827268 7.534408937183485 -0.07703405113771603
75.19382260569465 637.2600060124765 -768.6490180183442 7.396743880191707 6.294122264991891 5.2182365402257895 0.08495584938098494
56.64476123875794 298.81411614039627 -174.17967697442526 -1.5567355233759468 6.995592835438932 12.001296169051358 0.06985236229980507
73.90143184407728 -125.28637766621182 568.2253867049067 7.651080932390233 -10.45877041927821 -2.306024143469652 -0.005772947416157123
87.48496642038509 -484.7366770951195 375.03355549431507 -3.5102815017025613 -6.385745694051754 -8.253675179622789 0.07732312564176178
53.03780550046421 916.4688221870458 -37.83710555386527 9.761836875428106 0.3518758836462917 8.522937257509103 -0.02107541584318398
86.95840295793312 -436.1937941750561 -689.0609361517013 1.8620894880438232 7.643811580508259 -4.838734864121056 0.018137726084073713
57.596965187384335 695.1393796072989 270.2381821298566 7.79222414137449 -3.427666486456117 8.81705884829732 0.08142351160826836
92.10516813085502 -263.1219571823887 117.92599141607093 9.07502746771615 -6.222373027119449 -13.883648121625637 0.0107640722152198
53.870200570314786 300.90038556762903 -83.84363245951442 -3.0102249515452772 3.923584939401313 14.081071948347153 0.006863625838108248
23.47289424737693 -754.6737097674069 513.2715993989118 -3.4511921005541986 -4.809214077693926 -7.071085626653139 -0.051588737346242614
50.55344162671425 -524.482751523381 -621.0675830956873 1.3053886870384446 6.922862379748661 -5.846258938922701 0.030870332999429012
82.05829818823374 -19.563460168950492 465.2104660548787 -3.9640223542544506 -11.961967322674631 -0.5030356974639228 -0.036753082333955286
75.0081193783875 539.0939319726863 -595.2091476827156 0.47716597387156234 6.757018331212603 6.119979161554645 0.055002315326028534
38.517111505203026 -523.7666584883086 -744.9324790583806 8.037872439559234 7.003309825132229 -4.924070689070302 -0.08607439985942289
37.28187349315948 497.0823240652574 -297.2666338005243 1.1887432004858205 5.509600786466403 9.213025789656111 -0.03499745824885499
31.41116999068236 -545.3670564721303 -259.5366559553177 -1.9243002877284887 4.517251618741658 -9.49214749488502 -0.08381073477698325
97.42828691515545 -227.44733351952132 -339.63193706757414 -7.588181579887932 10.617294351319718 -7.1102715199574265 -0.08738820985812
18.063140459066283 -407.5622554715536 -411.35406882487496 -2.4292737345930826 7.626493072403106 -7.556192957580947 0.0009332847322737481
56.601142443165635 574.2864304951194 -321.05393941728266 8.284408686108897 4.914788357506524 8.791345988758964 -0.04077618468426125
35.379715001364126 -167.78310782912195 341.3324559819856 4.732261802420112 -11.888342697976272 -5.843754526845754 -0.01565328766801717
67.88715452647546 -247.88504534064748 -514.1306986310784 4.1585800177440735 9.740600070007012 -4.696372141223559 -0.09160600640019026
1.6726382264293997 -23.538540191944193 162.15529924490363 -1.7227638188622585 -19.973085117746024 -2.899302514259108 -0.07660160612203315
8.203648082111288 106.38218360770873 10.845147863114127 2.9554004718471845 -2.533770655654766 24.854253580669077 0.025777309214239846
91.73357921366677 -300.824363843529 323.12219274386416 -4.253983214265762 -8.999229751265446 -8.378216123187022 0.079471805332477
33.06428225186973 36.56109111298702 112.74466303766674 8.213344071152775 -22.572845110469597 7.319972622451344 0.0048777587184225535
31.305842768252674 -289.7038841610888 302.0125801156364 3.327236657614396 -9.113579779711152 -8.742150607711011 0.08086219839138498
48.96521874553604 207.91588083267547 -103.18856753957903 0.1621234375924967 7.538458226535117 15.189329783933657 0.034173907010832005
74.12262945355785 440.82028118112777 163.21967214176573 -1.935010085945919 -4.137475421973445 11.174407195905843 0.0022962404709117035
21.942019963599815 -5.8139194409643045 106.32803521195143 -5.444336465065747 -24.998075730834223 -1.3668718526443626 0.045365882005807656
23.245675513129367 -639.4269788708087 504.883373859912 5.282935966163919 -5.60891311792091 -7.103601654223111 0.05452239236193615
26.029788218541142 -10.64719729201894 454.82588394548964 -6.269087799744355 -12.108820176340307 -0.2834601150503702 0.003609335162979746
61.50103321281214 779.886986416811 -49.04351358298423 -3.9361914066680477 0.5800312342218776 9.223621601244139 0.025036798799750876
40.0397549591377 -262.3712626786554 601.4540129583777 -9.27640875280744 -9.244015297366943 -4.032501094907173 -0.08286206130957988
92.35362958939602 593.7480901780874 754.410072498505 9.996325523744236 -6.552066151671655 5.15671371061028 -0.021588692749569455
76.07416454085829 -562.3059042090972 -202.62018275749773 -8.523683118489542 3.5823077181987215 -9.941520895022592 0.033641841240185794
58.81680988893484 -313.0768247573595 -532.6419820151123 7.971315251344432 8.960364194201949 -5.266731623326473 -0.08032212828374304
52.852369293194336 -781.8448511800547 -293.26176889930844 -7.991471884604113 3.139793695780358 -8.370786086529865 -0.07150497002894084
92.69881631454639 111.98359476096815 -386.69126830471544 1.5930124694029164 12.367710870430049 3.5816188152034627 -0.009143732988440553
96.69012034137154 947.6012519687412 104.37526654595811 5.782315783066039 -0.916081367435653 8.316911462017984 0.017028497439854087
76.64622007899403 -642.7799574723832 547.5904918802001 -2.5782651233853615 -5.765431646845551 -6.76765569110736 -0.04705807296320728
3.5489558874762195 528.8289159562069 -264.808400997984 4.0135700764227185 4.756473928785878 9.498795891875597 0.019731616703549018
45.080761457733935 -286.80777558124964 -301.5816748370723 8.21680315800904 9.176513345409099 -8.726973817657525 0.06846568788395613
74.04594153577634 561.2868906521941 455.9220580647714 8.331410624453376 -6.05723699237533 7.457081001575034 -0.044230920748160846
43.89317643566696 281.3713975334837 -97.76458594671573 -6.358120397883833 4.9129203615570525 14.1396320018727 0.02404573352665615
2.2812111295242063 -831.6026464060512 -121.46431081697249 -5.767900896519054 1.2879589452811235 -8.817981678355398 0.0733322109229047
38.160426742515924 255.53149569835898 -196.91106345404944 1.6505074937547874 8.779662802681463 11.393368804896898 -0.06575907526309388
26.742400807806494 -834.5644998016819 -431.96813134436314 4.598784224121486 3.8739073722145734 -7.484407607358769 -0.07315552006177801
63.318013163802355 702.457445198815 72.63479357471721 5.415563046412675 -0.9998929206926467 9.67005194032277 -0.0726414693965173
82.20843521382473 -911.2912121931047 136.26188742671195 2.6587312548580417 -1.2586043097424084 -8.417284310064408 0.08921886274482746
15.341420545967326 253.95800118329166 -399.55468007142235 9.576408624119807 10.020550474238638 6.369088127660111 -0.07314019087172847
3.4742273230146608 204.96018293355192 -195.4126746267342 0.1272949685732918 10.59365865134937 11.11124556922226 -0.025749619665346085
23.180859425573992 -491.563211764672 -152.84495806588734 -6.086281502801438 3.3808392682325663 -10.873084923325539 0.04998517058591195
79.25186487818452 92.12080754952956 -616.225720789821 -5.109291138173249 10.236086181957441 1.5302128642405675 -0.061151891698108356
49.41257403751977 -39.61733286564923 -587.5569012116121 2.223939126794763 10.62185539612557 -0.7162022606003604 -0.06399512811706427
42.84965919718446 -291.98136574532657 231.45520408218405 -4.523825471794045 -8.314189514644612 -10.488372552165345 0.06822738158287092
85.36057645724556 557.9028719551086 -526.6897533582102 0.3513079276362241 6.40266240480374 6.782102216766671 -0.005416222140475241
13.672208441440544 157.9700826030515 -267.9149458170974 -1.0132167573756394 12.618825307423911 7.440409380998483 0.06507454821945166
21.60020977666596 -533.6071437579619 -157.27630341512793 8.112661981417045 3.096703979176922 -10.506499259656247 0.04974188367627344
35.792446000693175 -120.4850469869559 -313.7427952409874 8.461543966916995 13.15553519130257 -5.052053145778729 0.019423038499501263
15.458538359380368 -566.7583974067007 -627.5966434446801 2.265120652141901 6.593435292850929 -5.954277893314391 -0.009145548066496853
10.105042034511284 862.0952670746464 -493.2219976071833 -8.507151497807046 4.070805424884632 7.115299210092905 0.04594258282811248
94.90135427019784 366.4170825159254 329.8459327514275 -9.120592363433367 -7.784471253288841 8.647562277836947 -0.016477909815577993
93.25882281416992 456.63306092716266 -157.5330911773822 8.428701269339484 3.8335058007417118 11.111985899544452 -0.04360586813532988
66.84622602671946 -158.74414590694494 -963.8609110094529 -0.6743545733132379 8.156019645029422 -1.3432647363969739 0.0136963633460159
72.23032879634499 88.74630050239027 -873.7227675726896 3.726597989497833 8.673068802961826 0.8809462209665045 -0.06140635724727013
11.517165636128603 182.92351446701116 769.6662694720379 -5.144913578648833 -8.936224934604665 2.1238369614754298 -0.08624138763195961
75.58309741598124 -836.1103991073138 485.96288607879836 9.770202193063596 -4.174586614949906 -7.18247294335117 -0.02883151849551946
89.03698112790237 607.8005110011965 -385.04427136908043 5.996705873266334 5.154269714815352 8.136123556295889 0.05906667263704554
18.588172684360817 -18.695278511411278 165.6213805906323 -7.558204610383674 -19.884771610614475 -2.244585463969188 -0.005999693826431701
79.97135604410819 102.4221243176067 -68.21787524541418 -7.191030897216395 12.90985141199712 19.38281427682381 -0.06838306158023202
39.806239728218 -296.7031279741656 890.7329215132157 5.020853305387403 -7.999384676898173 -2.664594962395901 -0.09373598769584127
35.64598600611838 -82.53642291451943 152.63119848636978 1.2105445478546315 -17.25157942852426 -9.32891617032842 -0.03261594324278838
53.49674719465034 -279.5472946253842 -919.3627884145673 -3.886040360359031 7.973634622705738 -2.4245140386338555 -0.021748449773175985
72.69952966814691 -786.032500764181 7.123146194716919 1.7255596212624837 -0.08350014245190546 -9.214162392780281 -0.08864293735777565
55.17637736901267 -191.97215978715988 -864.692732762741 -6.130794493599982 8.474235246535253 -1.8813818842030476 0.08890158047090405
52.5110456671554 75.16942291601467 -881.6892236549031 -1.595796726870164 8.65338687292875 0.7377543924271299 -0.08413005376508327
83.22164299266385 -470.91511445855093 -345.5213911208845 3.377915920418209 6.323718302524249 -8.618669074514626 -0.04279176558864555
16.39306061863322 -241.29970934120539 955.3691324377584 -5.754756151417004 -7.979478257885954 -2.0153945935109956 -0.03833102340222938
4.721180654618337 -715.9173750063313 106.11736674011456 -2.5988244329446193 -1.4080435477007764 -9.499320154007185 -0.023325847081434967
38.041443859555855 -135.805726686343 73.81530696080151 3.1076156648328794 -9.923419354741968 -18.257150612402206 -7.333394207971466e-05
38.18158474242832 117.3830783347362 -65.87127088884587 7.0376744972945815 10.897317472243811 19.419098086651427 0.031761055447535075
55.78823513446733 109.43482944991668 473.3606420160214 -7.161074351686172 -11.419501284703998 2.6400403087428406 -0.07784341128826362
39.67132824263711 657.4174592663435 -705.3336065294761 -2.131157398289483 6.0861505849369 5.672693909976594 0.016942733862487458
17.430332687597616 -138.53546421375148 71.43823577020964 5.538402571000944 -9.483949880799429 -18.39159919266083 -0.089561643809929
92.9853704650864 -312.12709285428934 -309.3575766539771 -6.314614796765332 8.67529031398965 -8.75295564007242 0.03325198000022961
44.061433347512185 -833.2305818632902 -278.72872560077786 1.0807360072411747 2.7649499043781436 -8.26553062545707 -0.08547180508676283
35.12405190478776 -444.66013609656807 -225.40505316184837 -3.346712548200099 5.231573088233456 -10.32040750099196 0.005459186970657795
7.8325548608079325 -36.83419457850168 212.29489077470916 1.2154113994207343 -17.340926839389056 -3.0087350243933053 0.031355163461869534
98.46727104131949 179.3451662890222 316.66553506756355 -9.460545802755544 -11.783789559469541 6.673810263586159 -0.03181250857669786
35.494198400859744 104.31882679896829 -43.91869466256811 -8.304344423711784 9.422326810517667 22.380584991006472 0.024351264469381545
99.562198031142 214.27443044889844 131.4898556742468 -8.176439832965572 -8.521994603088276 13.887349183720872 -0.07156280323354597
75.1749576339038 520.8910355628292 628.8994621749274 7.322110702405663 -6.962526705203194 5.766768718587931 0.03083699813629759
35.23326026003059 731.5117304122308 250.34337231508187 -4.875380287483444 -3.0083770162730077 8.790578542404948 0.043689136344946616
81.2019774388263 57.55869751511932 -89.99029336734174 3.1643301355386466 21.057093577240963 13.468329020914457 -0.03715841200165229
70.50163039659043 -145.26201225919542 197.28074690209385 7.970042476948272 -13.291118416864343 -9.78653333752395 0.07082516979720849
25.753845956665028 -239.6870817120202 663.9610340372985 8.57968257488405 -9.145998205117321 -3.3016660718749318 -0.06988604843128005
8.288197940785748 580.2605848334414 213.81795189912756 -2.777165297351523 -3.5920401717106913 9.748102590400714 -0.0538238327139347
39.261670600373435 -598.3450039106439 625.0381018678769 6.571906820131922 -6.344291115914021 -6.073349578557799 0.044434579950483805
10.150569437583474 -301.8194109387478 -624.8598116660753 -9.192926241326552 8.830961109569728 -4.265525531249384 0.058902612826297024
43.92359770315548 -114.10521940732897 45.491256339869324 5.958402748859967 -8.632281938040354 -21.652258121144843 -0.054180311301146845
63.44089235313068 221.42312614119197 -39.23939658347026 7.121705068525628 3.0062063880331173 16.963655769984978 -0.010551273650168502
26.495660805123777 646.3769010285224 -78.84766193009939 4.286755712088823 1.2258910810397867 10.049602722062652 -0.04129192631341048
61.258074557436714 323.70781928149546 578.1219673345129 9.679405457620703 -8.757198967434832 4.903418207463195 0.05879503875008138
7.056470567889358 -265.60153661421293 -306.6728142541435 -5.981187602640605 9.69551369854579 -8.397038201318557 -0.08867202838296054
65.41312400393198 405.4562177758939 168.12639599653338 9.558894316928445 -4.7232726898456905 11.390717495594766 -0.06009146773535839
80.29660418993859 -761.4329788655206 110.06011483971244 6.278214414662372 -1.3324477716344965 -9.218322890321913 -0.04503354023305737
93.39033142092937 -366.37889115535654 29.659004577809636 7.417173754867413 -1.087267038716633 -13.431053998784844 -0.047191538293371485
44.723803701661865 -282.95583821927966 -40.14981708766791 -8.188328692816578 2.1469183646913024 -15.130407297825077 0.07664504983926324
31.582930311618263 147.00759065194316 292.82500541688324 2.660035157372395 -12.755164845546012 6.403503859387182 0.06298543053260958
70.9162211787636 -559.1050608583865 714.2412356525582 -0.9198829361816578 -6.754624543326578 -5.2874919255001585 0.09945436145085404
52.91877054107655 439.81544283831255 71.55090621753035 -4.894360127119278 -1.965186820174523 12.079784272016811 0.049366560971212586
6.778677705358644 -321.5631135600084 407.24167984832275 -2.6930120203100483 -8.901023862349243 -7.028359543441123 0.06945832830380991
13.346832214247675 -676.452638507291 -7.479512292351454 -2.3743372631160735 0.10981969429284058 -9.932174593846554 -0.026625495477912264
64.40363228995822 -762.8258735728089 135.54827129171673 1.208609541093729 -1.6238026988385823 -9.13828483718273 -0.08314274725340341
57.246738330995406 289.0686000947821 -870.1717728873672 1.9696554374376412 8.0966243192901 2.6896756828878465 -0.013577489849559421
93.78560346068252 -807.6501321776334 518.9224849663932 1.8790400912629401 -4.50718956373329 -7.014982685004664 0.017531223359988357
65.37583892716016 544.2218322088337 234.88581759954133 -5.227311236833456 -4.204901696278399 9.742603145619345 0.02612284883463073
57.01613410371767 181.51402291546842 -163.84208927479236 7.242536929183633 11.07001902520588 12.264026270110795 0.05514390735439742
68.75299927380051 -164.17092778135526 522.7679307686574 9.341877810272006 -10.529605947275655 -3.3067353136879944 0.06105253666565699
38.431452256315595 -878.072300492726 308.09845433027226 -3.743339170946669 -2.804001082914713 -7.9913275995201944 0.07212275905317192
42.69593447152667 277.4333448779421 9.962493642539073 -5.285102983560992 -0.5564333966729188 15.495435578658862 0.09690966494530989
63.94542974205457 484.9359045878477 296.3526982727662 8.51654865693639 -5.650959645849571 9.246931928142036 -0.0018915864751916783
16.509782387853363 35.20033944470786 641.2066635265383 -4.075284224210383 -10.179435735030234 0.558820757192308 -0.04088738672415393
71.12690755209763 492.5624964480608 122.00344056248622 6.0014872461525535 -2.7573294530385537 11.132121132459636 -0.029963030198542448
15.391028930663152 68.91482569240958 -381.6486149474736 8.31270063767571 12.909815138675688 2.331143426592841 -0.03538309251921838
79.3146790432674 700.861747418813 -251.23512891972828 -1.0644860399739375 3.1949136550715123 8.912737548979814 -0.05377291170187213
65.21179590505577 -449.8991548376234 281.4494316309149 7.776404045877005 -5.9477418463157505 -9.50751264390153 -0.038431444785575856
24.15772423202694 -486.00129719113875 -650.6873482257811 -1.040338163824483 7.2630501392897875 -5.424804706721144 0.08132516454729566
63.48085208288452 -171.9212641907537 158.58575495836598 8.446661249778963 -11.453511471563017 -12.416639641633438 0.08161262725878043
32.64080690842161 -181.3634513908347 -295.15174147006326 -1.2393125808288445 11.82612849695783 -7.266863715989026 -0.031739104819965516
55.50226541167168 238.60936061374488 -254.00106976652202 -3.8073907871878703 10.086434337503908 9.475226424662642 -0.07503501537849125
97.4490354606875 25.0369725290364 97.68145606606814 2.4212437747326767 -24.921362190192795 6.387655197522885 0.0027399992488760516
22.82085102142069 43.61962091195481 562.0862828278761 7.016096989064906 -10.847900255019152 0.8418303582041557 -0.01752355573861461
95.3799173918232 67.07269276689802 162.70101612044962 9.666860623585926 -18.004595375630352 7.422305790198345 0.06764988784037348
13.135427250190478 -246.64347985317852 136.1630716215205 -5.59254004356297 -7.438853606038201 -13.474613326963516 0.0683488619874569
54.19285704172593 -436.5725223697682 358.4233798032963 5.944404479030192 -6.897504225687817 -8.401407351041813 -0.07855209471647606
32.732860506057314 90.08780202418579 -167.05415737668358 -7.900682893509057 16.505402265746163 8.900918330893486 0.023018123599971616
14.779552131126156 335.947602276618 136.0187950290942 2.205270831971852 -5.092718941336402 12.57831108594018 -0.020341880681580313
77.29548590115316 -26.4417720764633 -812.4083421129366 2.589231069380954 9.056717276440754 -0.29477251964422013 0.0056135344102767465
7.22424195294249 -902.2047843960394 189.87331151991134 2.155084277580144 -1.7522371322817822 -8.325955404086576 -0.04715343059345492
75.79944550859506 -193.2485148236155 804.68074653602 3.556274786858264 -8.732266457594779 -2.0971019018891455 0.0975952362599099
94.49160328951942 716.2569798917253 -673.1363447150168 3.2018406764060323 5.64322025255628 6.004720925700462 -0.02134047804022661
41.877261748838585 383.47857167212936 -349.827884242273 0.15692003521620101 7.642163728325653 8.377279693900237 0.08609943076463117
9.360942660544657 266.7704611701558 -441.54110224812234 -4.379131829876679 9.735532573158956 5.882017554096761 0.0882062630427029
67.16795205898356 350.9128479734523 2.2765768059293765 2.7323500718923484 -0.08946899435186541 13.79080184405066 -0.09036554374560507
36.24546637194975 -725.021414392333 237.0275503114918 5.971943344725313 -2.9066990355055298 -8.891029937935764 -0.016602285824275226
22.659228427046905 152.45966471145883 -55.955412573232124 -9.73953404399219 6.984754352345199 19.031104546977712 -0.09730804204453745
79.28584305037232 -343.3218561078154 186.6458923567238 4.434498271842555 -6.24206048200374 -11.481826701671679 -0.04104249546345116
91.44083931776188 329.2108989894741 390.9291709793143 -8.45664619793293 -8.741063722375115 7.361060928143576 -0.07950540476501684
57.981021405239424 -505.57401526858376 184.4782377853761 -6.249131926303471 -3.817307360492122 -10.461566810951563 -0.035700830081296916
25.96585090532651 -741.8106955642016 448.3756158869355 -7.418915117941025 -4.5391495112960305 -7.509751951126398 -0.007102042164502165
9.868221169987166 229.47033080866976 -306.86944361044453 3.3237147612811775 10.56952371894582 7.903661165285303 0.05829465051450489
25.03012046250371 496.746189327235 -35.175647530135535 0.9430683761761962 0.8177375627644071 11.547989779717774 -0.08114355321032501
94.19629290017227 234.43451765448094 293.0320587703676 5.954333446859945 -10.413645463765553 8.331231611882343 0.05113635179703466
62.814331159429216 656.3706564634383 -110.95825699812535 -6.23131033793598 1.6690181344443056 9.873032960251894 -0.057598168886287375
2.9866131971358723 200.57501537696066 102.5877988035373 9.593790752512511 -7.837761779522993 15.324036657218668 0.062218152954912426
46.86418227183931 -891.0418527895639 -359.1642944301291 -5.774356740670483 3.116095597274973 -7.730644826125504 0.06110448291069756
86.91094330926016 -110.52647698867315 -445.4603855563124 -1.321952114452202 11.704132187936038 -2.9039989612696324 -0.033552013456069105
85.62129239912714 23.61263925410579 -115.8019353816851 4.813992856003805 23.285002498782916 4.7479376076271596 0.04030514099577204
16.189187600388458 87.6942855139982 -204.73673303239246 -0.7584765807441851 15.912509147091688 6.8157584607369275 0.07348227088268383
21.512560995845046 -837.9518043008477 417.84816523702943 -4.536717130266233 -3.7675645178782817 -7.5554657127310625 0.049429191372065
88.71571477101104 175.75887851859582 322.37836303912354 -1.1029285735896757 -11.837375925490576 6.453671076600009 0.004643696582749657
32.51870845778004 218.7233882584091 505.2095561542406 -5.952274476162305 -10.104389903735319 4.374553824461538 0.04537343019306045
79.09063921490157 -175.83691324739902 197.33716676917007 -6.620141138517672 -11.864177133401618 -10.571552837778126 0.04170365269638038
98.40560364204957 -286.8705543503148 -632.0349571002121 1.5272022878409608 8.929331480719142 -4.052880688125405 0.06316570710136249
14.040939957716327 286.11572076136713 647.6706840279917 -7.436791491999171 -8.880923835621486 3.9232467779039206 0.06522235745995503
32.73508294899819 161.45955034002696 702.7075624624791 2.350039926004822 -9.37687735969884 2.154504210521276 0.09109830673863856
25.535725037969755 258.68386018425895 -215.21575340829696 8.800918489940173 9.007223638900566 10.826453656639615 -0.08943848814877
7.325220555838202 -107.33785793444099 130.9974364510399 -9.438247481683694 -15.355412624136749 -12.582056133520835 -0.055780791087547923
6.943955755062233 -210.54977830615846 10.625682097433492 7.908195183901668 -0.8968069982428702 -17.77038997892245 -0.07865434107053422
54.543577926038274 121.98884920609393 748.2870581942564 -4.652282441994256 -9.260301765363952 1.5096526704390079 0.030245132490263005
86.83534192239684 311.4710604638802 -236.60305172157513 5.095770161978102 7.901595528155392 10.401887552183213 0.060586666954668855
29.15690754725875 413.61502937924365 -822.7241682076425 1.7742776300427376 7.6063883133264945 3.8240234665045647 -0.03498890733178882
32.30809741935733 -16.66878554444796 103.6839491925819 7.162177979546449 -24.890615140972503 -4.001548253950419 -0.06915519478357467
58.99117908849255 -143.47608978201873 -137.70480671809065 -0.5328656051438063 12.685528055476018 -13.217185409844427 0.0171275997163286
93.66965362386894 367.73444111066726 168.3030414701318 6.93410232744348 -5.346233061513878 11.681274501935107 0.03531555353847382
42.51483522940856 188.22260884463518 -592.6744663735135 -1.6923864680198601 9.874070454516858 3.135824818364324 -0.09887085582853355
6.555845742762404 251.49558760340247 143.4056038048592 -2.516647905751965 -7.521022771537694 13.189889314788065 0.04137126767792393
6.090163030767819 -561.100490138995 -15.700541479727486 5.489374687064055 0.3050012286065405 -10.900027816562664 -0.05805945170631846
56.10691917262149 -136.50947997351363 12.999464855735885 3.6495779749757773 -2.09143176186884 -21.962462715288666 -0.06921331759938565
27.791419610110623 -625.8889366678368 384.7120627567471 6.3325084025142 -4.991142986349599 -8.120101964306537 0.029295139421134597
39.90642501255461 147.53844561212617 -157.41390812602646 -1.2307682776564182 12.833025908212058 12.027937794936852 0.09700566850309361
32.82227286155286 -142.17580772170885 -660.0885437772449 7.269590833767591 9.719206863031065 -2.0934101935150924 0.05032641755646236
90.74837907547087 108.59165773207681 199.54283908200728 -8.108273414035875 -15.055383267019609 8.19317312652613 0.047711021300855666
71.00919980595307 31.015967046126363 -577.6553447588162 8.198497587596048 10.725826969834596 0.5759003164382406 -0.09804480670159438
96.69085981194223 584.270010499948 -50.96164294832616 2.4329600278726105 0.9269519999129409 10.627409623964454 0.03299398606283846
17.998041806791903 -83.16888669803325 905.4712422147232 -6.165040175658851 -8.53157179958892 -0.783637619037581 0.06901494597283764
30.01739044580625 -410.8129263459731 -430.54880788363243 4.15266250359706 7.6620404792917265 -7.310821011330912 -0.07049851531941749
18.70513899463777 -79.07374567331141 84.54286232534984 2.326542982751638 -17.536684782390044 -16.402228577254434 0.047228949193539926
16.31340456329153 580.2825733038403 693.3881069892657 -7.617595357236344 -6.588817522025648 5.514048983781698 0.060400720066266816
10.83155118046317 118.40623336508355 83.59979744632477 -2.13677395612873 -12.376693519247242 17.529679567334068 -0.0825849772945758
70.74062488764132 -330.2225052732408 522.984180143328 -2.7997275217165924 -8.783493684197149 -5.546070798264612 -0.03478230434007294
55.038582878111235 -151.45414551121206 33.1527610447331 2.2987696411617584 -4.436659338075844 -20.268310324619794 0.07060796961467772
96.45232651352508 -480.62229502799215 326.92314493426517 4.3061198359612245 -6.026706028020958 -8.860092433127928 0.012890591220197561
6.536866902186064 295.89787395453993 292.74579499229515 0.2449741922794697 -8.905903160031368 9.001795604844327 0.009877923390894397
91.65027190718523 -42.13138863742453 348.38969343538537 8.986070101592514 -13.691190227058565 -1.6557001175239858 0.06514535204952532
40.890136336938205 709.6484673106835 -168.34744354509473 5.860728993682265 2.2080621499082578 9.307821297502471 -0.04824913303824041
20.921239046065576 428.9271691969642 -579.5692583000143 0.63745944057146 7.733595822562194 5.723473625248676 -0.09250860006055511
1.5825695971561125 538.5168783486243 -468.20947368264984 -9.220368944365358 6.345467501692588 7.29831740438097 -0.04530856362750651
4.269875780366599 -826.2493475359643 -96.99919583920601 0.7631176355791673 1.0443494717524069 -8.895878591255116 -0.08809307840084855
73.72038061188246 91.01713569449996 339.54487657514096 -6.6020032240334015 -13.309216665571535 3.5676190772083416 -0.07343694712062859
26.22776440596926 -304.2250234311453 814.0845006135042 -8.094378973906295 -8.208968378962686 -3.067708076438505 -0.04552522073574605
48.7890806693009 184.8026471710899 582.8978120263704 6.324624413163718 -9.958860066273274 3.157369379472805 0.06682830318871189
62.702222678888866 -837.9843998574369 270.52101032516265 -9.173337356910679 -2.6746055230810875 -8.2850411560289 -0.012751777216425217
6.3105216763680945 192.63550065721714 -916.4641437352378 9.461001858084032 8.26157952409313 1.7365365778051245 -0.07414856049610896
72.91392840613786 150.38771440159223 -228.32713705279963 7.887465645342239 13.048275006651103 8.594248938004714 0.06845999355451549
30.02250534238593 -158.6173730314962 -36.100070599580135 -5.0398813000099985 4.495059749268143 -19.75050345349799 0.01690761543722208
77.71300680078457 465.46319069287506 765.4893826470459 -5.967469624459463 -7.374889224950272 4.48437241256243 -0.0686360786423661
4.005528888815304 -676.0673736778094 -121.86949442450845 -7.186148482249339 1.748626636186208 -9.70045394093084 0.00720978010965137
4.235644408774229 -229.5814467798865 679.9678594903475 -9.910317542062728 -9.13682682504839 -3.0849192240411534 0.011872004556422636
40.84034661960906 -274.04970428225977 145.09940052879747 1.4342529351039914 -6.864873550570577 -12.965708745954423 -0.03994951371469738
7.653867068517933 -825.1080221731202 -525.7551758856954 -6.004312275290557 4.438405719317615 -6.965531358771091 0.013617046044408387
82.81859724474059 82.15361506530449 -474.9799197874286 7.773669316862165 11.594816974540628 2.0054661066627277 -0.007544746134327179
35.07417804171045 -355.64324339373616 -895.7428467392056 3.3591682276331287 7.7344859073961985 -3.0708787283125205 0.0954723643707025
40.63388112050804 279.8419471982594 57.2231735879978 -8.370266592865379 -3.06240794702388 14.976278826841142 -0.03312240869761998
87.56228248373516 14.730810610395476 -181.01863876281516 7.097342961957327 19.10694769133034 1.5548720822749773 -0.03234813587029543
18.080632320946126 -206.4813378408389 -95.98985383162152 -6.789084685190128 7.2173114763445225 -15.52497550276229 -0.052004069554973636
61.98841553507268 643.2932350540193 -433.05097064083355 -8.034140927487654 5.180734525573803 7.6959335017321635 -0.000907791831286392
17.44876001843652 373.99463627030883 174.2810058138954 -4.319181998138156 -5.3721175315096925 11.528181931333151 0.06498961735981731
76.08823404514719 528.3259910033382 766.8145827112274 -4.827657248910631 -6.9715437264199815 4.803309471581875 -0.04559919997953215
17.91516057896658 12.187427921353173 250.31170719191624 1.284627539431355 -16.300128735294088 0.7936370467796878 -0.047501253750661526
3.2152652851476637 -256.74636475582946 -23.017442369350796 2.1474371815942117 1.4367991007836236 -16.026669692104658 -0.07243059601393272
74.79421575982616 232.86523121385804 326.3083492869284 -7.544705844422563 -10.502975222651623 7.495296271152348 0.017277860914000215
84.24799029992164 -163.05351187592822 54.680422863148145 3.7984863013219794 -6.26362548996417 -18.677729244529097 -0.07283020424792824
49.4829557789801 -46.04327750685444 426.2460951141271 0.9759992128352621 -12.404921310849033 -1.3399846729696985 -0.07115259902442304
58.31227710332134 -144.12222883625765 432.48388685440784 0.2921839082510669 -11.479353498948315 -3.825414222714555 -0.06472774402150094
17.57394072548911 -333.7577293747306 -595.9120652235829 3.17487865784058 8.62467077468334 -4.830495474668556 -0.01373810322235984
41.59321421634658 -273.59140723110244 482.8493958562151 -5.805275975796496 -9.54126507253672 -5.40625743837034 0.08209277659079534
90.56117055812153 -638.765196253118 -601.454474717327 9.188470136859365 5.9790961476598525 -6.3500043390169845 -0.0951920331045775
98.17167242152892 226.40806357844968 926.9045178372116 5.7990440128136775 -8.124734299792866 1.984568339571497 -0.06599998361813658
70.7443375252041 4.724997792826688 -348.0678224533071 5.654660592836198 13.845572107422555 0.18795273055374256 -0.07814680646103855
48.90882656621519 683.362962685574 190.6214631015942 0.58669004958033 -2.6060969088288237 9.342652583218406 -0.05366340835719437
39.83967137467144 137.97817861235896 724.3653252471141 8.232531032289096 -9.345772267747629 1.780196525544347 0.07705018587132281
86.24991771977687 356.58897414553763 -658.9556436868621 -7.609124674933274 8.30075058335582 4.491889800952074 0.08990382275265338
64.92829289381237 75.13100500559456 -882.5445072398178 -4.398942174062883 8.649331241342155 0.7363174813933105 0.03665578748679199
62.73072063918919 -99.9892470358647 551.1439895362859 0.4933114386777149 -10.740445655304244 -1.9485453788710712 0.0011608279887129064
43.15623888031232 -268.3835263354374 878.3730692662126 0.919531909753136 -8.152511651242175 -2.49096870339952 -0.034308896442614104
20.209977194690804 -348.0340186167052 -866.2142563355944 1.991362887810567 7.8459318813337555 -3.152396976246009 0.03886933465931133
36.32332253938814 397.62694341872725 492.4248430537672 1.0149383841074116 -7.989474540472566 6.451401438946031 0.06386125173384052
58.14177073530059 -544.9327706270105 639.6114312190782 9.39273675067152 -6.784071341256903 -5.779857287847913 0.05647144678191371
99.85665707400716 2.197661273139705 -250.2863564447392 -0.10529211504619163 16.328983947360612 0.14337807366162814 0.04804180418110457
8.451540948328871 400.05378404386477 821.1543900344633 3.870222839698556 -7.68460118964913 3.743819459648867 0.07149632562377828
24.042994756626452 -438.1934315282655 -101.83063409467488 3.410859961864885 2.7570894088348825 -11.864194697681574 -0.09830665902677574
26.431925751672484 177.12020330879685 -68.51487545842511 8.050217176866543 6.7634076444152225 17.48432189395139 0.003918692590466691
37.208642014788374 -234.2965363731048 337.79941646302655 -5.361058433894739 -10.469847204554863 -7.261850722146923 -0.07734315818236036
32.68664989770786 -440.25000790673374 813.101067188993 -4.421711102920371 -7.471203302964406 -4.045250271991551 -0.0978440098760085
48.45503870000666 79.35388168105001 536.0908609276096 4.858113998416513 -10.978016955967789 1.625001137137578 0.01759187727830172
93.7789222224649 182.79040448777022 247.47292859166555 -5.567774373281209 -11.84737846496731 8.750804033617461 0.06136097425111417
48.02547089543189 37.213445018276076 -541.9101383796273 -5.5538843493932095 11.058770252373927 0.7594154632112997 -0.09207505575932975
95.6704304736005 782.1272765358523 75.45433117165547 1.4954724302639093 -0.8850206365641405 9.173744825584818 0.0829812445400479
66.54965751843407 -169.3392930740857 96.82616112892313 -4.734978880502469 -9.181637645359611 -16.057767962703714 0.023143841951362126
1.8267434389321844 -157.27570020987258 -528.7792198159602 0.22986790162785375 10.5427676853563 -3.135753274195481 -0.07253479052807117
47.30957257271172 -310.57585606546576 -9.473945577618009 8.428878799295056 0.446868005672197 -14.649272815941636 -0.055653384536895084
73.1582748737317 -346.0885909439334 141.51884511952616 -5.643468501265863 -5.056795040096393 -12.366544318822744 -0.0027591561948653587
83.1497044357831 -585.5113021827143 601.9455269388179 -8.014675483830063 -6.390626306829534 -6.216150404345787 -0.05332284453247214
50.391376416386095 118.50496725084676 -522.6573677820458 -5.14906947798683 10.883424354961559 2.4676584054194834 -0.03572435796503973
75.90869386981251 317.3907718283554 471.95788415913887 2.363257509996588 -8.989165515496696 6.045196566934152 0.06607345829673192
85.54284809513543 471.11106577911573 113.021441800939 6.582290653105009 -2.738116048254444 11.413380940512251 0.037811248610762516
81.08685005573955 -255.33706334018535 130.79029744682992 1.9375813882866098 -6.953703577455267 -13.575458466461377 0.08927161117531696
15.062234886898807 826.4988590385548 -194.47102798113522 0.5287496870634669 2.030685941876097 8.630383823491885 0.01619181241499265
54.70872267395978 -88.56662775880864 -494.8833195106026 2.6498498702742275 11.341819535620203 -2.029784939836384 0.0018123637126641334
38.850203991280345 -90.36381880941734 306.3859731499932 0.26742089161691673 -13.864376306144115 -4.089084025464347 0.00572378543072645
72.2886490628866 343.71169898803237 25.28173803965251 6.294098645979801 -1.0208473454119333 13.878680925679785 0.0798677044788342
81.16572065031846 -634.7422347230138 149.16075842586383 -9.616496609165011 -2.314479743518462 -9.849092081093367 0.005898470451181831
84.88847536621819 -130.75851862548132 -178.64714017842965 -4.461742685298127 14.010969402766753 -10.255152149555276 -0.03055838990964531
60.041474198215 -38.3528773174813 108.80523915692423 -7.920088998184096 -22.684582719956286 -7.996113282761649 0.04060709167166515
97.95032276264516 -145.60083944058076 333.1390739067202 2.21898719626385 -12.415123737836092 -5.42611953857374 -0.09238466580642252
68.6959067963641 107.47783219131509 283.81136267541285 8.654941628696037 -13.868726874131555 5.25201206052426 -0.03447808196774496
35.928464584165134 -65.5555718492611 735.0812397167664 4.0957761028271165 -9.472287627914648 -0.8447518432219653 0.028582031291542742
79.90262313583328 -131.08841357381525 -615.8089038330559 7.118031233772516 10.070352325357845 -2.1436950687845506 0.05187901740091816
22.54071046938899 -825.4290759280336 -194.93176512137103 -5.467116508307408 2.038865815630413 -8.633478104962595 -0.08426869229590704
91.78550428973767 945.9998805760306 -151.0739374907853 5.807793770192699 1.3162942403248445 8.242415699439695 -0.09288142474207417
94.72768520434222 -100.05853936466127 -1.331142484688587 6.649182374198528 0.3435488704466201 -25.823680464461983 -0.015014120059883854
42.12101220949725 733.3595917849874 -358.6954842379469 9.16673342957084 3.9727299555588886 8.122320314877387 0.02526573432672327
30.08357500595041 737.515498171735 579.7881361817743 0.0555157501280199 -5.212899074867264 6.631032299899207 -0.037072456669183046
63.471217484858315 73.93879654975728 -527.6526894641015 -2.56947105558635 11.083960757477874 1.5531707423778929 -0.04353069690830236
28.487253039101915 -161.22037650769093 518.6304976832789 -7.7421168269819685 -10.585904353428482 -3.290711774872102 -0.08873686922980764
75.12615263379945 534.3939548118273 405.01926895160574 5.123141214120423 -6.026236023065439 7.951187382593961 0.03914882237036149
43.40471364201176 -372.0686042449527 -205.68053814291 3.439110645805849 6.061864162591342 -10.965691545063699 -0.03986924534142566
53.392778692004356 -132.35543123392193 848.0984479670844 5.252857848330265 -8.712480274043696 -1.3596818701321882 0.08582097473979389
91.87127675674006 -456.19585662000867 -85.45600926159904 -3.5364015743618626 2.2079279697885017 -11.786737998138234 -0.05589175429353069
34.60624214079335 -752.4880376610496 552.9668818877118 6.770253617848205 -5.006228323272646 -6.81257241699978 0.042784080307940286
77.43679625194788 -259.6594799058263 -649.3002708360857 4.862788155270712 9.071049804280694 -3.6275729122158085 -0.06989124680340064
60.50161229565309 402.0240484570751 -423.5839246664181 2.3428938520505085 7.754110135962909 7.359435916971647 0.003025729115910411
95.73846678368191 -619.5196203134625 364.232487525967 4.433312486506324 -4.884249064109147 -8.307573402544332 -0.06839622615460231
22.410240410654854 738.24814490258 180.45049842010656 3.1637720050470044 -2.2251328814973457 9.103328814879633 -0.01971425550742409
71.1325563697276 -625.5861541837063 -387.60340432516125 -2.4722136161967834 5.015737500089412 -8.095326042192463 -0.011317198319637317
60.647108891951504 126.8914746266457 542.2118976911516 -9.20786771580875 -10.659838726383887 2.4946753493106724 0.014552351739967648
45.577505990829486 -402.2638218176464 25.65161762768988 -0.5417045411919261 -0.8188971098252794 -12.841789779298525 0.023565789356431943
1.4608246800204454 254.95868617636668 288.6244278544584 0.09435150684898375 -9.866486606457254 8.71563949406094 0.06356192400395963
48.178807264692665 -34.77145365004318 -211.16616716796656 -0.036956430116209305 17.42515454969665 -2.8692946502536576 0.02299267669140974
4.150654352586912 46.15770234397221 102.32088615470884 7.4969815315506025 -22.227301078836124 10.026898570400576 0.03963432715046819
75.52668701827032 -256.9339459889576 504.0968490471645 2.1995187191887453 -9.676613630252046 -4.932088999426717 -0.07202729262731136
59.41633534782884 -157.8495286390124 16.9570006249147 4.258819569829635 -2.190027758466174 -20.386556386175602 0.01248092237331469
89.05900297760691 -33.052267887449375 462.45023513119435 -8.211257217682126 -11.967700986977743 -0.8553561636881053 -0.040196021311192154
75.58047765370871 -113.80292511873607 -564.2284792443672 -5.294019161039638 10.555698762259901 -2.12904778827573 0.021156222349782497
6.061352232702643 -620.502314777069 -540.9762640453589 -4.453309202936664 5.9171600986834 -6.787010414622754 0.056685426860442534
58.78123070556234 478.0939393752907 -463.2210228723357 0.6940628025172746 6.967546449779293 7.1912576620542765 -0.06148046143739705
27.71293200155542 -432.3770666380241 674.97619150028 -9.861239223300915 -7.683600507939977 -4.921970123801235 0.07149723670622063
29.88747463768896 -249.36597979713906 -682.1490234848068 -5.975198692450561 9.003444249003067 -3.2912935728208548 0.09714614393181051
67.13861914961375 160.99548340854633 33.94616690475693 -5.9319759627850015 -4.155322125622053 19.707323545828807 0.09262272456121806
59.96340711761413 -701.3476060097543 -639.9006219612932 -0.15005795099219554 5.651207111002848 -6.193868926426661 -0.04052645024237059
62.16392599107569 -453.0947653343365 -260.05293049613016 6.855976187089528 5.626460004068497 -9.803079589769832 -0.012915217462421219
60.936923486178465 -685.7444333117123 -385.82734802267834 2.040069475339406 4.5161771402523945 -8.026759506937944 -0.041767134297355124
90.72513104567244 -147.56447998972266 113.82854747011993 1.7854768128770981 -11.558585899831217 -14.984261467211155 -0.027277750276459872
7.214187821508965 -302.47153287194357 845.1575422890004 0.4706961888782075 -8.118542144470188 -2.9055267973739216 0.08208366301873968
76.38717731510638 183.25262190937724 -341.6260628256465 1.5524102229593861 11.562627433573043 6.202342338397507 0.012092699635760623
19.84386464244745 -740.5924505878709 -539.0546446363163 -5.461982760637428 5.023333609170471 -6.901420820232255 0.02921494827344781
34.56412489222421 -692.8605207020621 -115.7279849742546 -0.817664538782676 1.6058677176551253 -9.614289432937815 -0.07692345919224941
16.04349111240292 -119.26129091990192 -58.94521148094626 -7.083017819769295 9.924578016475333 -20.07996843751636 0.01192309356579109
50.603879463374824 786.1775549793358 -362.73957238391046 1.303300294066032 3.6783381705993587 7.972184811113913 0.02653150155976186
83.97658429673913 469.2754436730304 301.93236891747085 -6.289641478174515 -5.917547919578248 9.197291219132405 0.002983717681227044
70.36584374347304 27.132410554202657 126.05461897503126 -0.7934126148749527 -22.24190972159494 4.7874217619535315 -0.058399463396966604
28.261194728515168 305.2977047706381 -540.2619051141426 7.119098545951864 9.028920991235301 5.102171426647595 0.07372230244881786
15.189331457031543 46.49055221132191 668.3139176880572 -2.1431853702337245 -9.957268106818995 0.6926668449515536 0.08919237696287277
26.725141537849037 137.46229745425805 -0.23797601502620758 6.974514755718239 0.038146937365185665 22.03484939641763 0.03096290046306774
86.2283041876504 72.21699111908833 429.7539171003815 -1.1372922797385794 -12.204573193908711 2.0508889364024054 -0.06164312730523036
66.632683115498 59.78404841779268 480.13101433929745 -0.36763956839918066 -11.654983648193525 1.4512332799226004 0.018228629542700256
2.534648945003163 378.5981569530794 219.45894250038478 -8.533781204432842 -6.193435443177536 10.68456458087044 0.09218381450417587
15.500617513197975 -68.38644643960238 107.36606607085048 -1.5751653625729851 -19.312995736538934 -12.301346196791197 0.023562674322477675
11.159088229802718 787.3676033884915 413.52522357567136 5.695611292227721 -4.028030429315813 7.669521675322775 0.09709887597433128
95.97754006304602 -262.3402339153055 152.84242587173455 -6.787173358684648 -7.463764529214396 -12.810878401825798 0.04505974679232369
14.747931167193514 -5.008297782948135 -102.49130736280158 9.993694229384712 25.473141108657465 -1.2447599647413345 0.04613061832663995
39.01027814941402 752.1021136054958 -52.27308759183463 -4.7874360875884765 0.6523732672211783 9.386308246567278 0.07589812216181716
60.904806582651446 -542.0064370302531 814.8772604683973 -7.004280643268272 -6.876070503487068 -4.5735408940256965 -0.08580227477532082
91.20564333036276 -350.7048307189636 -192.33467969988467 -9.655988372646346 6.211520779084499 -11.326144337231868 0.0334032268427768
70.74999999404157 -155.68928807068747 -159.96002913386042 2.8579284839225068 12.391387272295528 -12.060552083404774 -0.043833796213365875
13.964670633513867 -397.40514216145874 -591.3909247484457 3.4534133955776642 8.033203693523724 -5.398183032982264 0.08265427878982098
15.813578091343393 443.8920744547017 -656.5606043924626 -1.231672212814324 7.6023850731034 5.139873544538958 -0.017753101527519147
18.843932519475914 -132.2071357439031 66.15214268314261 -5.408345523824634 -9.507934088351723 -19.00190502798517 0.014987171186979273
60.12068084671063 177.17056904289214 -522.9298141801585 9.194799657183093 10.413265867782647 3.5280532671146743 0.008653809699829693
89.62354039933996 -263.84843621820255 443.53706717597015 0.655026115268571 -9.773589789032789 -5.814049316088828 0.012054897005632073
90.19030477250615 368.55888726465713 -103.47755964163153 -6.750793304787299 3.569230998820997 12.712628804465362 -0.06117978986689017
77.43408133099284 -232.17167983461232 53.13707370291574 7.829895716642277 -3.7347090101830913 -16.318054498738633 0.08322072545911927
59.0891402520639 -557.2841763961421 531.8195868591052 -9.51308706573463 -6.426252439541964 -6.733954308141383 0.07871652870412268
73.77929149016941 880.1764975820594 232.99641684690926 -6.778836597505096 -2.190972835739472 8.276705809281557 0.027479833823821798
23.083624611681035 10.965002048615812 -504.4481472867786 -2.351517692940792 11.498487980745802 0.2499383632252396 -0.07945631989589147
94.0050588285788 621.3383925421283 -515.6235144476617 8.410534191355683 5.8061111811735024 6.996499746710847 0.0934899977045045
77.86068175488359 490.54956831104215 301.63964311402304 -7.108787080438141 -5.639044033735624 9.170646762071335 -0.06163028847604821
2.0426094301012387 229.03248849371047 -398.1369846077143 -0.596774854346835 10.448922191740083 6.010852405509018 0.052161375560310586
83.48572079059416 686.4745874696404 308.60886746728124 4.5825997869325 -3.861169981067478 8.588849347254978 -0.02598902042443206
82.82682266353265 -214.2639293769459 85.00905867835509 -3.231855915371087 -6.275221386067937 -15.816591934942924 0.06470001632073794
27.63031639239347 37.260001384265365 251.58445189572154 -1.7378137105845592 -16.024844417628227 2.373301373293724 -0.05907469147556506
33.815086635077996 -583.6342989219 101.49332561528792 -8.992302217513357 -1.8185492821750364 -10.45751263861708 0.02118380009804803
74.23789628728929 363.0870772949758 -586.50234161901 -8.99770268719768 8.363585367066582 5.177660089561705 -0.0333453909233862
32.945113529786454 98.37780082609301 -182.59489343238837 0.9544193448024458 15.792307767569087 8.508521125304899 -0.029158228949259304
44.66068094747134 -198.6796695920638 -709.8285883133813 -4.0834648945627965 9.163437941830397 -2.5648288228798064 -0.09220242390926017
75.7850597669045 -282.94274649234944 -515.4228507457811 7.739780708672516 9.339544246410117 -5.126967685352915 -0.044126452237371994
52.980772888823346 232.02561098940558 100.73753510125684 1.5499064746297382 -6.46905691443881 14.899976275865587 -0.010577833855752394
84.70787453964935 706.0435194686571 -484.66932130073855 -2.3971577481301543 4.996224131365326 7.278264818363766 0.05071582519609061
91.34216701967574 -876.3543548873735 114.47210771158835 3.132041457238234 -1.1255692538466247 -8.616924568393921 0.03797209655379394
96.61028554852757 -774.742327362024 -524.5883881303251 -8.645631473378486 4.735432917455949 -6.993559908202018 0.07994280703277995
50.53682559401566 81.95039826502932 -94.12759053961638 0.18791707125237522 17.441368013181304 15.184995672077429 0.04450483882761097
28.27386931437879 326.48908719728627 -48.00452736492476 8.069397996254647 2.068785530820149 14.070254133112062 -0.09848372135639401
99.33867710132014 433.82588867856833 228.33583301027355 2.007053316774174 -5.434435902460552 10.325137994199935 0.03575179213264537
9.308058123785582 920.7941390708249 38.804809687205655 -9.723574092608793 -0.3583163528542655 8.502440813418666 0.048812230529759776
29.6258182295188 -217.180624926756 36.15879550780182 6.618691226940495 -2.859428518684577 -17.17458958187121 0.08886612860073476
81.91589935329061 -204.06738429299355 -70.86002480690219 2.4646665735242284 5.765848393528315 -16.60487140815497 0.048979139433317664
7.731322096242324 -485.08193793637673 528.4476361074497 -0.8482029378973266 -7.106028157308742 -6.522890205297279 0.08003084815981962
27.304218146482985 -275.1748393883629 84.22089133908311 7.2965891117932316 -4.457008825851695 -14.56238076213654 -0.07516281392806644
26.268027383078863 -804.2321281806722 -576.8905543208773 7.427079515020228 4.786437126066667 -6.672680784020021 -0.014906277709537077
89.17190960876276 72.96636443290198 78.09312278836859 -1.0266853655577144 -18.259596608228325 17.060866987281123 -0.00737328722324955
14.499122707610276 -717.9198027564437 122.15738306252491 -0.4611981643952241 -1.6058765493931075 -9.437747819150674 -0.04023903597945418
6.001358878431395 -420.3867193590224 -888.9494681501847 -6.921992770376486 7.447745899569598 -3.5220601142321786 -0.05167036036768864
94.85005733643834 6.713522828693876 -175.81774312825704 9.664215398402778 19.462424306999853 0.7431640718505532 -0.04762355690464857
90.66680274141538 233.27150060146957 647.7551127308903 -3.4398432994972827 -9.263570030287367 3.336024431797409 -0.05890691766020622
30.034553900495325 -192.08751434013976 -694.7587428075601 9.979553818622595 9.274552672158059 -2.5642365610431823 -0.0009451822420272482
14.279013091058204 360.33380627552873 564.9134847558873 6.259078038149351 -8.414406369409766 5.367184810517794 -0.030399071588345233
56.10753956061462 -375.6678580445826 738.4573456995488 5.703780755535377 -7.999699745531204 -4.069605490289507 -0.04049374667052211
37.02742222668258 -7.5122086238673385 366.36815556560896 -1.3506339297940446 -13.492955461077061 -0.2766667758546749 -0.09847593350403823
51.67212370366082 -344.4632529217178 259.87628120966457 8.109942845817603 -7.490333711415746 -9.92835784663952 -0.08088749891842534
55.869902062915386 320.7928824564194 640.2684276658903 -6.451859211293858 -8.631197974271558 4.324478230657706 -0.09827593543682672
12.98600213274826 201.6860013595002 349.68073136070194 1.4034726210123942 -11.138483871094202 6.424363917412983 0.0645685042830555
92.70154399592448 11.535481745740428 362.8699321688358 9.972066956614817 -13.551843266330964 0.4308073685949831 0.03449885594037655
12.370439227804557 667.3348312297298 305.3065014651186 3.69229665568594 -3.9675343926047537 8.6721831391774 0.042244189196411375
90.13366756435323 405.9753650308715 304.91590931185027 -2.002009740278501 -6.885472762635512 9.16755155390128 0.005017890028340077
99.32343197527724 -490.8178468154686 752.8499014216454 5.749965798271781 -7.219044070360659 -4.706430405303261 0.07507098993694547
73.58634353490218 646.2878962967186 -291.86473529239316 -2.6573226092919233 3.992920863830021 8.841686278332777 0.008972632717879736
94.12359048355027 -133.825424710808 666.68562526772 -7.710572274203635 -9.713492296014948 -1.9498128993217128 -0.006321009329202251
59.03433163870572 597.790710251675 -662.1500426394628 6.547831302223052 6.420336497410116 5.796295805618977 -0.029957715578056848
98.54918568438706 -363.5013644835786 212.6488560553266 -2.3851067550402183 -6.356783435477358 -10.866267965821722 -0.04893545057436399
16.281259822863472 455.6715470448865 -133.18969897000002 -5.2681924365537665 3.3265393879869354 11.380830206480018 0.006464018103786495
59.47657757473846 -139.8038101673017 -1.0996913418954923 7.382483215049792 0.17186007748053903 -21.848579444131317 -0.08293722142769769
70.86144952504272 594.3836426175975 -47.53597046073442 -8.306674182104413 0.8434284842312874 10.546120966625287 -0.03998506682059897
49.38759432259004 514.534476458658 -296.9499995260837 -9.09359480055545 5.298151171564032 9.180270899512392 -0.035127233717368075
73.08921331024428 365.50011108103286 253.11730506740878 5.866638846224863 -6.975699223948771 10.072874474315972 0.09688680940447836
37.425229131392285 293.23981294183824 -873.0795678784857 1.1283853389068437 8.06976518792136 2.710378894721732 0.07162633215152964
66.63254596821763 -225.60968489492416 922.9094669304104 5.269936892205278 -8.14175879423708 -1.9902923329713869 0.0581643236261655
24.11775338443072 380.83018573435527 -885.8948801919931 -3.7490206377441897 7.64325599162843 3.285697506544171 0.02187068328631607
11.629491615563794 -545.9726151536204 -177.68317391995197 0.862131868604493 3.3365837986066706 -10.252424818937392 0.06456438784727211
62.776529286361786 -544.9766378699435 216.18923494632062 -9.011874372937182 -3.934294905035208 -9.917694608000774 0.04475467447909215
47.233696994845275 -373.6167261153218 842.9291844234365 -3.304799038591481 -7.778290058245179 -3.447619705236201 -0.09132829219108479
8.435530432245965 140.8629479606667 591.227188949173 1.591780710382464 -10.193930811543 2.428756952083381 -0.060548433461262575
74.89777563910023 199.44138662898467 -304.67205342589904 3.9904879533039157 11.327213994895533 7.414908063875501 0.034924759889100265
25.175138047147232 -689.518070586589 100.06165851068386 8.997189671536798 -1.4056068135766215 -9.685940774180073 0.03059730910746028
13.057385984866013 -372.3907495118379 -57.33228315893911 -4.610993832144519 2.025225261930477 -13.154458738889582 0.0678331221852051
75.48892490434616 -538.0027923104548 -458.6278575836154 -1.6352318940471289 6.303400345952746 -7.3943327495211815 -0.028436863984548075
77.20956690846465 465.1123751959736 580.1224960944766 -6.931485166732205 -7.3918703116157 5.926421369489991 0.05844246155204977
80.64486552367477 454.53288295317753 430.97054109627186 -0.6139944177272767 -7.102431197078499 7.490740596266254 0.023698863366095793
17.69614458987012 -78.45949471302144 -612.2114113050008 1.1007557710843567 10.314444808644968 -1.3218736419933519 0.03418736507996714
48.86288211334599 172.40118557130307 -403.4960976557514 1.4319506275279164 11.341388948876482 4.845818614284955 0.05866625206507897
75.27673772331975 -596.8627759820329 -110.02494151156083 -5.225559776463071 1.901069166016869 -10.312910910690654 -0.04355879084809087
27.40347721537075 223.18589460565744 34.33668875915868 -5.715403916446718 -2.614215799689405 16.992206092973884 0.0425070294432876
48.10146275638454 -48.96216823124857 135.3416308878849 -9.427925950355736 -20.250047780161992 -7.325803890485451 0.08710769208759225
78.47434930682068 -568.9247585998818 761.5504339987613 -2.100476196987449 -6.712850096438029 -5.014909650277227 -0.09340587097510399
71.78650731157354 358.8636045513262 904.977446352971 1.5575051405183302 -7.696873331597394 3.0521508781056355 -0.028503758922596698
16.41102562544758 77.83782399554059 -654.4198258239508 -3.4041821683992506 9.993069595424863 1.1885929515728326 0.07963805613764136
15.94768526288956 -483.6945364784877 703.2442295457088 -6.006413797174641 -7.285865105638857 -5.0112507107144575 -0.024930899131763273
64.29626435172229 -548.9471490445071 -614.2592119895345 2.300863817318586 6.711454054864362 -5.997848298323541 0.07183399207588523
34.10952790803611 407.83325043125507 312.69068510340975 7.8024463291052655 -6.93405498564058 9.043883678618766 0.06783554210686504
22.815033292354105 -33.31491846163039 190.0881420194893 -4.856687437793821 -18.317703418357254 -3.2103675132156972 -0.08433415468297763
90.54943384048563 762.7225173497139 219.96968395236718 -9.763306575366936 -2.5409252336828505 8.810399941528571 0.0005134624069354637
3.185524506224184 -810.4089617712752 -498.0524013619475 5.308772977722363 4.38587913947996 -7.136509632642463 -0.08656285584621376
49.0572463075864 -312.21151542212976 -238.05707606231357 -6.670364974118874 7.905552420084026 -10.368120713527727 -0.015990183071643266
16.489041529979414 -70.92379851657057 -318.3566645580759 8.99640114580982 13.962664214641633 -3.110615525792209 -0.0904447803550216
19.885928675423198 -227.89612774820182 -854.3860256418997 4.692892068930696 8.39437829833336 -2.239088949993584 0.09657641552400092
6.990780881999944 -511.5636640692135 -144.16839801215755 7.3723688480077705 3.0396946170120764 -10.785979017392087 0.038076211973984864
33.723878760299534 -670.535678965181 -202.20079687031998 -3.0527017084928083 2.8184108474041087 -9.346377761206272 0.02759369882320606
60.18241090386836 -715.4893607279547 532.2697818339276 -5.369186279802114 -5.163718859322013 -6.941190410820525 -0.0718606260054556
28.312996433539464 605.355890743557 -148.4856856718971 -9.41550023711546 2.465136865333303 10.050026816834482 -0.04129760289337492
21.96062257002966 70.20486873067372 213.46066437437702 -3.8817697314103894 -16.371547529326488 5.3844222240335 0.09602722645918269
48.870694004642225 558.6744906510645 -730.6340779423253 8.247798334392847 6.767010163182448 5.174349336118647 0.023015473146248605
62.64703504597475 383.8201112813686 286.49843259143273 -6.699915266161025 -7.061242812932329 9.45990167460866 0.05387170268604863
61.36975094435528 205.22026195856506 780.0411284526596 7.718231491385435 -8.797212323657936 2.314450035663428 -0.06624037711180633
10.986115433977844 -583.564016834449 33.70961027599068 -9.665982258517802 -0.6162242418269402 -10.667767763764925 -0.0074126332600019385
46.41161934867027 244.59688147814637 320.3449299398978 -3.8140908908012205 -10.227839878765888 7.809387646850912 0.019522310414192473
28.470963434871173 411.8965941033432 -433.85993841691624 2.7174955133172745 7.660150125162655 7.272369415778663 0.04345881465360049
48.42452281096252 348.21404800090085 -582.2526259304428 -6.1821977235920045 8.512438881003012 5.090832860354367 -0.0008070719399097676
80.88475563698103 -174.39766673243946 285.66950844365687 0.7544845897183432 -12.052867421078613 -7.358125013493083 0.010048667354342913
87.6369629914493 725.6652674709132 155.41307428106344 1.5790132789751965 -1.9859965696130635 9.27314988492047 -0.06483190109594601
78.92682060769717 -225.4007838371215 -306.23902264616555 3.567295161957052 10.670002881213945 -7.853430931788148 0.07978529228287648
94.54055197148152 196.64360058895315 -188.44142472863945 8.874228694256836 10.831012417633017 11.302447340833139 0.07151070434540308
44.74655927444842 -230.13962531230146 670.2741686521741 1.3182593529285782 -9.178616999858159 -3.1514916970172653 -0.0954936538331849
15.561383490367204 645.421108303749 206.98051719828055 8.351033828895137 -3.030277933380093 9.449224345869116 -0.07740860786169101
18.679000164763234 287.6521061394279 -143.45396390945385 3.859808350546226 6.430849885659296 12.895060292959167 -0.09703826521214032
62.30692698097819 -178.9584180672336 -70.8285332875443 -1.528664489571561 6.853040301510396 -17.3151863293627 0.07747783408925954
9.684232098936167 -224.68517836869992 174.82244623957374 -6.475823058860339 -9.402646124683145 -12.084462076266098 0.0347815114703621
58.504228287851646 -190.6100983462369 398.20701441624584 -1.5702276751481108 -11.090500789978742 -5.30869967066211 0.025119968679484128
3.3935058283879083 429.5807360591123 -854.317596220622 6.101761735911836 7.463984078327529 3.753151975899847 0.03267279291666264
82.75950978324768 203.85209674927313 -348.0810962710965 5.584739500001179 11.09967725867957 6.500475052111989 0.03547887204777814
2.8964006229887374 137.5017352041864 -32.17863610639538 8.194462482570394 4.953826905851691 21.16807540268667 -0.071291497079613
6.7242241071422075 -25.548774064617838 197.00926087914758 9.48027850560139 -18.17720958985709 -2.357277109025581 -0.07813362085110537
83.84318521870188 -92.95945879831096 134.57869947860814 9.778078586063263 -16.620772058591186 -11.480702231205012 -0.03822168806101487
38.36597058160158 -11.910276293776034 108.3577627123472 4.11375337416902 -24.59581442423922 -2.703479087518578 -0.08016223507894585
49.215533572538995 288.13620533075596 760.6916306137795 8.022919639353788 -8.470876196873222 3.2086144042682507 0.04555506036375745
61.812901190518005 -172.07038765580688 71.6373261869156 8.39604115379965 -7.273085596124467 -17.46970084720419 0.03988927609970447
22.62212073881122 59.934829257458816 -179.40813643264846 2.23834650547502 17.81638675441179 5.951915667500355 -0.03709278797620634
52.26185400194252 322.36367327978894 510.44074641868065 -9.15384049521505 -8.890036839755295 5.614412547123574 -0.05931682226112787
70.33302942771087 196.5712246348402 52.87819530980715 9.148178954212916 -4.70374064626352 17.48584749883112 0.0020004184287266275
25.63090925137545 -138.64894260121244 389.728155224532 -1.527929978459749 -11.96754646804805 -4.257551426762535 0.08547142833176416
14.766094889978385 -91.23001207626405 -189.14069199956523 -3.9365141496123623 16.05758359736328 -7.74520559281045 -0.03360905534534252
17.72908159990928 51.50272979350313 -377.31431277874213 -5.089816123369295 13.117114558387136 1.7904627094472103 -0.09861975454688834
76.79671810360313 367.4378041076141 -743.8455027606983 -4.6286958006642 8.041635550605532 3.972331481714701 0.03895783513821674
30.491573382956418 -709.9957368129704 -670.8155296208116 7.259220435201513 5.676947035995301 -6.008519504532123 0.09213052842450054
56.47182479246587 897.1920133665297 166.06916928065925 -5.802967725472643 -1.5566500377062131 8.40983300805476 0.038664970814695415
83.25125744606474 206.65983733978732 53.09085317759786 7.541794452682577 -4.400695438891981 17.130012971181817 -0.023030133883312848
16.560562427868575 -157.11407039726168 7.744999814220772 -9.668050953005206 -1.0141707950941374 -20.573338349563087 0.07458979200047691
97.71750453049997 194.37227204361423 -38.478734977790936 9.445105078360214 3.564109407018379 18.003815449079315 -0.010042375069378467
62.98623216315557 196.88149134527026 -573.9952149070909 -3.8259726901511364 9.920173228068581 3.4026389921416023 0.0859359629483813
51.219678867323616 695.1921944387509 540.3012882145093 6.440263040073759 -5.342827069725267 6.874482360357486 -0.028869622682679327
89.45394848151834 -296.3278119484337 45.400012139396566 -1.6303620401681655 -2.2596591912436947 -14.748891736734928 -0.023505602526718114
31.74488796649776 443.68660958562117 225.93479873015394 2.9842357373428996 -5.253792182084414 10.317300627605219 0.041175398362429616
69.80413631246164 -700.7348101375638 332.46665816005634 -2.701972741092793 -3.976398775723868 -8.380993921491743 -0.0027032880231575573
68.87964355052485 567.3069900680682 464.88997011205544 -3.1050911762117384 -6.0463127409227795 7.3783383221546615 -0.08775805571637896
63.8651596389729 136.39104385209376 -733.4918975972824 -5.341638808530316 9.298935675153961 1.7291145922706128 0.031465890595931634
63.618999264700825 142.19290366196014 31.877708968081986 4.316749526373817 -4.681667951778642 20.882929846404213 0.01218625772485546
5.307645429320881 -143.7342858273302 972.4220896832067 -2.4699382482861987 -8.151466322288805 -1.2048730717968479 0.0036409240336593846
52.18247490808967 167.34396247112116 -441.86305072096786 0.2538046279648487 11.114793209592662 4.2094344270367925 -0.003064635159902268
49.561605167861224 -214.15155595721956 -57.931730969409216 -4.844006105387589 4.529321857893242 -16.74317868753256 -0.07075687794800288
91.41586503132466 -492.78928992535134 3.306920536622155 -2.288988794921498 -0.07809443058169148 -11.637442922286201 0.030888544782930294
8.61243528548274 361.9136124646959 -793.9198627484624 -8.74024494521138 7.9582365708982294 3.627814696878247 -0.09970679529310672
15.79818085354808 8.450479622054717 -194.20826651104363 3.753859415298244 18.511980772998072 0.805501841381161 -0.03507686028486927
19.67206328513348 376.5195942412753 -425.28345031037276 -8.942418326333641 8.116143863605677 7.185530478786402 -0.026477017988709314
39.060984911120244 -591.8284904385382 -722.8046680196898 0.045625344514562016 6.539917360439721 -5.354848398566781 -0.018439147203955814
61.1060124858174 -356.56311465332743 834.5062680652937 -4.416139331554034 -7.886235570034791 -3.3695860958128256 0.09916101831615351
53.89429745751674 233.67410408799557 474.31731651275214 0.17417418143409336 -10.078402063338753 4.965160433323486 -0.018829391654762495
2.9528419665836627 -426.05698933930137 -171.76977296834494 -3.8263394877966146 4.50704983534353 -11.179266587273995 -0.0044980328246935625
79.22868719836518 -112.87205887435589 -305.27339666258126 2.186940845032277 13.431409822054345 -4.9661414875145145 0.07578250590791344
42.982903966882695 261.2491546039817 -321.3589141233015 4.616065097603803 9.850359072638726 8.00786244655142 -0.06055284745338581
23.502885151461864 -105.9214489968427 124.83928530366099 -5.507339617590878 -15.395790472119861 -13.062750489896453 0.006625624971868541
47.52571828836177 200.9688792568626 274.78166945985936 6.485875323634335 -11.301769180720042 8.26584935717793 -0.08219494526491163
53.97270824684214 127.2864250233067 -12.269222281825657 -8.667535959465166 2.1919690169409987 22.740471524553342 0.0037519635618209063
35.71758184394926 -24.78850271259057 282.61139127480845 3.953659091923246 -15.279590067708888 -1.3402083975885215 -0.04508829302678028
42.70675252742172 626.5971594142276 -617.0111277522732 -4.688137858747636 6.112566419493041 6.207532705508851 0.05673990128049625
85.45317083964332 -180.5842257511462 402.50224656282614 -4.9239634710210956 -11.222321590430269 -5.034938991879381 0.04910623332743777
36.43225642294921 -497.91114230115056 -346.57495880394214 7.788458717809235 5.992221859519859 -8.60879863130354 -0.012556497221213617
21.288439459328387 -916.0663799100931 -179.45327205139878 7.606506752200886 1.6255418136372288 -8.298005311291488 -0.08970805667398472
53.089288121960166 -682.6871767918965 -235.6234650589962 7.328291093624937 3.136393742201919 -9.087277400981623 0.028237466671290762
56.00689620530963 -865.5946866017716 360.3087043619086 1.5567720369253877 -3.242332907679014 -7.789282088123019 0.05602998230675013
9.4732313517374 308.13770368624307 226.59358217967042 -3.9693063565761584 -7.8258533142604705 10.642139315885473 -0.04491686986546444
15.551601271055311 -622.1877502785161 -524.2873510240797 1.2337044393914134 5.836215195180093 -6.926014132016732 -0.045228295525933465
75.38354806642702 109.34765028334711 -127.54926355359812 1.9030402837590579 15.132023529363904 12.972644222857111 -0.08989829246437381
92.19759826424534 -284.40117179743515 -257.42830725358607 7.032423707849954 8.851798634716125 -9.7792738144695 -0.08627708487941042
92.93803702232344 -436.18602931400864 595.6621827435954 -0.0008423663967604966 -7.671188806481885 -5.617387644462442 0.06759094584668196
25.87290051680933 439.1661805910921 -293.01653551925665 -3.598440734358215 6.240398422250135 9.352960015071103 -0.05298736801306614
83.90894422968483 -372.01251094911856 112.73124331624189 6.4486286074907575 -3.8001021580181127 -12.540317165683241 0.0728296376171664
3.7510515091123433 -348.85200731819407 -568.1266161869621 5.510074461717862 8.526472600381215 -5.235588330555722 0.015347609388594918
71.34880023659707 349.7483206493513 -128.3428066806396 6.6643212801999 4.6109693551463415 12.56540066589744 0.043503658352753466
47.27262283380717 90.90991567383254 -541.4064730407764 -7.163482944278159 10.873877890295574 1.8258801312482091 -0.051447168791858844
3.033615355624387 401.1379299589918 198.18307528909847 -9.921276904182267 -5.409917193235578 10.950092387952017 -0.07051549358657427
50.70180754715379 204.45906269518397 181.7680649942951 2.947962661227306 -10.377827693228479 11.673342746077061 0.027134207996192178
90.31204115319778 -234.87420257196305 -829.0743551625093 0.7231856360212259 8.467608342824951 -2.398847274467773 -0.04690508809640235
98.19739863719688 86.62048543656887 -464.10620977675586 3.7509098078221257 11.688023508628351 2.1814452140134293 -0.07935817521497124
54.461450438319446 631.9419068151608 223.66847415852934 5.169241801698874 -3.3292673039746727 9.406348106438738 0.01738436153166263
77.77976548083072 -271.56554418225033 411.000415731899 9.359501305600599 -9.711451537759086 -6.4167711776025085 0.05832568544918601
16.137953422099816 82.14912384387173 96.4760112285723 -5.01390936672043 -17.473993400340902 14.879069207065983 -0.04146628943030373
99.98965992746675 -206.88027293451816 455.5065489118691 5.9669836321061425 -10.51648258389543 -4.776337008687742 -0.01308778820663492
38.98034399595968 -531.8807153484285 81.73827789611444 -8.777316143030362 -1.6916242433922954 -11.007600549399498 0.013531360562525546
98.07443797513085 683.7873198462554 -101.28255530656683 -2.2194408828693524 1.4397498765893333 9.72016065730291 -0.04877226129296968
97.97630016599302 569.42247574136 152.1836536459125 -9.517657935875478 -2.747557569929803 10.280480171356203 -0.03416409154915155
29.703041316435176 227.64994792390152 122.29770490650137 -9.20336305403222 -7.605545538782013 14.15727341048855 0.07335267542181906
51.75010399449532 -251.81636889216554 -263.02936409734 4.025071468146692 9.779337881579803 -9.362442721785573 -0.03176584186152856
25.782931503630806 610.4789993022416 293.64032475430986 3.327197647631623 -4.3025254665570625 8.94496164140213 -0.05403027063222006
33.451230754838726 635.9535167051137 -231.393862327012 -4.981619387437344 3.3956257324663954 9.33240019531968 0.015864580573823922
38.88327392023139 188.35217194955018 -168.20942009852791 -2.338978211230172 10.828941609068195 12.125686366364814 -0.09204651627357961
66.51476885731658 848.347275734566 -421.1518773280233 -1.5489404279692547 3.7327143488879373 7.518993074576754 -0.005299395134325938
58.78422046295116 -444.99099094198067 12.471605796329701 -3.1718456842610987 -0.34303833688022906 -12.239720526152738 0.050941542217956465
68.12421615424229 -493.5093750597996 -25.553169872109226 0.31449019033242465 0.600941836696142 -11.606013334529658 -0.0711188552709
38.16190002540848 -529.9684500412553 -17.13634224143207 0.06736886681851395 0.36258145891482746 -11.213404301076203 0.07244806676595086
38.664128360133844 66.9116217141411 -117.7243631663405 0.6951753515301355 19.301336041948602 10.970402906249408 -0.08930532065786806
59.144155061378804 694.9204406141324 319.7186708304805 -5.670338663990265 -3.9041735159300557 8.48586656786979 0.010505249652385945
20.355955591574592 106.88069614983577 597.8553289208046 1.6632517153666662 -10.319476625433053 1.8448490667787398 -0.03523424256911219
71.74482307438191 454.7764567725605 599.8005166428566 2.5456384228956566 -7.503475233837396 5.689231312144905 0.007595381365506526
58.42787695892945 680.6699077864217 10.166244827989843 7.409233648620226 -0.1478720004282191 9.90060957597176 -0.04345071263320164
88.12897832654107 -184.4036431280075 910.4274488874731 7.530640592687327 -8.307767411902788 -1.682706929461616 -0.09778259697431574
52.877677520717015 -578.9189187598445 -561.1386688305042 6.361464571607534 6.332513958184452 -6.533166109090781 0.031074702615287386
91.23274211577542 -903.5766846468211 -277.4672214265046 1.884402802993261 2.4666975906610573 -8.032842292278467 -0.017521940207130243
40.783614380269874 -47.0500134882111 697.3583794861618 5.218646260532365 -9.749795695766123 -0.6578081406738175 -0.08465065455417105
46.47359323732646 252.5175246139663 -25.67297083048627 -2.799755903680749 1.6401826176667635 16.13272017729402 -0.07972097475180123
23.568026500726106 318.19488255972317 -118.15369838879597 6.822952079727376 4.8813215057572235 13.145686884465357 0.018248935441865677
28.969591338720214 -383.8099400962665 -308.46794837962705 -4.92752538313259 7.293389573672476 -9.074769129416778 -0.04913736444152688
21.49380825205447 -194.34851802700877 805.4852670759342 -8.615460529326793 -8.724551612268995 -2.1050709995602968 -0.05963393809904445
54.38924248393229 30.836897113887247 -454.1837363288716 -7.310803072101284 12.080614559933553 0.8202157815432068 0.06643377488877489
59.79286011965541 880.9273383324227 -139.66300621843308 -0.4573295697470172 1.3545288256852497 8.543718951883495 0.05943489439370639
92.55827503203588 -65.88928695816664 205.85288691191195 -8.21294828924924 -16.736126299237686 -5.356890762335869 0.07527620661937401
26.873971170333363 121.2280770750783 575.8574088222759 -8.735676585452975 -10.421276660021416 2.1938613809719913 -0.026023270079812907
33.761751121556344 -712.0064746584895 458.59231176510383 1.7070103940366508 -4.806977775269158 -7.463272304670026 0.08123306688009951
70.44965539966728 -297.0704262510223 -58.99186988867392 9.551712096738612 2.891401209606653 -14.560477425474575 0.09328314844818375
53.39503895947383 462.1462743097928 176.074962236023 -9.970701599230713 -4.13602035877566 10.855867154555396 -0.03370971052371263
99.17390066076459 -832.8474353573374 -130.35699177572212 9.559748252017776 1.3759591752646803 -8.790967439991295 -0.028507239168506504
7.661633929825758 41.92017543305941 -307.2666679090602 -0.23554213494261234 14.535776628246591 1.9831057838405213 -0.030541969952167958
6.431665886424191 286.41810524844726 -210.88601955073003 -1.4570821521328696 8.121972789069968 11.030982812804549 0.08235537496380166
7.557200401768954 651.3165795300877 410.4362895331968 8.494535676219613 -4.964073780787128 7.877431011557171 -0.039762664056751995
16.204927353406703 -634.9949759411699 58.287963678362395 5.547357475871511 -0.9351759127742554 -10.187901047798855 -0.07997594209214853
61.84232776849104 -792.8570019803723 -209.69590565937787 -3.8704978349057058 2.3066291776067516 -8.721329530431646 -0.08709607761979302
96.08035191924667 -719.0920854381483 591.4769074514452 -5.12271259356776 -5.378355322643537 -6.538772175995045 0.08666276769433834
99.01554538369285 -595.4540975639756 31.491744048597983 4.674483580994677 -0.5587497784118433 -10.56498632006085 0.07847714246511647
76.3652355684323 -278.53205360486464 -774.6114343099105 9.77428540885374 8.473352722749775 -3.0468183533702202 -0.016397050939531893
26.111312307881906 -90.33767842407057 -151.44441431207815 1.6615894995895797 16.708001777632546 -9.966442793897036 0.04784496148809336
77.39798865459164 474.50614852800703 -481.6153424466759 1.0659615429910012 7.077633089336268 6.973159120833385 -0.07225771501963932
96.7694575826605 -174.2849367748247 876.2360374099173 -4.6143955290132554 -8.477241021511635 -1.6861386114937063 -0.006855876531332641
21.470952090542944 -527.18569409501 -454.29524791217545 -2.992633463490229 6.392918961470692 -7.418645551510627 0.0570624342962755
73.4932656286377 143.5256246562622 -257.0605903760648 9.94155322227806 13.146196429019893 7.3399662374100245 -0.025140424362490796
31.651883778711618 578.5235390739402 565.5575967279775 -1.9700162468963143 -6.349289498635221 6.494852960347021 -0.013136042310794266
42.223960076471876 817.0470439716449 491.5632521333728 -4.248030244381074 -4.313080776801535 7.16894496039439 -0.014044826404116237
69.22155167455907 -79.76745843008703 60.78631609338987 -1.528060397894393 -15.63618044099285 -20.518736016441512 0.07460696429380906
54.71235382023792 35.34934799201765 924.8254874226126 -0.9688507100415329 -8.485890893345125 0.32435385301408154 0.028081231326319733
70.58918868101046 -734.5965723071273 -491.2667589781201 8.682393654048113 4.8310588559468775 -7.223935288384995 0.06860580309235384
85.6082548612828 -287.73114598966566 -933.6251810652112 -7.995495677502593 7.898819195350965 -2.4343134109241182 -0.061051622412698014
29.66344870305089 432.34648702631426 310.98933617724464 9.715865356605143 -6.536950829529606 9.087860573457418 -0.013073057916846847
53.551192750422324 50.659857136170665 147.84516056629639 7.498554241557983 -19.549660133195438 6.698785307648043 -0.02513699154380844
93.31493368759548 49.66183890809311 744.7120334360327 -2.805160869179659 -9.435467018406657 0.6292132019523571 -0.016158262821773975
39.65500814045833 -678.7771949717019 124.64265660503737 -0.38875359186949154 -1.7761380455895701 -9.672467141711143 0.002125927242609099
32.83530544933199 69.64571981606895 85.85352678035174 7.791726572993962 -19.081894915146925 15.47953073867362 -0.049230247008771544
62.39375089875258 -161.62075107375958 -74.84527917137676 1.2814531812714307 8.134591225550365 -17.56582055818231 0.043142366764826634
73.51918370212857 -125.0321731882581 292.65607602734 -4.312265683591652 -13.317283139898692 -5.689575540503487 0.053508854209817935
67.20383646660089 209.13143019094522 -941.5399339229743 2.425028434022691 8.120778390439149 1.803757799183478 -0.05609560568454719
42.61415923950951 -555.8637872788042 -613.1723071576565 0.9456496667586443 6.653255328393658 -6.031426503452461 0.07664544278853277
45.03405819801539 -203.90727968113512 764.0983152752541 -9.24030225477361 -8.876075366666356 -2.3686695102968325 -0.052246933139876967
94.99334724974162 13.806585598232312 192.31112023590973 -0.7455239347924127 -18.55778481261484 1.3323184026728954 -0.04044868292570376
59.07176737698058 170.36598238721433 -140.35926987884358 -6.0562459842269245 11.05676605007546 13.420537252528382 -0.029269986717705712
89.0970785934419 -134.3187758803129 -134.35031585103357 -3.8664496742790107 13.255236632275494 -13.25212484372011 -0.07791462777929901
28.418702543420377 149.48639044453896 439.797948827034 0.6057215155620561 -11.349197540335537 3.857568183916263 -0.05874231721871442
38.13816518863398 -16.43873125149715 -690.3735092817496 -7.5359782284637 9.828249601969056 -0.23402397645224093 -0.007637474418547258
99.66847711481766 -235.7479916824543 -74.8017604994881 -6.548896439747702 4.968187072998743 -15.657921911746984 0.08907281283508706
67.86595226290956 5.697985912581188 -186.75213441860333 -8.685457858399502 18.89152408411594 0.5763984354641888 0.04309629585137026
21.22187182470921 73.93422599274112 -292.52302555827936 -3.31075250516289 14.419595510772353 3.644505013520582 -0.06299939915375914
6.417132970045673 166.11603368423658 800.9736263249235 8.486232463922843 -8.84457291322343 1.8342993123467748 -0.03976740648728097
1.8984934902354627 340.5755663156625 44.566492456759995 -3.569418258245898 -1.808676317417997 13.821840740193268 -0.020009002086089606
37.28101128519716 339.44993237889383 618.0319256621495 -9.007354006263943 -8.527508637033648 4.68367750921639 0.0007907671614579836
66.67265189205091 76.7075767506032 94.75366358349366 2.9471033664576662 -18.185873072595612 14.722325256201147 -0.04117046951505983
5.44247866636845 -157.35435101138623 721.9058462404606 -8.771909946301761 -9.286318236502414 -2.0241456514030096 -0.045469195097400064
7.703878448124484 -899.4667683177611 232.67700502218054 1.8694611427805405 -2.1226610762161 -8.205637244969656 0.03650098701947188
73.46316706046659 274.16408986875257 830.6128431217518 -6.729725809403526 -8.295065426503225 2.7379892833244543 0.07406167481574041
46.731636824175624 -55.8601613065831 490.58791448960955 8.278208261305753 -11.551772490190153 -1.315327702987347 -0.008090806486161603
69.6758478419807 -117.56144808749927 575.7006453558055 8.975231050022508 -10.442331943598541 -2.13238542392302 -0.08548201834391639
24.062072482764854 571.061989985223 458.6622818622209 1.2939665089289285 -5.977629388386922 7.442506325278801 0.05073310139586665
58.93432176054992 432.2970699831713 -257.2317825910311 9.46384378484565 5.890119266996274 9.898781850850087 0.0005501952707785973
14.920304586155606 414.7278277014277 -46.41655932127259 0.29353432296959703 1.406618538975118 12.568011494258961 -0.04167300113539481
25.833003731612404 -275.47813787464605 84.27663328248055 2.486741980641874 -4.452846780881814 -14.55518441662089 0.03849908830803475
80.79257021089775 -653.1451171313264 241.51010476556596 8.138562431656482 -3.395328384196625 -9.18239904433021 -0.03507536496104713
70.48105367042484 -345.43608477956343 -172.90472646664986 3.7460134100793745 5.8834869447140425 -11.75426916641114 0.06611251466010362
70.35557113606647 -275.7726720278054 -578.6683466880461 -5.7659205781665435 9.211374530424417 -4.389812198719471 -0.030892777902602656
87.5039063437746 -408.9426073899595 182.64051954966024 -5.851554513530532 -4.978120600432657 -11.146297783548922 0.06970420582267164
82.48931279434535 44.288061718398076 120.14138771736162 -0.7019703764131808 -21.421717235795242 7.896748598284012 -0.06510071043501006
45.307644829707705 551.8352834156995 79.10873377683788 8.540072943297417 -1.5526984111999347 10.831089399316026 0.0861855559831404
47.625671563564005 -136.7494880993444 -448.169966002118 5.161949002379986 11.415252681243873 -3.4831204210533624 -0.0025940306246111378
68.5111378584287 -103.69638014042344 -50.08892790474599 -6.891455764763341 10.47108683702262 -21.677720936654335 0.041090464611122146
38.23941143203788 -271.1664114975022 774.125847625956 -5.18151999957305 -8.51331985226165 -2.9821073683922212 -0.08984305717836671
25.79542464911998 77.40997975005449 308.4819201781186 6.2683978749926474 -14.050675811070628 3.525855030277098 -0.09466307849760935
68.62232488970989 -846.4539896918012 -179.41165299931666 9.7090268980789 1.8211026464465712 -8.591858861747786 -0.003880864798601197
13.406094254784302 59.32270442742044 687.8405745997738 7.3800923169745545 -9.795918524839687 0.8448474845821464 0.039276614073985805
44.235182497440526 -309.8012417246865 -283.27245582103365 3.6213969772066825 8.508747554851356 -9.305601387803938 -0.08863046507316193
26.409326836022206 -166.55090001804524 115.55766463755317 9.986448574761148 -10.343737876035275 -14.908217972454317 0.08580298050650689
95.98259621987914 -150.57041197999533 627.4784774347676 -6.497259617864836 -9.889358404296038 -2.3730611052033797 0.099011920142026
89.13910559296428 -559.5359196111342 140.83968082452654 0.9855253115387814 -2.625286091285829 -10.429886369595687 -0.028904518796983233
61.06934275638937 94.48346453457559 -975.6373451083138 1.8226869237026317 8.213307952783762 0.7953998425329233 -0.03627035382596776
19.195137186037392 344.12110501273537 276.23161191926505 7.139420107427604 -7.698620324985478 9.590711631085192 0.010036961301357714
79.51112476754572 14.857290246540153 -203.77343530756596 -2.2462971015016686 18.026114938735887 1.3142989971095045 0.0019582628512132966
91.00266349582189 -271.16227442369444 -593.1915676325373 2.71587041518198 9.200167271079504 -4.20561993532882 -0.025768757665241365
51.091171686680894 -139.1372726999938 117.63835460865405 -0.23868087810032534 -12.357147328455119 -14.615469447468595 -0.07255305203069246
21.47057678539968 -575.5737079548635 125.34762112542909 -3.033289139244559 -2.2650331155433094 -10.400624257952837 0.06643438697377027
40.407194015914506 -253.14397564909953 -342.31276159730646 7.003822338255613 10.066990330324135 -7.444647821915575 -0.05784358655209021
10.33207606464242 -67.38478047637693 -796.2852820260058 5.466270945222632 9.106348676062444 -0.7706149043927363 0.018914682192805704
56.99324788909954 882.5979051187097 -151.28604064635869 -2.7982792475636415 1.4585628734913776 8.50920898668122 -0.08623587528328064
4.836855635019193 -497.75083477759574 5.237994077188987 0.014021875197606448 -0.12184670819688653 -11.578726479288106 -0.08458864032934782
56.65522410494108 466.4284908874201 461.6614868984421 -5.358311627517967 -7.094230370225796 7.1674836638908035 0.09927007982443245
77.5603053649503 -3.3184413000994453 -186.97672082992884 6.441944385430315 18.88889317791223 -0.3352378999723976 0.05741864729977639
87.58029008403983 366.9715610941045 65.73780568070003 5.5850007543403795 -2.3592902325397462 13.170388192062392 0.07855859567671433
27.755170985178548 360.830677469373 305.66690267980204 5.902479489539212 -7.678956818375187 9.064779885360709 0.021671934018545863
42.10920008182307 159.89210292799677 460.7050380084773 6.927918326368378 -11.052153687439407 3.835755959186155 -0.007458530914037836
71.59035967752904 20.234438482446933 -780.6164174561686 -3.373460975812373 9.24198462900258 0.23956243457020707 -0.027293051054251838
49.729121895138846 748.0352794055345 -439.4729462365806 -7.43294653509309 4.4429506686053015 7.562431028430244 0.05945185451189844
31.32119729656553 -179.37684376708114 -182.55308056692357 -7.777137477352127 11.518679701249576 -11.318266461225972 0.07717858497794416
72.50213083266752 -176.43397550354035 -679.6846880573424 5.9689953231915975 9.436456645528237 -2.4495351887298766 -0.04482016109111804
20.654220062377988 -303.9007868168188 -6.23240200036013 8.400972674240421 0.3038250799940173 -14.814943076446205 0.06406714746650077
17.88138905059788 242.89008087423542 940.3491455523599 -8.526161766304813 -8.026406633012071 2.073202879422672 0.06834079768514156
91.6986610383971 -127.3925683197217 -192.54562460206404 4.462448669577558 14.17995025855488 -9.381777881562122 0.07806640329615092
32.34912501992894 649.0724134625522 -566.1060358086528 1.5929380984472417 5.786263954097703 6.6342771001420955 0.03475551935880519
95.8229601398125 88.52836061605956 342.18676276535734 -9.704881177540903 -13.30357877770428 3.441816422116709 -0.06385125175208978
89.99530547655209 -97.85739398165842 122.23215764617417 -1.0061515604403208 -16.117248472698822 -12.903248736381418 -0.07020083966295952
48.82736784653302 -740.4272252277134 -95.58239346415361 -5.764702354095448 1.210525564139623 -9.377313666656155 -0.046239172048314695
53.465059164530075 -96.53717748905729 58.479074802670475 0.6398393394728181 -12.599287928229352 -20.798887449356002 -0.02820306934772905
78.5265556549219 -29.603281184442956 341.5858636289234 1.1543714635924207 -13.900027823277007 -1.2046354253437777 0.04405298322826484
67.93436437627038 700.9760262985801 652.4239143687009 1.261403551145568 -5.687836204963407 6.111113853100228 0.008307402695263269
26.94240651009711 172.53975664424112 4.895101975250228 5.4660370922345685 -0.5576590626213241 19.656047911079604 0.017917810594200084
18.27569828240621 185.97390347514778 418.234066222229 3.0989679059639013 -11.033794100552443 4.9063381602455705 0.048225774065578764
55.722475594810994 423.35433419008007 850.9304807310996 -2.6937120367190452 -7.502720377269915 3.7327481643440956 -0.04918589516733196
4.764412478243461 -72.27621341513503 972.3873341877888 2.282676317380677 -8.250659100369552 -0.6132601454048477 -0.055124333897015765
24.973685391288978 475.7386634810287 138.4629988250418 3.4436860545755383 -3.2433881881432165 11.143808633865497 0.039385031673192794
79.17632653162578 -184.0751720736049 609.6920686916009 0.3835070757066674 -9.800166467732987 -2.958817116924673 -0.0007469315492645012
47.30676413263183 -31.130476302526098 456.69607065991164 -3.7235325641483534 -12.047010773122638 -0.8211789141234901 -0.0403542757938536
29.035926171971347 -439.94956245426533 -97.74965223678872 -4.783064216051864 2.639481495897691 -11.879722358636474 0.025230601186257556
90.77278142154255 391.1992119698076 672.6434462545448 -1.016628734473331 -8.005891164070269 4.656104704415937 0.02628974488250585
36.263682940222914 -931.7967309305072 209.37553727039113 7.386601713981992 -1.8327487658367745 -8.156393678494599 -0.025087572457762414
94.31666036921138 -206.8577265227372 699.8682762488604 6.525658886854632 -9.170959981943033 -2.7106299803495744 0.012920679613362934
76.59163029792843 -282.2862525779525 611.750303576565 -3.2061576250568553 -9.037321309285721 -4.170184388673297 0.01835468021488551
95.83840324871981 -444.68919734280587 368.05150329008165 7.595361680045723 -6.856027569463931 -8.283627072763606 0.07437525377389156
69.92078880692063 700.5904208374733 341.12603861099416 -2.6267923172884844 -4.051559082288713 8.32092294703256 0.07607787841156949
68.98641035360494 145.0042635236719 -423.7789041558463 -5.93376052500737 11.549680619883008 3.9519497450110572 0.04259999452821378
14.99124184610708 228.1455358379829 -708.7806741813926 3.5349813596648634 9.0122931617668 2.9009177696541864 0.04316455533528199
15.875570108675939 303.2419346533906 473.4030832286294 4.89497963208515 -9.174881295276617 5.87703978440551 0.06621152249316242
23.99747740217293 375.50136646433197 246.7770501518645 8.27707507754641 -6.693528036074839 10.185018916737498 -0.06319038623649556
69.16914898737402 121.7423995161184 235.7854475771026 0.1898425955060823 -14.091797577380406 7.2759759696565585 -0.0044058536476375
84.09502969815169 469.8192615549437 -219.09089132401607 -8.894060921792974 4.79555536975833 10.283605443156693 -0.0894924531183748
88.34309556211275 -142.37725884442762 -217.3987327519673 -6.07907270411464 13.406655845005917 -8.780193358626157 0.08051281675841956
89.90500018136774 -130.88656491430552 -11.470587954673952 3.6693263563062217 1.967677152117067 -22.45242391398296 -0.08810528125776783
27.734004048476336 162.8397347315159 -43.52450366303336 -6.526202063708155 5.138305786205089 19.224121604531963 -0.09190424648512972
34.4253447929805 118.27934731198296 81.58002426643452 4.634562841331194 -12.236880661664607 17.74172379588057 0.08911636849544663
58.9642921685241 -247.63945508732073 -776.0849722193857 -0.07980479284172937 8.623152473850428 -2.7515450707059332 0.029666637898995374
23.481771276701924 251.9185397581879 598.1461326077223 -2.331679852263207 -9.345695079970593 3.9360847278360844 -0.05902561363667383
76.22993230420566 -201.69184779598515 423.960613035591 -0.3714055418491924 -10.76680554535633 -5.122119457640931 -0.05424461117325588
26.142836035022825 -62.60441217589863 -126.51267037185173 9.82700521148842 19.489106395381953 -9.644125336460364 -0.005980790476778977
30.998021872599118 -719.065106913345 -201.14308455419484 -8.612341008139722 2.546927720378988 -9.104995369907611 0.04470250419558011
32.023512879534216 417.891435344738 -463.78526584172886 1.8430751946993738 7.681515486515796 6.921391792076413 0.041941099530365206
56.89528633350874 -308.57717347254965 -53.4515812563536 -3.969080779966969 2.4916568257811256 -14.38439055480201 -0.07979923108071266
97.48998062845403 323.47188149433697 328.0932279349491 3.4426650263718592 -8.570763454760575 8.45004024619487 -0.04745638565777242
83.29772653341179 148.1816763911061 107.94878732002735 5.20183492554324 -11.234712884380533 15.421929512230896 0.07652401499709169
57.41171003247424 -136.77278255852448 156.99957892069287 4.484289732502148 -13.499478275492672 -11.760294005375389 0.07532118284903808
54.022893634723964 748.9166347625581 -236.3716724270428 -7.6258559537302 2.774710256029378 8.79135239028302 0.02862457281230041
1.4398071512591075 424.28789210668907 -500.139613529675 -9.380931703297598 7.692574539962263 6.525910262136265 -0.027476001195892066
43.79010226132605 -21.25469391403253 150.78239693636098 0.4155953106705077 -20.730929436515762 -2.9222878046733856 0.05456478356434799
30.549588966039263 -734.376387511242 261.52650532322303 0.43470970961087474 -3.1041955851072407 -8.716699430147486 0.009623220793558887
12.349593227024899 303.52179997013803 -167.50450867887213 -8.770356428771233 6.704191680642671 12.148140622021074 0.07414709423647423
96.69648018307564 906.31045580167 339.15515483536427 9.992300433703697 -2.9106942143190877 7.778129161443452 -0.05548682168488144
93.67100778794158 -64.71842572915959 360.30045934059757 -1.386861671296133 -13.290067263832174 -2.3872082559205965 0.07606867304568266
59.44796915284031 -252.7102696414196 -12.495817097191111 1.2486530034032661 0.8021170738448987 -16.221686060121332 0.03512453880601185
89.27448924995294 -146.22607076597228 190.24743813606258 2.7890950192154094 -13.223295550597998 -10.16355631321684 0.07757822206777329
60.106124632996064 56.309918399011075 -462.7695715887747 -4.640461772002089 11.877722308589476 1.4452842516558637 -0.04177261851939673
21.064981854847062 685.9980679433579 483.19901096348894 -5.265046319380772 -5.13588008676086 7.291413551698954 0.02755367779062251
54.58662156120048 -475.2435417263903 -440.5898598606613 -9.251986024004733 6.899523882930827 -7.442191627802892 0.07798899227911599
51.81883994057374 -573.797859235885 -22.62825098660313 0.7819741251929422 0.42482424911236444 -10.772518160439578 0.0012030599403010933
3.5741826196850752 -459.92329924501956 -73.53919775372157 -3.4557768363937242 1.8900393417419248 -11.820541375335306 -0.06522537576806159
14.896185781392957 -154.71609378843533 -619.4766947000154 1.8486166834803957 9.919311582607001 -2.4773767185455013 0.04912247301946446
10.832842239260106 -220.376704652088 175.71141845070642 -5.201153368315414 -9.593383417905681 -12.03199110645811 0.053753337720630956
49.46781544834894 -166.1003103724019 741.8063192432586 -2.4430864651542166 -9.143723270705097 -2.047401368557798 0.031976882999912304
45.46078885857482 -231.71066946614022 -730.5704475901902 -4.544043770189674 8.895118637918422 -2.821211700215089 0.027815782562551156
13.927196638024824 406.02792838628824 348.3947114996333 -4.592857494467246 -7.27326576841345 8.47644621194236 0.06005381776587418
90.14885291626618 211.37669850748114 485.8981107042703 -8.158253507126998 -10.291456181660559 4.477016853102777 0.08917953099371498
94.81093635068603 -110.12531457576176 -1.8558111121060534 0.323470143442286 0.4147757940654092 -24.613127112935548 -0.0741636531934274
64.57324744917801 -303.4171705974278 -777.7571818088487 7.5575445169451 8.329849660167538 -3.249625300163605 0.0028416470603637167
87.00899360562016 -104.49980938545914 780.9326939908169 -7.231533984804008 -9.12252862689659 -1.2207230020712876 0.08251573787237643
86.53346751707545 -91.1887626300495 -46.50248891956331 -8.423298577372137 11.600434231018367 -22.747798409835486 -0.0902200187066395
30.45112914564303 127.5058916446835 -182.6439508424829 3.5738354107795125 14.19345524964181 9.90861815448391 0.044596120334005396
50.674592843304154 -128.77227524823135 -131.79332576835918 8.66521468505288 13.612859812892655 -13.300817173567744 0.03229117589037622
49.21406423234773 398.73875247833126 391.7625967392122 -5.1049769044882005 -7.658064833022409 7.794432759363774 -0.011791770297601284
86.02489507108916 239.24827616856177 181.91633921789966 7.464596965724834 -9.019629352051707 11.862215254743887 0.016747579203505003
14.108053710589402 940.60378491415 -125.01206399241374 -6.713860273357925 1.1049468246452465 8.313734948438741 -0.04191342876856477
44.22126783275643 -120.92829176075954 47.791752312271 9.39794152281084 -8.327072617086598 -21.07013487123233 -0.045429204420805315
89.40905474345355 -102.70045948757148 105.14283068506518 8.714628164006314 -15.24424907303713 -14.890139195827075 0.09908710342572263
83.16386174586204 647.9945352302877 -295.1533585792008 -8.061126502546685 4.013161534158609 8.810696770144874 0.07689864405224203
68.3318531774575 128.13638902003237 -250.4849287404351 -4.528658948670787 13.711924101870414 7.014379866148004 -0.0337827350012585
34.89874788373727 -343.39291096929185 -422.7424603085491 -6.403415431792618 8.592460838191224 -6.979639891064087 -0.08173500492193411
86.99653909985105 294.1368588264151 -245.2744159140374 -0.471565377581058 8.45445759525954 10.138715817072088 -0.013216183697714337
17.84258996065041 250.85077003799302 -35.48951542782482 4.253149295116678 2.273655457065768 16.070893483061287 -0.058784149108954534
71.40430350356573 -324.32701378031004 -42.18602009494894 -3.469799533383531 1.8426039951093214 -14.16597844424363 0.09707217143410155
34.92529397852686 -788.5104798796474 449.8676899034167 -2.260438775899236 -4.249041612361734 -7.447553838576961 0.06802827787968188
10.593076054446055 -222.28721240946675 78.38746480258924 -3.2808128900991074 -5.596288361172127 -15.869671799915196 0.0504662205102796
2.9156385115341332 -58.07802229866699 403.5472106362453 -1.4330961042719679 -12.664209174999336 -1.8226175363743997 0.06405814771860052
78.70367353480086 65.23550986259455 417.3333362895376 -2.2416938296338973 -12.41933102638385 1.9413291994876782 0.006892890382327349
75.61415219598354 844.1730505209224 -519.2430437517712 7.871718517785872 4.299419747068149 6.98989486142737 0.06855456564820026
7.357050922767004 -96.07931021753056 -301.4850892695347 -6.338213076329787 13.837685394416365 -4.409887304622565 0.058958303992615146
25.563237778791652 -537.517925491448 412.4191547248025 9.191801444638134 -6.041871367473721 -7.874547353887354 -0.01923212529584728
33.07725591326223 -0.8466391984627497 -531.1702604457859 -4.576473100739 11.209472054276096 -0.017866923549631875 -0.023231361631538494
45.77759164942959 -104.14345664328391 -381.7314182230773 -0.896734396180074 12.529689440517881 -3.418333170155341 0.014076541516660004
6.1981312157661534 170.35266461145983 -89.03059203484966 -6.359497035183345 8.63102454181005 16.514750665127696 0.08737295475572268
68.1370966948739 938.5503948440636 48.47637964664677 5.652287682858033 -0.4346892097311283 8.416010692247008 0.020748514795997222
43.936131569003464 630.045493681638 -54.78693360635864 -3.891078009790534 0.8899555290299521 10.234419664204433 0.00677441297200021
33.02288721804508 141.92236338479842 207.67438643727226 1.2936120225881211 -13.448823435430128 9.190776192699259 0.09371638359444387
87.0262459526528 20.664214473703733 -112.76096419623447 -7.712089423397757 23.733644612746787 4.349351976690888 0.05758239792314268
53.29515820619767 -55.977126008504214 -296.8398816897988 -7.755408442308934 14.606962084477408 -2.7545347092500703 -0.058941354299492946
10.734506642933791 453.80221749357605 -538.1391000536282 -4.708729554770141 7.443802661803589 6.277213743016288 0.005943034193386931
10.60002044215622 450.59222025118015 -71.90116953634931 0.9705418145195743 1.9057827003103618 11.943211268837675 0.0044263030289452415
94.3343318151938 -663.4651082162962 -283.2280966651483 -4.164108931902235 3.776449318797924 -8.846376420528106 0.019784654105101288
86.49351174323222 -147.30568080814524 -706.2928080358605 0.7417239216245477 9.41546449180405 -1.9637059747884242 0.03795532180562933
58.293341905423596 -135.74390067947527 -50.529677257519786 6.405919419730775 7.4885999690976295 -20.117519556929896 -0.0640077305683054
58.889484995387505 236.00914504464964 197.76748944101337 -0.4608775064742794 -9.456039180680667 11.284522693032365 0.09094013149346236
98.74816501240205 -73.2546261771106 -182.45783366581168 4.944614668778973 17.097925159202003 -6.8646113503442665 0.015087429394205334
30.417067212383586 -196.7133425027142 6.645759123462193 -0.9806094085152672 -0.6217634366016916 -18.404092232005947 -0.055450312941803054
69.36195578023647 227.02765003455735 142.91611656154325 -2.8540103340826732 -8.403030969712415 13.348532132832656 -0.03571897266649553
3.448515200523455 -949.0899199892006 -219.09889467178337 8.600573227236008 1.8619597132261023 -8.065614378822609 -0.006953496389225738
34.02618839294777 -245.16712743559748 -219.90986472794455 8.691223032002043 9.505468874737604 -10.597198546917962 -0.05517994260671497
98.73184920517161 -161.25808280376145 39.45991507511985 5.297989761429939 -4.765788620664532 -19.476015965906406 -0.033352647351131554
84.09208353504663 -413.6885397318821 -170.14673422260122 -6.121677823069707 4.646334830359752 -11.296928382781639 -0.06565678415464116
59.246393505353346 -216.6074812167171 22.453387222017152 -0.9932047284667522 -1.8050667454281866 -17.413451132747667 0.05151701417296459
16.60766212956819 750.9095712795869 -514.2740224029918 -3.268920933517281 4.8388238454865125 7.0653367291114035 0.034032582590229205
55.16211639618874 -58.02503221950919 189.4558940967045 -7.507310014393854 -17.54868625618698 -5.374670924228691 0.09140195678345328
3.6302851458389824 240.0621392132009 132.48001500344955 8.85692679996485 -7.538294292103961 13.659864499064394 -0.06325483296535883
66.34631276898956 -29.13971829640705 508.7355246497339 -4.626863108270635 -11.425887316556771 -0.6544601694961046 -0.05135607586999294
47.30105298903769 -397.9288734143219 -426.8151662468955 -1.5005671050905374 7.822347406267476 -7.292941153433299 -4.8332451299565315e-05
62.72714819042111 497.6467588489888 -567.7836909512332 4.254581987673687 7.070695566880436 6.197269819023709 0.06120962350683934
4.355985031158047 -236.35911706318848 -64.64912838000203 -2.096325725995616 4.354187518306615 -15.91903778354506 0.09890496549175576
1.3319344427014221 -175.05995848740326 138.29736361302278 7.7349274585370615 -10.722028641311669 -13.572188506072301 0.05635865850958813
94.35449708120933 979.6000800881793 -72.51097843912551 8.589234855307392 0.608490245653313 8.22050820725417 -0.03195022609779277
10.411236999737344 -500.7291349666325 -568.555981598788 6.928731183781668 7.043692101700806 -6.20340294923645 -0.0603824219666284
97.19511172174302 949.1209224811685 296.1728821573821 -8.815742313047492 -2.4406164550819742 7.8212432022699465 0.028137063881147784
41.823534782174 -101.43380594870105 236.39949204910667 -7.246710494788564 -14.802536490550557 -6.351441794211526 -0.05590637431422625
14.938475281023011 -101.69339296723466 982.7767113913137 6.539967657604851 -8.17535113979367 -0.8459492237328117 -0.03983336156299695
72.9753856887969 253.2591793422561 -256.7503707166837 -6.113815126690307 9.68509115771487 9.55339706661784 -0.06711565967887145
63.44679836445037 508.3077711934153 -668.5525918052359 1.1577369537779276 7.096428801613534 5.395491621445665 -0.021375311879960335
62.569377293405935 -96.0883613035477 -77.42916535689707 7.7725071610447785 14.592172880692214 -18.108654193815187 0.042796551933953486
29.31257347702308 -877.4109420867254 -17.527732376769347 5.596142181649768 0.17417830814835902 -8.71909441326671 0.08114035960050608
14.653507180129576 -97.44384257386966 90.45488032672917 1.4470581043856647 -15.243029762054062 -16.420776713398542 0.018652372866231823
62.82256012419686 -143.68916563422476 -164.24311388185183 -2.4490248586828756 13.162298387966892 -11.515123090981792 0.006582243019429002
27.130314486523307 -597.9002908618131 -490.9484423943366 -2.7770320324244313 5.894302191994205 -7.1783606804684945 0.0545069083387858
69.07608854465833 -902.3868397712445 183.25064310599126 2.5203448610255936 -1.69432413663754 -8.343413028701693 0.010724831359851944
36.30023590479346 -148.88665669461625 546.5959107924339 -9.970007430333824 -10.472662606391502 -2.852637005454048 0.06981039835755273
8.317658555618298 -401.55259000363753 -47.360398493124734 4.257596943228123 1.5048902043999322 -12.759448367724794 0.052978062897753475
31.258459571574804 -716.7328198611782 55.94630701174535 -7.312317038432823 -0.7498247411714248 -9.606067493045552 -0.007176161614275839
35.76536294627212 -16.521589983692483 897.1453026797161 -9.625566774101681 -8.623052337017675 -0.15879984512496337 0.03525841543658312
12.924211484078553 -352.15498246160456 567.3976814654427 7.147820519165386 -8.494218159819171 -5.271930684260906 -0.019348352739902763
13.153610422762018 945.011214970209 -316.7440143168145 -2.1621688463858018 2.6006207622266766 7.758996776906477 -0.08976783363211616
63.87035197142 105.78110721293334 -805.5631043770279 -3.957647530518516 8.986374050718542 1.1800299588567995 -0.004163941669642984
37.304816284460316 -187.54929026113467 -413.6153210593883 7.224618609738894 11.040793022273144 -5.006325418371287 0.054809295091606924
58.80175608767144 -603.4092944895503 479.4728562970201 7.787847058808197 -5.789335271660401 -7.285790354880999 -0.045285859592848726
54.92136962207987 425.51094692540335 444.96765940778545 -1.3211769341817856 -7.524955972507509 7.195918790356961 0.06837501931131151
10.445014251010916 425.8388314272989 -540.1610091528898 -8.778415950702442 7.735754702547454 6.098523749256099 0.09799644895507356
40.44574940097146 22.466048982040085 956.9530694754983 -2.610925828401065 -8.347915980820336 0.19598107295466147 0.048522896952211014
7.283544795932501 462.2009226849425 -467.20613656764965 -8.568176705547948 7.164163690106242 7.087413474830518 0.002395465152035231
89.89003691616335 -116.57651266578848 389.2452546820846 -9.231910978570157 -12.27755910160103 -3.6770519534830313 -0.08658216977650353
82.78050845874068 216.05808145381022 75.29191016337661 -4.640714369433421 -5.620356611123279 16.128206388316652 -0.09545147531247225
9.720167425815738 -24.837248018984432 310.06112691027596 -4.510181163934821 -14.601444517279562 -1.1696393628087975 -0.08746334333778594
20.111969662286203 -287.5670274186747 2.3043306036183786 9.74359780054981 -0.1220725742549769 -15.233945707585086 -0.04921072844554082
96.35824045364205 -362.43754516027235 174.62013645309491 8.323614412506096 -5.590572519626672 -11.603663937109799 0.01610523479776034
60.260619456137505 433.91201948564094 -887.8079691099138 1.354642592902751 7.383690919411836 3.6087446267371 -0.020308871631141437
55.489811599100676 501.48997120504833 492.8948574195091 -3.7129907629018932 -6.829258888174599 6.948347688415027 0.042047237700473195
93.86967817020663 -203.48510980208331 -837.9545841679296 -2.9721760601156078 8.549292250981827 -2.0760715500453695 0.08597305478664746
15.285009625045317 93.07383565312183 -873.4498128331762 -8.209167455361364 8.667747077991189 0.9236254392258502 0.08354319933657983
68.26923743218191 242.6653870295354 -74.09629275135165 -8.197064381635466 4.736445582853317 15.511861090870394 0.03207135198495825
3.7406178121678124 304.5241322014369 -942.0607547984316 -3.561515803867543 7.812522715294064 2.5254227904738307 0.033559324594412826
76.43793540216525 258.07211618658414 -220.98690541738804 -8.954730502239096 9.116166277936495 10.64600781848287 0.0892219034488782
4.187876310769353 -350.49340088732987 -85.23490275997321 7.841960393886197 3.2142954262986434 -13.21746489923907 0.08569573389684476
88.53392809788318 983.9448453659556 73.48186267694119 -3.376661374485357 -0.6125130019253446 8.20173834751188 0.05615372475651867
16.274349692010368 338.7605935641841 402.9248358225744 5.515661054038127 -8.618686530164874 7.246193595244031 -0.05452144891821862
67.73657102231508 254.61272150789475 -558.951536596691 -0.5438088081955677 9.486395579983146 4.321227937982686 -0.03621707074550788
18.75192648005418 603.2211501924572 285.21445659598993 0.1495883018632238 -4.275049737604567 9.041618894867922 0.052337660906867395
54.70345215917741 -337.1067233962816 -94.93091813718407 -5.6352276239036225 3.741987943582295 -13.288076418122333 -0.05923138232897007
49.51952402320392 -43.781078003423914 463.26080900123736 -6.4884065190196 -11.92322769237975 -1.1268204681032443 -0.08019611152237094
65.46403441074412 -6.292870151157129 116.33527174656687 -7.611142400605216 -23.89986726646563 -1.292804487235809 0.09510073121061324
17.559864848304546 -721.7629353025529 34.71168118669172 8.302615813644746 -0.46167264990662454 -9.599598623683699 -0.018433888140781465
8.729225944923323 -913.372872675153 -262.9577024457673 -6.679104592223009 2.3183545954788873 -8.052710291644388 0.08431656886775574
77.67103049072135 -12.8611888237816 -556.6133576937215 -5.010486164798551 10.945918133464195 -0.2529179690322872 0.07027451821104713
44.1323248733571 316.910113221324 -454.17954973998894 7.267862668524284 9.002918835760765 6.281912140686875 0.054137768780979395
74.82765354632146 -91.04767227840644 82.41139799622671 -2.6770844112054686 -15.644464012496629 -17.283920270911235 -0.021152613441528634
65.98974851051356 169.4347408156629 801.1976744971267 -8.172356380400325 -8.832473172478108 1.867863387995257 -0.05714676860482191
53.275184143099494 66.2121213585616 119.32342563100838 -0.3816758108137286 -19.337781467925478 10.730462409946862 -0.005692180479177897
66.84436565473243 -51.076552991115264 -199.794443698183 5.078080065908319 17.42972403645947 -4.45583073728308 -0.05738904448477083
35.68571711453491 -299.90477596291896 468.05806276843873 2.541252114184392 -9.225955606330329 -5.911463489796136 0.043718618634844775
34.84964069248658 236.50520374676904 270.8972527416213 -4.852881770928812 -10.262616675318787 8.95971525442622 0.06011109190724645
94.27801486161411 -396.49932481638984 253.0657577307119 -1.090550827278264 -6.408670009303695 -10.041000230319124 0.04723433278430303
80.65395302959388 -131.15239209638185 36.828583070853384 1.423090445932175 -5.984141819819201 -21.31047270548978 -0.007864361120424518
42.77684961487282 -81.50389462530332 -851.5297905887356 2.3252468268733555 8.79290737988635 -0.8416102460077445 -0.04691320142941831
91.65892004256618 489.0685982380738 -833.6318115015878 -8.986624848501766 7.1675646557173165 4.2050108340254395 -0.04553614751807922
50.20556909281023 -124.08792176727944 184.93467548982525 -2.2485933107979994 -14.37536373620643 -9.645616788468157 0.02235006142107318
22.284220874086593 -215.6202630028382 526.4584070636686 3.6121005854804356 -10.023275394103973 -4.1052080233286175 0.06230419150160313
31.20731066509266 502.4492504463313 -467.36119118123116 -6.210352074296164 6.7169424374949065 7.221230082199438 0.05956925733623686
50.160113583940465 751.5253197762422 551.8525381220605 -1.7757996362283084 -5.007683040289608 6.819576495921291 -0.016651142994929827
87.51773078186939 -89.56486122507516 -364.65367500063235 -9.677176280262913 12.947400939799207 -3.1800918183438376 -0.035232546181182975
27.6579098826296 -532.3804501614565 -619.3437691389317 4.03220103468386 6.85539712008793 -5.892816859854878 0.0400873265580049
80.18619693880702 -773.9813084282233 -574.3244354551346 7.005019085740059 4.958895642188231 -6.68279512512521 0.027500125539363707
79.13454790377074 -321.9101211658334 -248.64130259575958 -4.454547845368538 7.830306565696629 -10.137716095491573 0.0031095068882099203
26.163713931078334 -72.3581966196893 128.47574969460115 9.563742659655045 -18.537599521067182 -10.440470471594406 -0.04505385141431735
99.60066708823831 -90.09175599632809 108.84772150150314 -3.4072087159857674 -16.742904771839914 -13.857871074991023 -0.08522349994955712
70.73091675941666 -64.43413407966378 721.6572134236284 -0.8067834015183113 -9.559848627257049 -0.853563931423459 0.06371522250940942
41.57074364713376 -259.88721746755766 -387.90785021192465 1.0759181582819437 9.932723434469542 -6.6546419564564365 -0.040228086762081075
6.3634430012864724 171.03930298028797 -81.36711883437596 -7.083809200813585 8.064127819232679 16.951353582434926 0.07746397398798363
45.27168174571847 -656.0317420402262 495.6634759203278 -3.6119964260458204 -5.43126363232892 -7.188508968873858 0.09224644385023412
70.29183677258784 -599.9560489591105 785.4620840320042 -5.626477946564011 -6.530421149021759 -4.988102863595984 -0.08321369365647911
62.31656492967188 -436.36511204601953 -371.97908899199973 8.376556476669418 6.99905520124019 -8.210524724337764 0.09240298754639248
48.73456348168181 27.29852057193823 -414.40927994797676 -8.720945238086333 12.649628882721828 0.8332732180266702 0.08035225037683077
53.94248118643745 468.5020054157755 778.0446865990004 -7.557759167925604 -7.343905700120633 4.422155446020215 0.03443401208123706
17.18050623317069 -55.58652234837044 -695.7378867858379 -3.074075239293988 9.74781901670146 -0.7788096205640983 0.07536588175481462
91.64393718331009 850.9156519658079 -439.37417020209847 -7.843224152391466 3.8302078262934987 7.417786503416779 -0.09761418186420767
90.30284648735173 944.6299446840642 -251.0631163812019 -3.99092575053597 2.1225651295623154 7.986193311973477 0.034231876107378156
66.5530704228795 133.39127006601188 -194.5507218642121 2.6984127213089835 13.873196930116583 9.511984024792058 -0.03454386577396924
98.37291998996086 137.2533056528469 -146.24005133212097 1.2423931433858506 13.301487470012992 12.484084276016702 6.786723444987541e-05
15.38050088193984 229.27458438464927 191.06032844751405 -0.10863205901799944 -9.573518025720093 11.48833137826882 0.09794479916796461
76.82466584012423 -20.21751047751223 205.7973289627305 -5.315123117729559 -17.879464592188828 -1.756476940428851 0.04098883202959425
74.35896646664357 50.685640521323656 -99.33147297972629 -1.393327291362782 21.791397251831636 11.119445775148538 0.01865926031410843
21.16940185424662 -738.5640978898821 -277.6739464799525 7.402831714288368 3.236620294964431 -8.6088434967199 0.0717449638776533
48.09566737434919 213.43105585312418 357.38169463039407 -5.516989408312276 -10.87136785797476 6.492463255273673 0.0804784160655577
55.734556680113286 812.1209289943195 425.67575156350887 -6.2029472435186195 -3.960822625239179 7.5566130750368785 -0.01334012547612315
33.099168140386716 -77.80968030267739 -213.75178358460673 -0.3108961249880089 16.095946945598016 -5.859228236615431 -0.03838494927103771
29.077211772738888 -123.85692689372236 -938.5637475031778 2.3276820860670284 8.324295830224797 -1.0985100402915144 0.04291044054269896
2.323189364850909 -203.81834876489143 959.9484706513072 -3.5466645075864385 -8.067083061223236 -1.712820634811964 0.06554683465703834
93.74140197689515 287.05018351785276 -327.4230494287796 8.883447346722303 9.309515330735977 8.161606486813016 0.005519540587738819
46.65023249768189 -491.5324856369385 854.9937417449652 5.422134852749224 -7.1319601678281135 -4.100135401694983 -0.04032540165156644
16.077270232681464 369.1198989764875 -564.6340544891133 6.4673401996397715 8.32564012542531 5.4427454695275275 0.018476289444976896
51.28159023495482 88.1121625960159 -496.1092307555777 -7.464887236433178 11.331786465428442 2.012597528218714 0.0902644384839113
18.719295420735452 -762.7523386473895 -569.518720931002 0.2849710392536515 5.009719593944591 -6.709481525036344 0.056658460050545506
18.062442183522663 298.90504796056916 254.56561323835726 -1.5787894502340443 -8.453750676395646 9.926198276468524 0.017212767567424445
11.358790047638538 -105.50594510080758 -24.54766743190482 6.965584714377805 5.625044520987964 -24.17645750119659 -0.06933908112666264
80.38414632588908 -740.6930590360012 16.13118426335639 -9.061479020376593 -0.20666039146910553 -9.489192798234138 -0.03796906038080183
84.53702953263749 165.24183176653946 267.04766908284324 7.242098096833043 -12.397101270970094 7.670988964801275 -0.007604678594996736
52.45099892857273 -317.86223163579666 481.1078175580345 2.5019622757848925 -8.976363498956717 -5.930576950993551 0.038633596144384275
99.62954315605438 690.5048233750053 32.76639078226372 -4.128545794443486 -0.46574560986492186 9.814922620392547 -0.06276073441687055
88.46818067858445 -231.2851192151343 -496.1511965108826 -4.183091900814356 10.007984181874589 -4.665307331486546 -0.022393662715531185
19.964281333732956 -100.94527684724305 -289.9491456487697 1.4594066930531469 13.924433743429056 -4.847766721389901 0.0052511416121450855
21.630113024162156 -219.371104619696 720.7657557996544 -6.034900669742724 -9.004295681189497 -2.7405329318308405 0.08892815481533631
35.50632431097581 19.239746399371224 690.2547738543601 -9.045478529630325 -9.827548357658582 0.2739271719528926 0.014193109863452597
89.36850895511277 224.51767737138437 331.66444133774434 -9.418051354320935 -10.690037587058194 7.236538232372652 -0.045513289635230006
77.89199679999622 469.54467431390947 141.15562546260213 7.3782673699259504 -3.358954479820396 11.17333568601114 -0.03667824056295009
99.13388154012969 -327.572104966028 -708.3575348121183 6.042468346182055 8.393689460189188 -3.881568826164335 -0.02867499799680011
38.069103401574445 330.3050905003401 545.2896877569807 8.878343750658729 -8.751469309479472 5.301136124853407 0.0805175533805077
73.82896457267623 202.70099739406703 28.828505077757082 3.0822570408948753 -2.5422516109802333 17.87525699936362 0.0653301350078391
94.70432238420696 496.7723508926896 -633.1524659510151 -3.4905957760828628 7.164707037623743 5.621439621484647 0.06436265232864966
43.606463411191164 603.5411689669261 -446.2966261349465 -6.366731694059171 5.606466012950752 7.581802893142418 -0.08489925851102278
43.78617170607514 911.5561191349685 60.394797569835795 9.058972613673149 -0.565067847284939 8.528732186301298 0.0055789787947643915
32.106702807252034 740.1053407354858 -220.37918287974816 -2.4778933863924735 2.6531531199516487 8.91015552470169 -0.01707385547185339
17.99031290323314 -431.8381397207807 355.19396137211083 -9.84899699276361 -6.9402930728182355 -8.437877823443689 0.010488304649733354
81.49468700736296 533.3354205579334 -521.9299627633832 7.08140005071192 6.614652035050047 6.759198506787293 0.04387171971402476
85.0641965534043 -116.08910521686064 84.93738450401679 2.1473392805579117 -12.719352719157962 -17.38431533684513 -0.03292812128798253
45.32610361198846 -131.68775644451907 -251.7480726130384 2.18207504286449 13.581200660546212 -7.104236494232144 -0.06253529355898685
66.19974957074504 -173.85230014244223 -7.985844723005174 -0.22573508833153255 0.8986002135632164 -19.562578469177403 -0.02472208206508139
53.91411995990555 25.177237254539648 -215.6234391878576 3.6815128902652354 17.415822551372546 2.033555804556339 -0.01095362354710494
29.98589318453747 454.9658295377282 89.38620415597568 6.156308288255694 -2.312964974613767 11.772734263674549 -0.0006226484594667736
43.46710978683367 -992.4595868135414 69.13567618329476 3.6369703179886574 -0.5691923361531434 -8.170895577245828 -0.09376729351620612
24.622263283000677 713.2763953685795 316.8896297700051 7.633606735319628 -3.7544857171694384 8.450847825942065 0.0860944139106127
42.24776886845962 86.26178902519744 135.7346162535636 -2.9806429700432986 -17.193304001227133 10.92665381415553 0.07672479240025568
49.56087822675221 -558.9985274579392 -390.00054358734144 -3.845203616375299 5.662038887257852 -8.115556381725668 0.08010286536879999
45.16817534415635 211.76359452830263 -669.2978813821064 9.902782132233714 9.296446869378698 2.941364465902298 0.026787023833198004
32.24101524489885 199.30964775719755 258.6816441361725 -7.648851480116949 -11.324701335221468 8.725482790306856 -0.09947586048963637
37.65203954155387 650.8684073330551 503.55518582416516 9.526527634877358 -5.510784406386061 7.122944159277892 0.08584922365473585
79.3068055356407 -490.0649918392716 832.6021444530415 -9.268078341187993 -7.162968143595903 -4.21608321360055 -0.0807683199858535
24.30121967618458 -803.4118139041741 -137.04440329163802 -3.2172469364165712 1.5216495946780995 -8.920548607777233 0.058114996337945896
83.08070745681644 192.78421270563993 -949.6231603427365 9.87933078869763 8.133404002589831 1.6511727522423358 -0.047127411087639764
61.49254818322725 -53.98901261359037 -527.0238741941675 -8.942407882608677 11.165735651769092 -1.1438325139731373 0.0921619236465778
13.89655945387295 -286.12441383730635 236.3099783742547 0.37399062926129645 -8.540077121215813 -10.340335931829951 -0.012216788336498946
37.825135870603255 -641.9344679377017 -400.31642141089395 -7.7928989321616875 4.970151429344023 -7.9699741072848695 -0.09375454462365354
99.93570329952402 475.12785745737773 299.14233009436504 8.05167380450198 -5.809080247310711 9.226563993240433 -0.060955858626590344
15.267207163294128 113.42812287288491 -240.02650878307418 0.06315606676847985 14.335697326050274 6.774548553040418 -0.02122179439189882
15.247261061519769 -549.3172177614806 356.6957990773844 -5.102203399376826 -5.497586692173319 -8.466371159846556 -0.014853825919676128
40.514323682232494 -292.13940792021504 -24.4274392548678 8.843917225299773 1.2572632056262265 -15.03621090443707 -0.09589935237112211
37.033423862269125 44.376192980531876 -128.64346853203736 9.624129111770074 20.935734870226394 7.221884028718076 0.04500157982610828
12.309719844485127 128.27648083718725 -942.3473110287522 9.129882997478916 8.300744389549811 1.129934012819598 0.009998841550389687
15.144796470347222 364.55106548393667 -74.25332926231664 4.0364087264826605 2.6732572444600895 13.124512886658591 0.08496063171434734
37.92352087544416 -198.01782805839477 5.95905514733725 -0.45808095538180993 -0.5521142818073156 -18.346611706112096 -0.06279106425226108
25.274877069101862 119.55615227359635 236.06740971520716 0.4234628672797047 -14.168222226517337 7.175484900703514 -0.06821471828860504
56.42916312796807 -461.9070245246592 663.7036885331732 9.475778758434895 -7.45698336031975 -5.189715011992179 -0.07459998157775963
76.73808868044895 -329.24409348916953 -901.7993740549947 1.139538520116087 7.832320806100097 -2.859555504153108 0.052054664355373675
77.4346772820474 785.0826029326877 -25.158547643734366 9.462811141444579 0.2952439977024768 9.2132077534388 0.033826035204750526
31.679890642293394 -89.63967949115758 -64.38390342189726 -6.213045932885506 14.345964308432794 -19.97343395247046 0.02881963483800773
69.19288011544036 116.56052868741351 697.4023015647466 7.139427905795969 -9.582684429350648 1.6016046417163399 -0.030940712516542887
42.75279821265087 777.775479069115 287.57394941851044 6.869691117177442 -3.1112481190418415 8.41471385424069 -0.012918568561857843
43.082567021142566 -412.0400493645845 -53.169482521364486 -9.77384082784539 1.622098268019029 -12.57054646262928 0.009872116483659599
69.57943049913759 -878.4599681463573 -310.3444284467674 -6.643247093769935 2.819388520056602 -7.980552323483884 0.09945249977668688
29.901989340716973 -629.2110824614534 -551.0772360717128 6.838358255749402 5.885473092841358 -6.719938065201741 0.05128465207092278
33.95018639353199 160.4148671077895 13.27429899307669 8.84666719988552 -1.6792863265839686 20.29353814129046 0.034020553390090524
79.21207857727697 559.8888494023151 -257.0082802922661 -9.378031819240459 4.342266177325729 9.45956453642965 0.07016192121186957
85.40963956712335 -223.30444224307115 613.1548922692294 9.348199241293404 -9.50277867401841 -3.4608101775191913 -0.039030361484909175
61.615180408312014 -85.62558681940793 -155.78333985909248 6.636683160043482 16.98073955379476 -9.333384367265149 -0.031232373036632247
82.16239959503815 -478.64094262353814 -139.82290232843712 -6.09860659513428 3.244090610457984 -11.105152030805616 -0.07794289656625307
92.36418372071608 45.18824785569559 751.116069495586 8.543254020821067 -9.400967439922189 0.5655760328011786 0.02475368040646468
35.41255304295327 -430.4132982527599 -888.2809463544685 -9.002722977512574 7.40004113434648 -3.585662987494903 -0.06416657353819928
12.903100385882635 111.51122736667836 -280.80099390122166 -0.37778618656701113 13.813561863937355 5.485618894550836 -0.07582646831182893
51.13376960698474 49.74886481502756 185.33912263461585 -1.354514533617241 -18.011841736008595 4.834751923159282 0.03275982117192455
62.20731364764853 -17.38393238629753 323.969005610393 -0.5815983558184925 -14.322361299623436 -0.7685271002257598 -0.039964460911389055
22.44628984846244 -598.6197608017716 517.895385316685 8.28401082488708 -6.007893907225181 -6.944344583156285 -0.06680741186785599
52.53129344385893 78.40348123025602 93.7864519021941 -8.120074395351214 -17.927285052313955 14.986829425793257 0.07687053239004096
40.803551074098856 -97.90756809730618 122.58429408901883 -8.407960457001675 -16.116358200832753 -12.87206856110584 0.08299899225999291
94.91244725925293 896.3354315715086 423.0340594253815 2.8910036098425262 -3.502436040836337 7.421051450275463 0.06376057512354824
64.12234196629112 -452.5867899019067 247.14193229807964 -6.227142839149121 -5.452472383841418 -9.985019338018502 -0.09398174671812709
68.95572414212012 115.3334471780601 -192.1907726208237 -3.263925880511353 14.796330559213 8.879259840153273 0.08635530924931192
42.679591261189515 95.0145569214561 119.5345232651905 -9.00740036942669 -16.366353707275874 13.009144165545766 0.027901226220782754
16.486584764354962 131.82048266536358 38.90702266984353 -8.888917298377164 -6.238067390158418 21.135131856468384 -0.011085110813033289
35.31949725154883 -92.6478946175188 -379.540906033963 3.008836562473956 12.69758121348902 -3.0995451279748156 0.031962094975288624
10.084302584036278 -61.90140808934688 -393.23206320900084 -7.2584384465796825 12.791026111129556 -2.0135248400781953 -0.07534437177403384
60.550521964421655 158.69757894620213 -332.1358901765835 8.31315283519585 12.149717790117077 5.805246753508242 0.02059034419364622
34.610720833614955 -170.0988778546252 -18.79313086373696 -2.685507458657545 2.1686923490073418 -19.629094143641105 0.0736156455195521
85.53594523054207 105.04721253150002 251.22788509359265 -3.1004837439851034 -14.443941641165292 6.039519883737505 -0.08598701362446742
19.600251526042925 793.1957720627844 -449.5892759818187 3.358436858518356 4.218949904463725 7.4433564267236765 0.07433388777734792
29.891116744716665 703.056408749797 616.0175158473274 9.897526244020437 -5.568645947134646 6.355456006484563 -0.04191529723108263
36.347499924028334 -474.8346318598707 -496.6833513464857 -7.850377418857146 7.12383740113364 -6.810465260465597 -0.002829205851232003
24.145770148066994 -543.4845662749472 -63.3144862408581 5.607967499467165 1.2780101225971738 -10.97029792727737 -0.08410151456679267
30.42701835820621 198.98222131786105 -455.068597501157 7.6892519017102465 10.621295416332602 4.644242575339872 -0.03354224615407678
41.77649480331375 -122.58885617697383 73.89066995540377 -5.433137641359302 -11.147308937435607 -18.49402438652069 0.09353880305789875
84.99269055648121 -192.63911852787854 481.53699331730985 -1.573558487730617 -10.532541894991638 -4.213548729727894 -0.07488511755024017
64.5465717990794 187.1015718774148 -215.75282926273317 4.974375170378572 11.549582862583202 10.015836712325457 0.06811997713534498
66.34675744475338 -260.8269649762823 -835.0321794005174 -4.461312517419433 8.337354512001212 -2.6042192468052825 0.03911508272163211
12.161419150148117 224.84970436627302 -561.3809399530433 -3.9456336159062744 9.752400005898686 3.906125238899948 -0.09832915451053242
26.931558327006734 421.7185166554341 776.477292256691 -5.324824202793346 -7.637337761057341 4.147972882025877 0.08451510890367092
89.74492457620889 260.98833987544083 949.4115846463948 -9.436843421035219 -7.938664445331472 2.182297844182005 -0.04840588280067737
99.28206859736103 244.40110414573152 438.40321002599325 3.9050425350041333 -10.072043912511917 5.614964938500918 -0.055845168500283565
36.90619662790782 21.74979871037391 -213.040580761791 -9.099718237419003 17.562823191190258 1.7930286700700953 0.04730639856057006
3.045796107719453 7.1145348897720035 222.60910733715917 6.142858489040496 -17.30210198599501 0.5529711237704021 0.0789460117505732
84.65892540683983 152.80977383390456 -386.2938517623977 5.827321451441778 11.786627912480723 4.662543650004549 -0.0009682620228619043
23.518533551978557 110.74987766945624 701.5576884155937 9.184027448414778 -9.575324006394293 1.5115876853242742 -0.06385672244972729
53.3326758797612 -301.1227022365496 -181.05700606469802 2.952356382316186 7.102032739773671 -11.811657203747771 -0.06463049045408234
48.35140932489793 -70.15399914568648 -156.33422286823046 -6.998846792769264 18.00603112559948 -8.080093206893158 0.015763828562463056
35.48403427970832 -84.11085948283126 -250.44888056908874 -8.854378331177015 15.06724176132279 -5.0601889363640655 0.03156150011391051
49.41582266478747 196.07230837531426 -445.86481212071607 3.5454504653008474 10.715573640121258 4.7122517903821475 -0.08787212573531805
35.44400434827073 -276.34228731200824 -595.0568520762038 -3.746777566851918 9.147732340451034 -4.248174388477661 0.009585871426499443
58.51536128771242 316.7192104497229 -883.5026267029473 -9.187721786442424 7.938166523643755 2.84568461688591 -0.007255193272606195
65.05022289806895 -347.42271688187816 657.4348985708579 -9.963084855744528 -8.376392361045912 -4.4265204023536135 -0.0275445867690024
95.9358163319866 412.6945371352363 514.8658262494857 2.3584551230412067 -7.847438431223705 6.290172712884275 0.01690269557634734
36.25727786941436 407.9249085884765 640.3330783056246 3.406504957182424 -7.907684427763145 5.037599269238729 -0.08868188210794242
39.151141013375096 256.70729650961584 -21.306048476562847 -2.7245281128838954 1.3314117744756448 16.04160046583404 -0.032740985035262904
2.795626386651894 -331.8396938823664 66.68705690881121 8.403845715633842 -2.766662385292191 -13.767115262960623 -0.05289959793505803
97.58795679260162 894.9430175050953 160.73923034278553 3.344605747506355 -1.51457265871362 8.43264100822988 0.035889485441785024
13.821276237467192 191.06088096288983 762.3346945381062 8.949915363285818 -8.938965445465499 2.240336987341586 0.0016623554376347521
49.01337597336362 899.107455788408 -364.6842796374414 -4.66396421336748 3.1174042279275445 7.685775177428828 -0.07308659369231424
78.96312234554983 958.5455047520918 -276.7317716805989 -1.8920248089489924 2.2686470982877847 7.8581561659010974 -0.03780505686322453
98.04190655527216 -168.35405328858477 -540.6818082673584 2.5043998778476517 10.365513215245047 -3.2275473994493673 -0.04613225541058963
1.0730667614652207 174.8357245571933 522.882397130417 8.100669090679183 -10.434702131475355 3.4890421205744904 0.01242458494612593
8.509884102190533 -358.2377572919945 793.6098674631678 1.0588672788781128 -7.979821455953641 -3.6021141610919356 -0.027014655023173573
49.96142998348087 -301.7758699243275 324.71430198874543 3.3604001025406927 -8.98812314144922 -8.353185133471051 -0.09270044468003596
18.21506514681779 -134.4658633407911 193.91596851081263 -1.007628007784895 -13.82024876271312 -9.583283397102488 -0.016121856104388294
20.090760859004597 -216.3164361546464 188.40889723142837 -2.232588047875039 -10.018233507110416 -11.502156218032868 0.011566168723341999
70.91506335398888 -541.1396833108695 -161.06895003772183 2.7936270168013433 3.10170955005388 -10.420742938011122 0.013910533353879442
96.07554327000118 -401.71546484990904 -193.95391112411244 6.452119787583911 5.318294013734739 -11.015199124130145 -0.00028748072973469596
53.17126406836423 38.68975029961599 451.8855686213292 -9.72200916629502 -12.08675254783894 1.0348492416694173 0.08869679395400065
81.30951721235957 23.574921977721306 202.49869850255033 8.22945157288968 -17.972425388554996 2.0923518492651714 0.022732256676644427
85.67409219839654 -13.521403563321599 104.93244603315006 3.0577014711799926 -24.910587218041204 -3.2099328235238733 -0.09571829390765321
19.510658933246035 -301.52241389372074 817.0057712735877 9.41942452104886 -8.212930465233553 -3.0310466658738484 0.02159365130105799
20.143737666104037 476.9661800552298 692.7855731673785 -2.96516011176797 -7.337202988027328 5.051487526637196 0.010505070419136175
38.523408244422065 -596.9597027513419 -598.9110304008711 -3.9063581839908768 6.292314872790757 -6.2718137175814395 0.04095678639643602
25.492152194166355 536.6320607218788 498.95067806213865 3.5251303537316314 -6.498674815432757 6.98946290986449 0.03616195468055328
66.0821817669198 -442.3138726403781 364.71240798707055 8.131084259672036 -6.864304341766895 -8.32485259590267 -0.0777132715487841
39.00384856094932 811.1819762750164 546.6397117950637 8.036898801828471 -4.616124925674019 6.850064602230071 -0.05678916468713777
25.406790790486863 -493.8214023496531 -711.0408856564837 -9.592058356149328 7.2118276761830336 -5.008649893977121 -0.05301262455223932
85.74278184465241 66.44104702764345 -99.56763236754487 0.6734804102991134 19.641696432661004 13.106818404276025 -0.036910998097373665
54.18103064430365 -139.02584160000478 -90.22594429010111 9.947603305033489 10.924543027654078 -16.833226855811393 -0.0349606302691933
54.584003587840954 -192.932455140242 838.5547531475607 -3.042536595640348 -8.582934460741797 -1.9747388129434527 0.03485362642185777
82.0767608257883 -196.12746284140994 -240.83186621657455 8.21111933337954 11.366747505956807 -9.256795556687031 0.06270962492537066
65.02987400942885 212.41453753581547 -1.8074334955009643 -7.499852020219082 0.150822193071588 17.72503744739954 0.07564099741351685
64.38473618678904 872.9868589147558 76.41776782757026 -9.879668455384067 -0.7610256797214208 8.69386055861446 0.0715825813826437
7.097624369054343 393.7586898433242 270.96093912860897 -0.916632990763306 -6.698749582594254 9.734579706261181 0.08266775274225543
28.26100485797527 -313.9912982149897 -376.5850304204709 -7.9199135114355705 8.960986555567537 -7.471544470921089 -0.024901974213021788
55.04722187052192 465.30611741127234 154.6254228941335 4.257550840717592 -3.679234234156588 11.071725234434204 -0.09659939111964143
87.58245987186393 142.57966005427755 -139.79255600866216 -4.757195951976858 12.799550842037036 13.05474096769502 0.008162806362868674
95.82790666384503 -254.40531631960368 -489.75029088395024 -7.308411343045684 9.758977010259878 -5.069390829293465 0.0368649212764558
76.020626118308 -113.46430986463638 6.325241603531481 3.5079140234429644 -1.3489020091649462 -24.197057620608607 0.005117654127114651
25.57631217967827 122.15594057398253 -49.16634046144524 6.768590190380198 8.40611144453303 20.885354501457783 0.0390067936720499
68.30217032962783 559.8417865792787 393.4563853007381 5.850287086380703 -5.67877299873708 8.08022068001541 -0.04504657883077248
53.49981591619392 521.063525294013 218.29168811221757 -5.47964119054692 -4.199864626948818 10.025101217553384 -0.04611548490421209
96.87186147584862 -353.0980064823773 -872.4009865680538 9.326748627130435 7.806050250914379 -3.1594425322031845 -0.0858772799273821
97.43880541612982 818.1976790749425 156.7658262488984 3.02877643636527 -1.6843171703549555 8.790847039727085 -0.023613496621126967
33.75196166094694 -213.2298730461029 121.28668416904056 9.0761806637015 -8.155314459449412 -14.337572823870872 -0.03340678880892892
86.24062287589062 -764.4561308227615 55.00697345649631 -8.648555558280968 -0.6697452642825594 -9.307744840301647 -0.013065226153549686
69.65558763186905 -130.5974657237845 -329.31226306372946 -8.33431908437451 12.75916028738418 -5.059981619856829 -0.0034462872887033036
91.50040711451152 -759.2998596990295 -331.69051702347826 4.84230833625891 3.5927704923144903 -8.224504442350723 -0.015044279900810725
68.00313657965988 -9.875203688285724 364.688533713731 -9.850414081513998 -13.520820974249887 -0.3661230030839772 0.010602626272648921
11.256584566875352 131.3006676912345 679.4042765325233 7.810526658915553 -9.642621040430154 1.8635187098964596 0.09771272010928453
2.648230647721501 -363.29698041283723 16.333966762919086 4.675817532034344 -0.6084768897330476 -13.533627189253892 0.004675101478145954
70.95942417789553 -210.19301171652899 -744.7467424222299 3.377111157888846 8.937878733032859 -2.5225751819243065 0.07739730643286735
46.80723528630164 -153.45297802769355 -142.9455535915704 1.3019230650806115 12.15969979751074 -13.05351652407607 -0.015201371762049207
66.40145095663912 661.3035782163564 -663.3887264633983 2.621318610957804 5.9781955685218415 5.959405041169002 -0.02330824825919213
53.87323637644018 756.6097212035626 -180.4463644179668 9.087204125992969 2.1489393164993023 9.010480107949585 0.07657116527976512
8.626044624160814 429.11313844663124 -149.5555223303413 3.976701555030031 3.988480582468292 11.443973406719142 -0.03658514971370792
74.34952435354455 123.72009123056331 -56.07801032655184 -8.463631127564437 9.15110188778178 20.189289060430145 0.016622249169599382
37.14741751868711 -322.9870833287304 541.9320076865124 -3.302545246701185 -8.835403602724517 -5.265828921710267 0.06995383211602713
87.42961564611161 139.66024937331207 229.5062024788334 -9.13957495364074 -13.46459468813092 8.1935417498286 -0.07966289606156314
39.2268293660785 -166.93519515065722 231.56428963727222 -1.9589749044415363 -12.403626759633763 -8.941801246378775 0.07068619478654778
86.0887450777995 -94.36048800230546 -600.2966170451512 -1.2501369935744062 10.353081202918768 -1.6273984675169868 0.09412424983199494
36.168503259786355 834.4562439666017 -149.03247059994192 7.747269356160324 1.5600949662800803 8.735217101029427 0.09039266486986366
35.93363656773808 356.28818777144534 -294.6761705263028 -7.510402897044752 7.65737133106172 9.258403724211144 -0.06639405486191688
5.965680162365668 -761.1823407646987 -508.33898406655663 -7.369957366572777 4.742400845909015 -7.101229474583986 -0.08429071358457213
17.507575516673867 93.12438952573719 -109.15220438815491 7.002182442889364 16.40781570333651 13.998506300343946 0.03492543954594218
71.72445526340135 156.60761065228408 -807.0608000430877 -8.85663609869001 8.845252896248763 1.7163935128837364 0.006879452107842993
77.08267629765828 -375.80248417434564 -686.9046199626058 -5.097144423790558 8.09970423134108 -4.4313124162436734 0.08982001664138056
53.134727583935884 190.64123277629636 -221.7815148862434 -6.423256976948699 11.456054954391055 9.84751339794179 0.07559155329672737
57.86983754174696 282.8908451043173 655.5897676860667 -8.610112212205927 -8.877058286788552 3.8305029220535656 -0.06112459568446036
56.02438472712989 -283.36739279428787 -332.0075375108456 0.22528321018447706 9.405566838522274 -8.0276218207769 0.007737091702563467
70.95583457857748 -127.62259010689782 -2.8678561826199207 -6.9249674463558435 0.5136939646333792 -22.859916995175766 0.07795730154873395
89.8095949922241 0.4207120826543502 -135.39977036053426 -9.347752582703448 22.2019312375745 0.06898549905245044 -0.03571046910780666
68.40760993480865 -71.20544483613723 653.7071695357756 6.124391317373316 -10.015424837520529 -1.0909361469677408 0.056006783730055604
91.61784118104373 -268.0824035453871 -220.31646790840873 -7.4866297092679 8.805613324047028 -10.714723266093701 -0.024208199103842046
18.465463368881686 385.55678592327246 357.20724297768544 6.327129358900336 -7.658525550519912 8.266339930722452 -0.04955685294363452
68.78495747522574 4.728847414836098 -135.17172293463298 -3.2944576672715637 22.20043772695489 0.7766600903955952 -0.033324836554713216
6.4989237221325675 -687.9136187946903 -515.3903420684702 -6.621580245290001 5.283490037989585 -7.0521010101043995 0.05179347762010153
47.55873798985025 81.47921738000935 -415.6955310942917 -2.530632963085475 12.317875203735351 2.4143892736660733 0.028842609135722286
12.917728939544741 49.67015911035939 -413.9678275205845 -1.8987170506262352 12.562143481957293 1.5072757447194525 -0.08185205159231634
35.54363617578268 930.5567302842867 -61.8287556104198 -8.01091361599462 0.5608468825025547 8.441053616866887 0.05453726368309786
4.86734991133612 -302.2998418448705 -822.3024149922647 4.723259900233504 8.192141351374072 -3.011645095210503 0.09360692662774292
50.27864314814365 -222.72755244052894 -650.4428370363852 -4.6472059479522425 9.321465614986137 -3.191898047557827 0.06796756963855133
32.17157031315687 -772.6020065168963 84.20370262005423 3.936885002957432 -1.0040471845951524 -9.212526828613653 -0.07466680303345169
42.755218276508955 572.671103771291 -59.95948238739824 -7.365220934010148 1.121118665482894 10.707768614020297 -0.016079646016508714
42.56907043417417 416.983044028865 -45.823746461728426 -7.774453129728185 1.3778623297207369 12.538154840296862 0.03266832542036763
62.11520289962534 -307.81685655486524 49.695233683344384 5.267226431159539 -2.3318364901118254 -14.443610084617017 -0.06746195050638881
10.706751821986277 -148.6087969317812 451.7517190516949 -5.527853417634332 -11.253426903321534 -3.7019410506570347 -0.033576314933790194
44.57718488290339 -171.11932063978918 73.58931531652196 0.7760846747609111 -7.478193791558344 -17.389255977176468 -0.08951954752102986
52.705908195034176 792.3381410064865 -8.195568027750529 -1.5852227995797783 0.0949251367717521 9.177253626575105 0.09574650715486452
38.38697218629387 -125.41769373425093 223.09782519356196 1.3136924092973281 -14.076869904468783 -7.913517565147952 0.08302007323949315
90.39498821153572 355.7510779421572 -113.99875556756565 -7.318256235252425 4.078918067514876 12.728906487896888 0.013214228189593683
85.92118107945332 -341.89769675010956 4.048676776640684 8.501476233888525 -0.1654344811927587 -13.970408408295942 -0.0635013657055872
23.321066093229263 595.4815776243487 -486.44978810111814 -5.6381148772905965 5.894169131229618 7.2152752841157675 -0.08246289903333276
81.15958032080505 -104.78299752037296 -3.098257647358202 -1.5866028281980267 0.7457607395435152 -25.22160989064614 -0.06235762356694546
61.780550171589525 187.393566571991 -149.68802004063124 -5.649016421560981 10.41141114882066 13.033985403075722 0.01459481039885073
46.131198232804415 -339.97374126724674 -314.8927386408452 4.65653838313272 8.155140185663873 -8.804691818064638 -0.022655881766070654
15.810239916233249 -453.7731812825921 266.0898489319182 7.8365097613530885 -5.697809541527808 -9.716692208964764 -0.07774628083545128
8.465433289073687 -231.59008804872826 -655.2834626255706 -9.887574236322315 9.239558750307674 -3.265442127810617 -0.049130974226166774
58.301432632841866 189.40753476179594 60.33678926606631 3.1035767545008746 -5.561698589303683 17.45912620976372 -0.07667352815297945
77.62759104655967 -877.9505191655309 203.46848045428501 -6.825160386547466 -1.942916576504926 -8.383532492252867 0.09862257163953816
9.307548881911046 110.85378009409838 775.3240424196523 8.556612595670678 -9.138392870679976 1.3065832326550295 -0.04663560179332778
19.28661839196327 264.0041081656797 -72.68535908303228 3.5439301733216944 4.144145023535657 15.052155273773307 -0.05990365236788811
6.912137895365062 678.2296491546161 -423.07462199080254 9.879237382341206 4.836158408625524 7.752830943401615 0.07196269594174817
34.5657877362309 -141.25078836649536 1.4014334594815976 9.056448157563821 -0.21565372371418595 -21.735786513950526 0.03430021576649461
93.31519804093656 -182.48736404929898 108.49119766174773 -7.0341551737941455 -9.060817895645307 -15.240727446499752 0.03739037852704585
46.47923736135262 277.41156838390447 -73.75972460800384 -4.020491101696351 3.918193946422052 14.736393522154147 0.07144380016667681
25.972363604162595 37.3934290647683 277.88946440304096 -0.1789387519326553 -15.29050237110952 2.057524264214237 0.012676228552169364
13.49086791555752 278.79687869373396 172.0310984320429 -7.887744260313667 -7.495352238742789 12.147110771934427 -0.0012390445400565636
65.04821206951411 679.5940253397569 602.8463108339009 -9.260114611307216 -5.6880283126251845 6.4121650705241 0.08618518866349534
48.24121628215292 -128.47538725844976 62.26535551528965 -1.247884815978317 -9.429743064727273 -19.45688548571811 -0.09286106005201736
57.68139294121303 -782.4332702551193 24.18491435179832 -4.987364712598856 -0.2852761076055952 -9.22928708998715 0.026808128229809658
33.803414826598086 113.51690588695526 -133.1978209910388 2.591000450792013 14.863246797984958 12.667097519973392 -0.06163176344523261
97.05984877614581 519.8071582493909 618.3006436742745 -6.808592340803021 -6.957762266674995 5.849411073103253 -0.07136571502555011
25.395584692348883 263.40413510426214 42.456817689999845 9.84121516006584 -2.5168773144441974 15.614827682453988 0.06367265875872744
16.87536538606517 -544.3242038523175 337.3763660163265 -3.6722947397853662 -5.378249394793811 -8.677286303447467 -0.03687521432717647
66.36278890141052 249.92098959536685 -183.0220394193399 -1.1481607311209192 8.672550313195147 11.84257569998592 -0.0738823928353673
36.274123233079756 -75.13979975719445 -870.7741455742503 4.899538682176534 8.7063021090091 -0.7512737951873436 -0.046339244635152245
1.246642842516576 -210.092052444452 843.6705418464751 1.1640896360303383 -8.501967690754263 -2.1171722294080286 0.010060524585429859
23.312910627715553 -213.76104200857793 -930.7295962208594 6.906658912740731 8.147936355333721 -1.8713398312547138 -0.08444231132331184
89.4623219367632 177.8319340410515 -3.0033367779538866 4.796071605317838 0.32711418542219184 19.368906168932043 0.0867119814643025
57.20191150369179 -348.6658205457046 285.3900154817324 -7.893559969819826 -7.708946564326024 -9.418150718611145 0.04092469466438092
65.3924795669486 -214.4644759774436 27.63878888881954 4.215431331741247 -2.24555428225981 -17.424483553205487 -0.05659041010090531
95.45442040819728 648.6126296427531 -273.29868725651744 -8.13432421081666 3.781199933816914 8.973822951355967 0.020175961018656707
74.89408679410214 622.8860412177397 345.6948840033227 -7.819227452919217 -4.697036456985296 8.463296911616569 0.06924627362219962
96.2829074909308 61.216907799280165 -431.1889274902787 -9.725136249407488 12.25657346881097 1.7400946085106062 -0.09755795227976041
59.61596576924366 534.9952141390837 261.2619034478059 -2.635370659299441 -4.646086536895127 9.513955264478483 0.044507943214051826
59.39550864843089 28.340536404505784 118.55040642147037 -9.027790292509577 -22.758787924077517 5.440692083261655 -0.01427719462796588
71.41114090433487 640.5775155564264 -134.92986885946857 -9.01872681696199 2.081196861630793 9.880450683575473 0.0902369456770675
30.202650753380688 29.436566043191284 -378.7119060420607 -2.4292344435537583 13.215585481356214 1.0272226687749721 0.003924889337032972
16.226593890325812 -782.8927458387436 503.37113992401095 -6.120018027762462 -4.579716571082788 -7.122829652171668 -0.07229339985604864
76.2521481062304 682.3816055480745 372.2680726016634 9.848571266520455 -4.4376998427696925 8.134473425256319 0.0025153382184347206
6.784086624697266 421.2692967920121 489.3922723429242 -5.4468985309319855 -7.705118423959576 6.632572689840425 0.029252312707047062
53.10023434397909 353.4527187237763 -74.39910117720606 9.614835353487553 2.7999637382502356 13.301972469470343 -0.09270716140947091
55.41890974040759 -903.4198163271158 65.23036426164539 5.024926311995454 -0.6181936609373935 -8.561785756377128 -0.00847685937001219
3.001839565089837 -225.26764747246716 -7.744975598932773 4.312505205406069 0.5912754991568427 -17.197632065041557 -0.046486351196670196
78.35914809146176 669.9118947985701 -731.6621608116014 6.085038418510141 6.049649851604949 5.539076109199138 0.020465280892960888
62.20189604271184 97.15715521136877 -652.1879596286946 -8.660076285438345 9.95100608192027 1.4824122833559057 0.06655910084277938
81.05838465219071 99.89796570732138 227.47235449631 8.610167717565258 -15.007030335373196 6.590567038932911 0.06317225558518266
55.81191726502758 -323.64477661111357 -14.266438948799824 -2.1278189980109126 0.6320963002835691 -14.339574622383054 0.09840005177494679
51.107340464440966 275.9733680287357 19.357373974139826 2.414525934571367 -1.0868007975298568 15.494254379303454 0.02241490003293041
35.758390518229064 222.12995768693588 98.09432840674651 -5.063703689291326 -6.697386573551503 15.165914486180743 0.040301458578686
98.71686873172258 527.3237505231658 163.23018225446478 2.015037457048871 -3.251498524565624 10.504138224397444 0.08745521035153142
51.546529089019565 77.2917800984381 318.310855272661 7.6761188574422725 -13.871301434247355 3.36820929093548 -0.036167471890625705
89.88984293136255 172.86155340567623 572.2203605275772 5.000297998783637 -10.115227953384403 3.055700456835247 0.08739949520575035
46.705631344085035 -389.5322852376985 153.07347248034242 9.774771861688535 -4.618636496831704 -11.753231962018315 -0.014861101578974759
38.096837256887994 -10.349998556134226 -597.5771153963204 -5.425939406628744 10.565941161093345 -0.18300144524274178 -0.005801043115787663
91.15393553293433 300.9619634953145 -3.1547646944608365 -8.28500878582336 0.15608696235190245 14.890568145360914 0.04317282542285622
9.26924622820109 220.20575675008615 801.5469574832805 2.5438537737455054 -8.64048923250347 2.373766692482375 0.09419751357379355
39.70965563593603 -103.79693622101415 614.5023999575086 3.81626532648324 -10.204175716883539 -1.723609502821503 0.08933819788738503
45.43437008245454 -449.1683250768678 474.7588747801706 0.07308878782436423 -7.340777124003109 -6.945093058192539 0.003919057172120044
52.5381317872732 -135.8572220953066 1.9285460446555476 -0.3790552730151262 -0.31458872238524144 -22.161332390383258 -0.023884298987898414
76.84057804915605 435.83720721896503 481.72493674123604 -9.974179451658001 -7.5163609743273785 6.800374084142866 0.07592448788727474
98.10287908121806 100.36682976458293 -398.5366600251527 9.803099293852714 12.357747500523624 3.1121552019341854 -0.07986471323791443
62.5606667892343 232.01602010400927 -74.9487456112486 -5.199665689473257 5.0858107518277205 15.743953551427413 0.06452576519968803
42.98537834903106 -361.5228835034637 -544.4590717222483 -6.709741947450714 8.41869217523052 -5.5900434552223395 0.07075997339127268
84.17241857269086 163.94928372020985 -354.3471201065746 6.048226163824538 11.866015058086008 5.49016644696114 -0.06292853249033344
14.92593783515726 500.03818322805637 192.28434275653794 -9.988848292973776 -4.006105326057385 10.417934192376478 -0.044078600045029864
92.49409670416766 33.76119315343112 129.20110981219702 -7.143989741060148 -21.629947112893273 5.652063077773589 -0.0488180538763531
94.99912875757097 -269.0150963348658 -518.8472925164151 -9.878558871923014 9.487047340194469 -4.918901940834746 -0.028076186981677936
2.76658820324603 5.493754715337527 -124.13334339388247 -5.853123881864817 23.153746773676264 1.0247126359273082 0.050491842826531796
18.69004879425405 588.1748569129 411.8096379642752 3.196832951619765 -5.529738439948206 7.897952878811573 -0.018076820403009577
13.018030825930994 -347.59047467064397 -314.9899137444603 -0.43708486568912086 8.009890198099225 -8.838891070892307 -0.09979438068690401
88.36792295105654 -628.6508543509774 599.5626789703257 -7.901583354813191 -6.04945829246201 -6.34295171682137 -0.06697860514384013
41.8709756288939 -183.9082070311494 -16.5013087002115 -1.8524952971437258 1.6990564104665085 -18.9360991767684 0.03637785464611182
9.19385940101212 -244.94281948815504 44.95139139806298 3.4843180466010004 -2.9550151998949463 -16.102054512239462 -0.07070067164483569
67.74924279529921 575.4381471868243 551.1194542921501 -0.13785852824965872 -6.330518036832665 6.609858428108927 0.02602838030599136
3.388334543401522 326.9659139613262 -283.9898829528636 1.8943856402806052 8.140589164337038 9.372499994103359 -0.07332424469830678
9.268274562241174 -328.2604296956013 -164.53955218700992 4.036326083719896 6.041401281182951 -12.052743271542939 0.02454600448842441
53.120993481219266 498.1735393656686 -740.0726910330586 3.19240011373736 7.175294331575626 4.829987400510332 -0.005536237046325998
90.49256954789082 -1.2895897806221701 996.007870892347 0.5728967629282025 -8.185984737444889 -0.010598874336485025 0.0025773058501488144
43.59408922391865 -24.476357518022155 121.45786700086573 -1.415201729091855 -22.752219493374625 -4.585058773050747 -0.0336557900573671
33.85985190156624 -612.7531292242656 433.3124995704469 -3.5337322979988066 -5.444926086058041 -7.69974441294527 0.09571931990288607
68.07305428816785 148.20667660419824 20.36613832967842 2.093034438987578 -2.875520777967903 20.92548774393357 -0.022869087898763157
46.14467683061216 -26.221325193675032 -110.9477010905706 4.674111512981611 23.54724359944988 -5.565143989164948 -0.03731081609041602
63.829031899778016 275.0059013589648 -780.6749606391264 9.124843114918225 8.469667580169066 2.983583033313006 -0.02679558667763382
10.659625277590209 -708.8566931281787 -330.1750348415932 -5.264290751664769 3.90079639285985 -8.374665979623703 -0.0345983125504276
92.15674353321369 -183.62682963779415 968.4340239097039 -7.5079828128108055 -8.084680833432024 -1.5329534830707081 -0.04801467185090789
85.17699469141708 -637.3916576282184 185.81503987780835 7.415871765395703 -2.8061182497920263 -9.625681343727141 -0.05444975512056867
76.35400855889876 427.6637293473272 182.94159754116708 1.641267012859176 -4.7111478946854755 11.01328022291166 -0.07736817468644519
35.99922745564974 309.2141143924812 -204.65185604891994 7.0001210090304085 7.404599819773925 11.187813391513114 0.06442601996142866
30.432013609054547 -30.660530995201324 196.56757163086533 3.617973751257953 -18.09743903748713 -2.8228312836089033 -0.014698739732141947
36.15439819818285 618.5882427670239 667.1040092737226 -7.488052580911296 -6.280582028166223 5.8238207930832315 -0.017700511873384922
33.6533136243813 -858.7896053706495 145.337863262872 3.2331441980475706 -1.460675277222254 -8.631011332755817 0.08400760846753391
97.05749069424493 -106.17079340179579 56.68779089852749 1.0766362493768789 -11.091411359975766 -20.773149303740226 0.059250506431272776
93.23831066473974 25.80247540326557 370.86360121495073 6.996396543529151 -13.366659752084852 0.9299723897064005 -0.0020525207048668753
41.2225522671619 868.0789717240572 -111.28630654835496 -3.274015771158611 1.1104425267127636 8.661908519074029 -0.08258706026686653
6.525832117194078 51.7838198227635 129.9796217777393 8.719449934055081 -20.289938766550495 8.083502005403584 -0.038516238165892204
84.45321866747646 293.68414079919006 170.38266870598147 -7.431416492489131 -7.035760166614921 12.12735541175926 -0.037593111896937086
11.366630966740063 94.90220407454251 -175.95316605417838 -3.451555952337369 16.081715804341684 8.673843781034863 0.006905693630141624
85.92771500972991 559.7357891636601 -380.4235182214384 -6.45995342399692 5.582162484596243 8.213309571824404 0.024184279717433976
10.005936359323169 294.15522603718046 -343.54294489130126 -6.678107472656398 9.227536945314776 7.900986634361911 0.043167691033991595
90.55591628700451 -119.44676774947352 -230.26651909667535 3.802376328365204 14.238682060679219 -7.38606965455753 0.03224426608818931
2.4679091612991395 65.48369322008277 267.67445200500566 9.660992161490206 -15.117034067394204 3.6982207821920565 0.01724889700709882
8.486882697982669 2.4098748746755976 -381.3059444769629 -6.047271161651484 13.229793450650602 0.08361303382669101 -0.04164792681055962
58.95723252443459 -297.47718019180184 -870.8752163017542 -1.7053511769161176 8.058949211446022 -2.7528094058187498 0.045668661951542205
52.794646274769356 -16.847594965039143 -922.145110817016 -7.221684526531275 8.505395687095927 -0.15539361416407 0.0068082087463653684
73.27624715304978 -7.517242993969595 -201.07473661882912 -7.928164698368175 18.19990737565375 -0.680409326955285 -0.04880174826674247
99.76497314356091 23.693960911562684 189.86494594306788 3.4947332260819053 -18.533052339891167 2.312809326293437 0.056309835764076055
32.923345635119446 -297.7839400232225 -220.67022927894803 -4.140076861205124 7.989621441683723 -10.781612725797682 -0.009813751438865176
52.32821837611877 -19.51233490013682 141.0730600033773 -6.123886055922039 -21.444129092640832 -2.9660165341799343 -0.028727838637311653
78.11371430882646 -54.93773669398388 570.0451195309286 0.5376333396993829 -10.745754336306492 -1.0356152558450444 -0.0899028842559055
82.62252501094208 -420.68662334782033 -90.55332847607465 4.090049692260864 2.6206966305610866 -12.17505789001501 0.03374978346425825
77.78776494725535 -32.692201798949974 896.9590902539627 -9.324313191384269 -8.617556300640766 -0.31409112484114887 -0.006104587165675218
68.70278294407606 336.2554647959078 -42.244717160152675 3.361158840037417 1.7493243590927356 13.924104952947104 -0.021270953754846
56.03300797693527 963.4816707554224 -223.77192960170075 1.083308798214805 1.858364303493389 8.001450169326505 -0.006484545549243562
80.43505702802192 -418.69324157883756 210.09880862029942 -8.00211535568809 -5.353420807998143 -10.668509385444358 -0.017806949629205704
6.783749307100381 411.79208583818786 -268.1417532871783 2.5037557723934096 6.359401552250576 9.766294125328576 -0.03993756450980011
62.11479475008545 4.383834713913562 290.6585942066349 -8.456524407148411 -15.15085671935319 0.2285115697787095 -0.08925831297117306
72.530548197051 105.06054013748624 496.9212401757851 -8.03366309189949 -11.215418769492262 2.371196597219586 0.0448560937205173
65.22776482024202 370.70843024086605 315.2686300975736 5.040607224615384 -7.5870185587189685 8.92119123694785 -0.01272785908029031
74.33763780950501 -12.493874909462422 -238.3730895246682 8.889309206958444 16.69862366187801 -0.8752267951374725 0.0582312860208378
42.01545228225676 -520.0043740619711 -121.29096033811824 -7.3802842814237435 2.5395984402749603 -10.887887222778561 0.08662820415071704
18.96009356887144 -127.0769632777371 -84.48253332862208 5.865144987418029 11.578456705377306 -17.41608661093045 -0.048700933453358825
28.76441665136762 37.94545510236666 396.96573941602577 6.797024533595856 -12.878452617755572 1.2310350669402683 -0.08645272257612797
90.33120994963804 -627.1875471151706 731.1697408796538 -2.9357267477458233 -6.317851635318056 -5.419367964305434 -0.05601273163765217
81.51893484964481 -7.145738562046059 -150.06020408170897 6.3212186203356815 21.053889175189315 -1.002568193751593 0.06744216993698884
85.60467706940719 -625.2483647634423 -22.187495110732925 -2.5457306357994884 0.36628774130804664 -10.322067008590121 -0.05264486131261825
19.193233011910106 -447.1502488174412 794.581105909056 2.6149168975994037 -7.456272800895862 -4.196014998817385 0.04143087421080155
