N,procs,time,px,py
1000,1,0.000702,1,1
1000,2,0.000405,1,2
1000,3,0.000226,1,3
1000,4,0.000168,2,2
1000,6,0.000140,2,3
