N,procs,px,py,itmax,time
1000,1,1,1,500,0.261200
1000,2,1,2,500,0.140547
1000,3,1,3,500,0.097286
1000,4,2,2,500,0.078564
1000,6,2,3,500,0.053069
