N,procs,time
512,1,0.065869
512,4,0.017670
