N,procs,time
1000,1,0.000675
1000,2,0.000354
1000,4,0.000219
1000,6,0.000326
