N,procs,time
1000,1,0.000728
1000,2,0.000364
1000,4,0.000197
1000,6,0.000182
