pi_est,points,procs,time
 3.142324400000,10000000,1,0.118977
 3.142162400000,10000000,2,0.078528
 3.141278000000,10000000,4,0.030053
 3.140887656355,9999996,6,0.022104
